Category,URL,Path,Identifier,Name_Title,PPM,Notes
Static & Core Pages,https://waterhardness.uk/,/,home,Homepage (UK Water Hardness Checker),N/A,Main search engine and aggregate index
Static & Core Pages,https://waterhardness.uk/about,/about,about,About & WSZ Methodology,N/A,Drinking Water Inspectorate methodology and data verification
Static & Core Pages,https://waterhardness.uk/contact,/contact,contact,Contact Us,N/A,Editorial contact and data corrections
Static & Core Pages,https://waterhardness.uk/privacy,/privacy,privacy,Privacy Policy,N/A,UK GDPR compliance & cookie policy
Static & Core Pages,https://waterhardness.uk/terms,/terms,terms,Terms of Service,N/A,Terms of use and disclaimer
Static & Core Pages,https://waterhardness.uk/outcodes,/outcodes,outcodes,All Outcodes Directory,N/A,Complete directory of UK postcode districts
Static & Core Pages,https://waterhardness.uk/cities,/cities,cities,UK Cities Water Directory,N/A,Index of 30 major UK metropolitan hubs
Static & Core Pages,https://waterhardness.uk/suppliers,/suppliers,suppliers,Water Suppliers Directory,N/A,Directory of UK regulated water undertakers
Static & Core Pages,https://waterhardness.uk/guides,/guides,guides,Editorial Guides & Blog,N/A,Complete library of water science and appliance articles
Static & Core Pages,https://waterhardness.uk/compare,/compare,compare,Compare Areas Tool,N/A,Side-by-side water hardness comparison tool
Tools & Calculators,https://waterhardness.uk/tools/dishwasher-salt-calculator,/tools/dishwasher-salt-calculator,dishwasher-salt-calculator,Dishwasher Salt Setting Calculator,N/A,"Official dial calibration for Bosch, Beko, Miele, Samsung & Hotpoint"
Guides & Articles,https://waterhardness.uk/guides/does-bristol-have-hard-water,/guides/does-bristol-have-hard-water,does-bristol-have-hard-water,Bristol Water Hardness: Is Tap Water Hard or Soft? (260 PPM),220 – 290 PPM (mg/L CaCO3),"Regional Hardness • Target: BS1, BS3, BS5, BS8, BS16"
Guides & Articles,https://waterhardness.uk/guides/thames-water-hardness,/guides/thames-water-hardness,thames-water-hardness,Is Thames Water Hard? (Yes - 260-320 PPM),260 – 320+ PPM (mg/L CaCO3),"Regional Hardness • Target: SW1A, EC1A, W1A, SE1, E1"
Guides & Articles,https://waterhardness.uk/guides/does-scotland-have-hard-water,/guides/does-scotland-have-hard-water,does-scotland-have-hard-water,Is Scottish Water Hard or Soft? (Naturally Soft),20 – 60 PPM (mg/L CaCO3),"Regional Hardness • Target: EH1, G1, AB10, DD1, FK1"
Guides & Articles,https://waterhardness.uk/guides/does-birmingham-have-hard-water,/guides/does-birmingham-have-hard-water,does-birmingham-have-hard-water,Birmingham Water Hardness: Is Tap Water Hard or Soft? (40 PPM),40 – 80 PPM (mg/L CaCO3),"Regional Hardness • Target: B1, B2, B15, B29, B73"
Guides & Articles,https://waterhardness.uk/guides/manchester-water-hardness,/guides/manchester-water-hardness,manchester-water-hardness,Is Manchester Water Hard or Soft? (Soft - 35 PPM),30 – 60 PPM (mg/L CaCO3),"Regional Hardness • Target: M1, M2, M4, M14, M20"
Guides & Articles,https://waterhardness.uk/guides/yorkshire-water-hardness,/guides/yorkshire-water-hardness,yorkshire-water-hardness,Yorkshire Water: Is Water Hard or Soft? (Leeds vs Hull PPM),60 – 350+ PPM (Countywide Variance),"Regional Hardness • Target: LS1, S1, BD1, HU1, YO1"
Guides & Articles,https://waterhardness.uk/guides/water-hardness-in-norfolk-and-suffolk,/guides/water-hardness-in-norfolk-and-suffolk,water-hardness-in-norfolk-and-suffolk,Is Norfolk Water Hard? (Very Hard - 300-360 PPM),300 – 360+ PPM (mg/L CaCO3),"Regional Hardness • Target: NR1, IP1, PE1, NR14, IP33"
Guides & Articles,https://waterhardness.uk/guides/wessex-water-hardness-guide,/guides/wessex-water-hardness-guide,wessex-water-hardness-guide,Is Wessex Water Hard? (Hard - 250-310 PPM Guide),250 – 310 PPM (mg/L CaCO3),"Regional Hardness • Target: BA1, BA2, BS31, DT1, BH1"
Guides & Articles,https://waterhardness.uk/guides/welsh-water-hardness-cardiff-swansea,/guides/welsh-water-hardness-cardiff-swansea,welsh-water-hardness-cardiff-swansea,Is Cardiff Water Hard or Soft? Welsh Water PPM Guide (72 PPM),30 – 90 PPM (mg/L CaCO3),"Regional Hardness • Target: CF10, CF14, SA1, SA4, NP20"
Guides & Articles,https://waterhardness.uk/guides/bosch-dishwasher-salt-settings-uk,/guides/bosch-dishwasher-salt-settings-uk,bosch-dishwasher-salt-settings-uk,Bosch Dishwasher Salt Settings: UK PPM Hardness Guide,0 – 400+ PPM (mg/L),"Appliance Care • Target: SW1A, BS1, M1, B1, SO14"
Guides & Articles,https://waterhardness.uk/guides/how-to-prevent-combi-boiler-limescale,/guides/how-to-prevent-combi-boiler-limescale,how-to-prevent-combi-boiler-limescale,How to Prevent Boiler Limescale: UK BS 7593 Guide,>200 PPM Mandatory Protection,"Plumbing & Heating • Target: SW1A, BS1, SO14, ME1, TN1"
Guides & Articles,https://waterhardness.uk/guides/best-kettle-descaling-methods-citric-acid-vs-vinegar,/guides/best-kettle-descaling-methods-citric-acid-vs-vinegar,best-kettle-descaling-methods-citric-acid-vs-vinegar,Best Way to Descale a Kettle: Citric Acid vs Vinegar,Applies to >150 PPM Areas,"Appliance Care • Target: SW1A, BS1, SE1, OX1, CB1"
Guides & Articles,https://waterhardness.uk/guides/washing-machine-hard-water-detergent-dosage,/guides/washing-machine-hard-water-detergent-dosage,washing-machine-hard-water-detergent-dosage,Washing Machine Detergent Dosage for Hard Water (UK),>180 PPM Hard Water,"Appliance Care • Target: SW1A, E1, BS8, OX2, RG1"
Guides & Articles,https://waterhardness.uk/guides/water-softener-vs-water-conditioner-uk,/guides/water-softener-vs-water-conditioner-uk,water-softener-vs-water-conditioner-uk,Water Softener vs Conditioner: UK Differences & Cost,180 – 400+ PPM Hard Water,"Plumbing & Heating • Target: SW1A, BS1, CB1, NN1, AL1"
Guides & Articles,https://waterhardness.uk/guides/best-shower-filters-for-hard-water-uk,/guides/best-shower-filters-for-hard-water-uk,best-shower-filters-for-hard-water-uk,Do Shower Filters Remove Hard Water? (Truth Revealed),0 PPM Reduction (Filters Chlorine Only),"Health & Water Science • Target: SW1A, BS1, SE1, CB1, OX1"
Guides & Articles,https://waterhardness.uk/guides/does-boiling-water-remove-limescale,/guides/does-boiling-water-remove-limescale,does-boiling-water-remove-limescale,Does Boiling Water Remove Limescale? (Science Facts),Precipitates Temporary Hardness Only,"Health & Water Science • Target: SW1A, BS1, EH1, M1, B1"
Guides & Articles,https://waterhardness.uk/guides/affinity-water-hardness-guide,/guides/affinity-water-hardness-guide,affinity-water-hardness-guide,Is Affinity Water Hard? (Yes - 280-340 PPM Guide),280 – 340 PPM (mg/L CaCO3),"Regional Hardness • Target: GU21, GU22, AL1, AL3, WD17, LU1, HP1, SG1, CM20"
Guides & Articles,https://waterhardness.uk/guides/london-water-hardness-by-postcode,/guides/london-water-hardness-by-postcode,london-water-hardness-by-postcode,London Water Hardness by Postcode: Full PPM Directory,260 – 320 PPM (mg/L CaCO3),"Regional Hardness • Target: SW1A, EC1A, E20, E1, N1, W1A, SE1, NW1"
Guides & Articles,https://waterhardness.uk/guides/severn-trent-water-hardness-guide,/guides/severn-trent-water-hardness-guide,severn-trent-water-hardness-guide,Is Severn Trent Water Hard? (Midlands PPM Guide),40 – 320 PPM (Varies dramatically by catchment),"Regional Hardness • Target: B1, CV1, NG1, LE1, DE1, ST1, WR1"
Guides & Articles,https://waterhardness.uk/guides/beko-dishwasher-salt-settings-uk,/guides/beko-dishwasher-salt-settings-uk,beko-dishwasher-salt-settings-uk,Beko Dishwasher Salt Settings: UK Water Hardness Guide,N/A,Appliance Care • Target: General
Guides & Articles,https://waterhardness.uk/guides/does-surrey-have-hard-water,/guides/does-surrey-have-hard-water,does-surrey-have-hard-water,Does Surrey Have Hard Water? (Yes - 280-330 PPM),270 – 330 PPM (mg/L CaCO3),"Regional Hardness • Target: GU21, GU22, GU1, KT22, KT18, RH1, SM7"
Guides & Articles,https://waterhardness.uk/guides/does-bournemouth-have-hard-water,/guides/does-bournemouth-have-hard-water,does-bournemouth-have-hard-water,Is Bournemouth Water Hard? (Yes - 270 PPM Dorset Guide),240 – 300 PPM (mg/L CaCO3),"Regional Hardness • Target: BH4, BH16, BH1, BH8, BH15, BH12, BH23"
Guides & Articles,https://waterhardness.uk/guides/does-leeds-have-hard-water,/guides/does-leeds-have-hard-water,does-leeds-have-hard-water,Is Leeds Water Hard? (Moderately Soft - 120 PPM),80 – 190 PPM (mg/L CaCO3),"Regional Hardness • Target: LS11, LS1, LS6, LS8, LS12, LS16, LS28"
Guides & Articles,https://waterhardness.uk/guides/water-conditioner-vs-water-softener,/guides/water-conditioner-vs-water-softener,water-conditioner-vs-water-softener,Water Conditioner vs Water Softener: Real UK Differences,180 – 320 PPM (mg/L CaCO3),"Plumbing & Heating • Target: KT22, GU21, SW1A, RG1, BS1"
Guides & Articles,https://waterhardness.uk/guides/south-west-water-hardness-exeter-plymouth,/guides/south-west-water-hardness-exeter-plymouth,south-west-water-hardness-exeter-plymouth,"South West Water Hardness by Postcode: Exeter, Plymouth & Devon (PPM)",30 – 210 PPM (mg/L CaCO3),"Regional Hardness • Target: PL1, EX1, EX4, TQ1, EX14"
Guides & Articles,https://waterhardness.uk/guides/does-belfast-have-hard-water,/guides/does-belfast-have-hard-water,does-belfast-have-hard-water,Does Belfast Have Hard Water? (Naturally Soft - 68 PPM),45 – 92 PPM (mg/L CaCO3),"Regional Hardness • Target: BT1, BT2, BT7, BT9, BT15, BT36"
Guides & Articles,https://waterhardness.uk/guides/indesit-dishwasher-salt-settings-uk,/guides/indesit-dishwasher-salt-settings-uk,indesit-dishwasher-salt-settings-uk,Indesit Dishwasher Salt Settings: UK Water Hardness Chart,0 – 400+ PPM,Appliance Care • Target: General
Guides & Articles,https://waterhardness.uk/guides/anglian-water-hardness-guide,/guides/anglian-water-hardness-guide,anglian-water-hardness-guide,"Anglian Water Hardness Guide: Postcodes, PPM & Maps",280 – 390+ PPM (mg/L CaCO3),"Regional Hardness • Target: CB1, PE1, NN1, MK9, IP1, NR1, LE15"
Guides & Articles,https://waterhardness.uk/guides/does-leicester-have-hard-water,/guides/does-leicester-have-hard-water,does-leicester-have-hard-water,Does Leicester Have Hard Water? (Yes - 245 PPM Guide),215 – 280 PPM (mg/L CaCO3),"Regional Hardness • Target: LE1, LE2, LE3, LE4, LE5, LE18, LE19"
Guides & Articles,https://waterhardness.uk/guides/does-brighton-have-hard-water,/guides/does-brighton-have-hard-water,does-brighton-have-hard-water,Does Brighton Have Hard Water? (Yes - 285 PPM Guide),260 – 310 PPM (mg/L CaCO3),"Regional Hardness • Target: BN1, BN2, BN3, BN41, BN42, BN7"
Guides & Articles,https://waterhardness.uk/guides/uk-water-hardness-ppm-scale-chart,/guides/uk-water-hardness-ppm-scale-chart,uk-water-hardness-ppm-scale-chart,UK Water Hardness PPM Scale: Hardness Chart & 280 PPM Guide,0 – 400+ PPM (Official UK Scale),"Health & Water Science • Target: SW1A, BS1, BN1, CF10, BT1, LE1"
Guides & Articles,https://waterhardness.uk/guides/does-sheffield-have-hard-or-soft-water,/guides/does-sheffield-have-hard-or-soft-water,does-sheffield-have-hard-or-soft-water,Does Sheffield Have Hard or Soft Water? (Soft - 46 PPM Guide),36 - 68 PPM (mg/L CaCO3),"Regional Hardness • Target: S1, S2, S3, S8, S10, S11, S20"
Guides & Articles,https://waterhardness.uk/guides/uk-business-water-suppliers-guide,/guides/uk-business-water-suppliers-guide,uk-business-water-suppliers-guide,UK Business Water Suppliers Guide: Compare & Switch Retailers,Varies by Region (20 - 320 PPM),"Plumbing & Heating • Target: AL1, AL2, AL3, EC1, WC1, E1, W1, SW1"
Guides & Articles,https://waterhardness.uk/guides/does-norwich-have-hard-water,/guides/does-norwich-have-hard-water,does-norwich-have-hard-water,Does Norwich Have Hard Water? (Yes - 320 PPM Guide),290 - 350 PPM (mg/L CaCO3),"Regional Hardness • Target: NR1, NR2, NR3, NR4, NR5, NR6, NR7, NR8"
Guides & Articles,https://waterhardness.uk/guides/does-stoke-on-trent-have-hard-water,/guides/does-stoke-on-trent-have-hard-water,does-stoke-on-trent-have-hard-water,Does Stoke-on-Trent Have Hard Water? (Moderate - 180 PPM Guide),140 - 210 PPM (mg/L CaCO3),"Regional Hardness • Target: ST1, ST2, ST3, ST4, ST5, ST6, ST10"
Guides & Articles,https://waterhardness.uk/guides/does-reading-have-hard-water,/guides/does-reading-have-hard-water,does-reading-have-hard-water,Does Reading Have Hard Water? (Very Hard - 295 PPM Guide),265 – 320 PPM (mg/L CaCO3),"Regional Hardness • Target: RG1, RG2, RG4, RG6, RG30"
Guides & Articles,https://waterhardness.uk/guides/southern-water-hardness-guide-hampshire,/guides/southern-water-hardness-guide-hampshire,southern-water-hardness-guide-hampshire,Hampshire Water Hardness: Southampton & Portsmouth Guide (295 PPM),260 – 320 PPM (mg/L CaCO3),"Regional Hardness • Target: SO14, SO15, SO16, PO1, PO2, PO4, PO5"
Guides & Articles,https://waterhardness.uk/guides/does-oxford-have-hard-water,/guides/does-oxford-have-hard-water,does-oxford-have-hard-water,Does Oxford Have Hard Water? (Very Hard - 290 PPM Guide),260 – 320 PPM (mg/L CaCO3),"Regional Hardness • Target: OX1, OX2, OX3, OX4"
City Hubs,https://waterhardness.uk/cities/london,/cities/london,london,London Water Hardness Hub,278,Hard Water • Supplier: Thames Water & Affinity Water
City Hubs,https://waterhardness.uk/cities/birmingham,/cities/birmingham,birmingham,Birmingham Water Hardness Hub,48,Soft Water • Supplier: Severn Trent Water
City Hubs,https://waterhardness.uk/cities/manchester,/cities/manchester,manchester,Manchester Water Hardness Hub,35,Soft Water • Supplier: United Utilities
City Hubs,https://waterhardness.uk/cities/glasgow,/cities/glasgow,glasgow,Glasgow Water Hardness Hub,22,Soft Water • Supplier: Scottish Water
City Hubs,https://waterhardness.uk/cities/liverpool,/cities/liverpool,liverpool,Liverpool Water Hardness Hub,42,Soft Water • Supplier: United Utilities
City Hubs,https://waterhardness.uk/cities/bristol,/cities/bristol,bristol,Bristol Water Hardness Hub,285,Hard Water • Supplier: Bristol Water
City Hubs,https://waterhardness.uk/cities/edinburgh,/cities/edinburgh,edinburgh,Edinburgh Water Hardness Hub,38,Soft Water • Supplier: Scottish Water
City Hubs,https://waterhardness.uk/cities/leeds,/cities/leeds,leeds,Leeds Water Hardness Hub,75,Soft Water • Supplier: Yorkshire Water
City Hubs,https://waterhardness.uk/cities/sheffield,/cities/sheffield,sheffield,Sheffield Water Hardness Hub,46,Soft Water • Supplier: Yorkshire Water
City Hubs,https://waterhardness.uk/cities/newcastle,/cities/newcastle,newcastle,Newcastle upon Tyne Water Hardness Hub,125,Moderately Hard • Supplier: Northumbrian Water
City Hubs,https://waterhardness.uk/cities/nottingham,/cities/nottingham,nottingham,Nottingham Water Hardness Hub,265,Hard Water • Supplier: Severn Trent Water
City Hubs,https://waterhardness.uk/cities/cardiff,/cities/cardiff,cardiff,Cardiff Water Hardness Hub,72,Soft Water • Supplier: Dŵr Cymru Welsh Water
City Hubs,https://waterhardness.uk/cities/belfast,/cities/belfast,belfast,Belfast Water Hardness Hub,68,Soft Water • Supplier: Northern Ireland Water
City Hubs,https://waterhardness.uk/cities/southampton,/cities/southampton,southampton,Southampton Water Hardness Hub,295,Hard Water • Supplier: Southern Water
City Hubs,https://waterhardness.uk/cities/leicester,/cities/leicester,leicester,Leicester Water Hardness Hub,245,Hard Water • Supplier: Severn Trent Water
City Hubs,https://waterhardness.uk/cities/coventry,/cities/coventry,coventry,Coventry Water Hardness Hub,275,Hard Water • Supplier: Severn Trent Water
City Hubs,https://waterhardness.uk/cities/brighton,/cities/brighton,brighton,Brighton & Hove Water Hardness Hub,285,Hard Water • Supplier: Southern Water
City Hubs,https://waterhardness.uk/cities/plymouth,/cities/plymouth,plymouth,Plymouth Water Hardness Hub,34,Soft Water • Supplier: South West Water
City Hubs,https://waterhardness.uk/cities/stoke-on-trent,/cities/stoke-on-trent,stoke-on-trent,Stoke-on-Trent Water Hardness Hub,165,Moderately Hard • Supplier: Severn Trent Water
City Hubs,https://waterhardness.uk/cities/wolverhampton,/cities/wolverhampton,wolverhampton,Wolverhampton Water Hardness Hub,155,Moderately Hard • Supplier: Severn Trent Water
City Hubs,https://waterhardness.uk/cities/derby,/cities/derby,derby,Derby Water Hardness Hub,230,Hard Water • Supplier: Severn Trent Water
City Hubs,https://waterhardness.uk/cities/swansea,/cities/swansea,swansea,Swansea Water Hardness Hub,45,Soft Water • Supplier: Dŵr Cymru Welsh Water
City Hubs,https://waterhardness.uk/cities/aberdeen,/cities/aberdeen,aberdeen,Aberdeen Water Hardness Hub,28,Soft Water • Supplier: Scottish Water
City Hubs,https://waterhardness.uk/cities/portsmouth,/cities/portsmouth,portsmouth,Portsmouth Water Hardness Hub,290,Hard Water • Supplier: Portsmouth Water
City Hubs,https://waterhardness.uk/cities/york,/cities/york,york,York Water Hardness Hub,240,Hard Water • Supplier: Yorkshire Water
City Hubs,https://waterhardness.uk/cities/reading,/cities/reading,reading,Reading Water Hardness Hub,295,Hard Water • Supplier: Thames Water
City Hubs,https://waterhardness.uk/cities/norwich,/cities/norwich,norwich,Norwich Water Hardness Hub,325,Very Hard Water • Supplier: Anglian Water
City Hubs,https://waterhardness.uk/cities/cambridge,/cities/cambridge,cambridge,Cambridge Water Hardness Hub,315,Very Hard Water • Supplier: Cambridge Water
City Hubs,https://waterhardness.uk/cities/oxford,/cities/oxford,oxford,Oxford Water Hardness Hub,290,Hard Water • Supplier: Thames Water
City Hubs,https://waterhardness.uk/cities/exeter,/cities/exeter,exeter,Exeter Water Hardness Hub,48,Soft Water • Supplier: South West Water
Water Suppliers,https://waterhardness.uk/suppliers/thames-water,/suppliers/thames-water,thames-water,Thames Water Regional Profile,260 – 320 PPM (mg/L CaCO3),"Greater London, Thames Valley, Surrey & Gloucestershire • Hard Water"
Water Suppliers,https://waterhardness.uk/suppliers/severn-trent-water,/suppliers/severn-trent-water,severn-trent-water,Severn Trent Water Regional Profile,40 – 300 PPM (Varies dramatically by region),"West Midlands, East Midlands, Gloucestershire & Mid-Wales • Moderately Hard"
Water Suppliers,https://waterhardness.uk/suppliers/anglian-water,/suppliers/anglian-water,anglian-water,Anglian Water Regional Profile,290 – 360+ PPM (mg/L CaCO3),"East Anglia, Bedfordshire, Northamptonshire & Lincolnshire • Very Hard Water"
Water Suppliers,https://waterhardness.uk/suppliers/united-utilities,/suppliers/united-utilities,united-utilities,United Utilities Regional Profile,25 – 65 PPM (mg/L CaCO3),"North West England (Greater Manchester, Merseyside, Cheshire, Cumbria, Lancashire) • Soft Water"
Water Suppliers,https://waterhardness.uk/suppliers/yorkshire-water,/suppliers/yorkshire-water,yorkshire-water,Yorkshire Water Regional Profile,60 – 340 PPM (Split along Magnesian Limestone ridge),"North, South, West, and East Yorkshire • Moderately Soft"
Water Suppliers,https://waterhardness.uk/suppliers/scottish-water,/suppliers/scottish-water,scottish-water,Scottish Water Regional Profile,15 – 45 PPM (mg/L CaCO3),Scotland (All 32 Council Areas) • Soft Water
Water Suppliers,https://waterhardness.uk/suppliers/welsh-water,/suppliers/welsh-water,welsh-water,Dŵr Cymru Welsh Water Regional Profile,25 – 80 PPM (mg/L CaCO3),Wales and Herefordshire • Soft Water
Water Suppliers,https://waterhardness.uk/suppliers/south-west-water,/suppliers/south-west-water,south-west-water,South West Water Regional Profile,30 – 190 PPM (Split between granite moors and East Devon),"Devon, Cornwall, and small parts of Dorset & Somerset (Pennon Group) • Soft Water"
Water Suppliers,https://waterhardness.uk/suppliers/southern-water,/suppliers/southern-water,southern-water,Southern Water Regional Profile,260 – 310 PPM (mg/L CaCO3),"Hampshire, West Sussex, East Sussex, and Kent • Hard Water"
Water Suppliers,https://waterhardness.uk/suppliers/wessex-water,/suppliers/wessex-water,wessex-water,Wessex Water Regional Profile,250 – 315 PPM (mg/L CaCO3),"Bath, Bristol, Somerset, Wiltshire, and Dorset • Very Hard Water"
Water Suppliers,https://waterhardness.uk/suppliers/affinity-water,/suppliers/affinity-water,affinity-water,Affinity Water Regional Profile,280 – 340 PPM (mg/L CaCO3),"Central (Herts, Bucks, N London), Southeast (Surrey), and Eastern (Essex) • Very Hard Water"
Water Suppliers,https://waterhardness.uk/suppliers/south-east-water,/suppliers/south-east-water,south-east-water,South East Water Regional Profile,260 – 310 PPM (mg/L CaCO3),"Kent, Sussex, Surrey, Hampshire, and Berkshire • Hard Water"
Compare Pairs,https://waterhardness.uk/compare/sw1a-1-vs-m1-1,/compare/sw1a-1-vs-m1-1,sw1a-1-vs-m1-1,Compare SW1A 1 VS M1 1,Comparison,High-intent whitelisted comparison page
Compare Pairs,https://waterhardness.uk/compare/sw1a-1-vs-b1-1,/compare/sw1a-1-vs-b1-1,sw1a-1-vs-b1-1,Compare SW1A 1 VS B1 1,Comparison,High-intent whitelisted comparison page
Compare Pairs,https://waterhardness.uk/compare/sw1a-1-vs-eh1-1,/compare/sw1a-1-vs-eh1-1,sw1a-1-vs-eh1-1,Compare SW1A 1 VS EH1 1,Comparison,High-intent whitelisted comparison page
Compare Pairs,https://waterhardness.uk/compare/b1-1-vs-m1-1,/compare/b1-1-vs-m1-1,b1-1-vs-m1-1,Compare B1 1 VS M1 1,Comparison,High-intent whitelisted comparison page
Compare Pairs,https://waterhardness.uk/compare/ab10-1-vs-sw1a-1,/compare/ab10-1-vs-sw1a-1,ab10-1-vs-sw1a-1,Compare AB10 1 VS SW1A 1,Comparison,High-intent whitelisted comparison page
Compare Pairs,https://waterhardness.uk/compare/ls1-1-vs-sw1a-1,/compare/ls1-1-vs-sw1a-1,ls1-1-vs-sw1a-1,Compare LS1 1 VS SW1A 1,Comparison,High-intent whitelisted comparison page
Compare Pairs,https://waterhardness.uk/compare/bs1-1-vs-m1-1,/compare/bs1-1-vs-m1-1,bs1-1-vs-m1-1,Compare BS1 1 VS M1 1,Comparison,High-intent whitelisted comparison page
Outcode Regional Hubs,https://waterhardness.uk/water-hardness/ab10,/water-hardness/ab10,AB10,Water Hardness in Outcode AB10,25,Supplier: Scottish Water • Sectors: 3
Outcode Regional Hubs,https://waterhardness.uk/water-hardness/ab11,/water-hardness/ab11,AB11,Water Hardness in Outcode AB11,25,Supplier: Scottish Water • Sectors: 5
Outcode Regional Hubs,https://waterhardness.uk/water-hardness/ab12,/water-hardness/ab12,AB12,Water Hardness in Outcode AB12,25,Supplier: Scottish Water • Sectors: 4
Outcode Regional Hubs,https://waterhardness.uk/water-hardness/ab13,/water-hardness/ab13,AB13,Water Hardness in Outcode AB13,25,Supplier: Scottish Water • Sectors: 1
Outcode Regional Hubs,https://waterhardness.uk/water-hardness/ab14,/water-hardness/ab14,AB14,Water Hardness in Outcode AB14,25,Supplier: Scottish Water • Sectors: 1
Outcode Regional Hubs,https://waterhardness.uk/water-hardness/ab15,/water-hardness/ab15,AB15,Water Hardness in Outcode AB15,25,Supplier: Scottish Water • Sectors: 6
Outcode Regional Hubs,https://waterhardness.uk/water-hardness/ab16,/water-hardness/ab16,AB16,Water Hardness in Outcode AB16,25,Supplier: Scottish Water • Sectors: 4
Outcode Regional Hubs,https://waterhardness.uk/water-hardness/ab21,/water-hardness/ab21,AB21,Water Hardness in Outcode AB21,25,Supplier: Scottish Water • Sectors: 4
Outcode Regional Hubs,https://waterhardness.uk/water-hardness/ab22,/water-hardness/ab22,AB22,Water Hardness in Outcode AB22,25,Supplier: Scottish Water • Sectors: 2
Outcode Regional Hubs,https://waterhardness.uk/water-hardness/ab23,/water-hardness/ab23,AB23,Water Hardness in Outcode AB23,25,Supplier: Scottish Water • Sectors: 2
Outcode Regional Hubs,https://waterhardness.uk/water-hardness/ab24,/water-hardness/ab24,AB24,Water Hardness in Outcode AB24,25,Supplier: Scottish Water • Sectors: 5
Outcode Regional Hubs,https://waterhardness.uk/water-hardness/ab25,/water-hardness/ab25,AB25,Water Hardness in Outcode AB25,25,Supplier: Scottish Water • Sectors: 4
Outcode Regional Hubs,https://waterhardness.uk/water-hardness/ab30,/water-hardness/ab30,AB30,Water Hardness in Outcode AB30,25,Supplier: Scottish Water • Sectors: 1
Outcode Regional Hubs,https://waterhardness.uk/water-hardness/ab31,/water-hardness/ab31,AB31,Water Hardness in Outcode AB31,25,Supplier: Scottish Water • Sectors: 4
Outcode Regional Hubs,https://waterhardness.uk/water-hardness/ab32,/water-hardness/ab32,AB32,Water Hardness in Outcode AB32,25,Supplier: Scottish Water • Sectors: 3
Outcode Regional Hubs,https://waterhardness.uk/water-hardness/ab33,/water-hardness/ab33,AB33,Water Hardness in Outcode AB33,25,Supplier: Scottish Water • Sectors: 1
Outcode Regional Hubs,https://waterhardness.uk/water-hardness/ab34,/water-hardness/ab34,AB34,Water Hardness in Outcode AB34,25,Supplier: Scottish Water • Sectors: 2
Outcode Regional Hubs,https://waterhardness.uk/water-hardness/ab35,/water-hardness/ab35,AB35,Water Hardness in Outcode AB35,25,Supplier: Scottish Water • Sectors: 1
Outcode Regional Hubs,https://waterhardness.uk/water-hardness/ab36,/water-hardness/ab36,AB36,Water Hardness in Outcode AB36,25,Supplier: Scottish Water • Sectors: 1
Outcode Regional Hubs,https://waterhardness.uk/water-hardness/ab37,/water-hardness/ab37,AB37,Water Hardness in Outcode AB37,25,Supplier: Scottish Water • Sectors: 1
Outcode Regional Hubs,https://waterhardness.uk/water-hardness/ab38,/water-hardness/ab38,AB38,Water Hardness in Outcode AB38,25,Supplier: Scottish Water • Sectors: 2
Outcode Regional Hubs,https://waterhardness.uk/water-hardness/ab39,/water-hardness/ab39,AB39,Water Hardness in Outcode AB39,25,Supplier: Scottish Water • Sectors: 4
Outcode Regional Hubs,https://waterhardness.uk/water-hardness/ab41,/water-hardness/ab41,AB41,Water Hardness in Outcode AB41,25,Supplier: Scottish Water • Sectors: 5
Outcode Regional Hubs,https://waterhardness.uk/water-hardness/ab42,/water-hardness/ab42,AB42,Water Hardness in Outcode AB42,25,Supplier: Scottish Water • Sectors: 7
Outcode Regional Hubs,https://waterhardness.uk/water-hardness/ab43,/water-hardness/ab43,AB43,Water Hardness in Outcode AB43,25,Supplier: Scottish Water • Sectors: 5
Outcode Regional Hubs,https://waterhardness.uk/water-hardness/ab44,/water-hardness/ab44,AB44,Water Hardness in Outcode AB44,25,Supplier: Scottish Water • Sectors: 1
Outcode Regional Hubs,https://waterhardness.uk/water-hardness/ab45,/water-hardness/ab45,AB45,Water Hardness in Outcode AB45,25,Supplier: Scottish Water • Sectors: 3
Outcode Regional Hubs,https://waterhardness.uk/water-hardness/ab51,/water-hardness/ab51,AB51,Water Hardness in Outcode AB51,25,Supplier: Scottish Water • Sectors: 8
Outcode Regional Hubs,https://waterhardness.uk/water-hardness/ab52,/water-hardness/ab52,AB52,Water Hardness in Outcode AB52,25,Supplier: Scottish Water • Sectors: 1
Outcode Regional Hubs,https://waterhardness.uk/water-hardness/ab53,/water-hardness/ab53,AB53,Water Hardness in Outcode AB53,25,Supplier: Scottish Water • Sectors: 5
Outcode Regional Hubs,https://waterhardness.uk/water-hardness/ab54,/water-hardness/ab54,AB54,Water Hardness in Outcode AB54,25,Supplier: Scottish Water • Sectors: 5
Outcode Regional Hubs,https://waterhardness.uk/water-hardness/ab55,/water-hardness/ab55,AB55,Water Hardness in Outcode AB55,25,Supplier: Scottish Water • Sectors: 4
Outcode Regional Hubs,https://waterhardness.uk/water-hardness/ab56,/water-hardness/ab56,AB56,Water Hardness in Outcode AB56,25,Supplier: Scottish Water • Sectors: 4
Outcode Regional Hubs,https://waterhardness.uk/water-hardness/ab99,/water-hardness/ab99,AB99,Water Hardness in Outcode AB99,25,Supplier: Scottish Water • Sectors: 1
Outcode Regional Hubs,https://waterhardness.uk/water-hardness/al1,/water-hardness/al1,AL1,Water Hardness in Outcode AL1,290,Supplier: Affinity Water • Sectors: 6
Outcode Regional Hubs,https://waterhardness.uk/water-hardness/al10,/water-hardness/al10,AL10,Water Hardness in Outcode AL10,290,Supplier: Affinity Water • Sectors: 4
Outcode Regional Hubs,https://waterhardness.uk/water-hardness/al2,/water-hardness/al2,AL2,Water Hardness in Outcode AL2,290,Supplier: Affinity Water • Sectors: 3
Outcode Regional Hubs,https://waterhardness.uk/water-hardness/al3,/water-hardness/al3,AL3,Water Hardness in Outcode AL3,290,Supplier: Affinity Water • Sectors: 5
Outcode Regional Hubs,https://waterhardness.uk/water-hardness/al4,/water-hardness/al4,AL4,Water Hardness in Outcode AL4,290,Supplier: Affinity Water • Sectors: 3
Outcode Regional Hubs,https://waterhardness.uk/water-hardness/al5,/water-hardness/al5,AL5,Water Hardness in Outcode AL5,290,Supplier: Affinity Water • Sectors: 6
Outcode Regional Hubs,https://waterhardness.uk/water-hardness/al6,/water-hardness/al6,AL6,Water Hardness in Outcode AL6,290,Supplier: Affinity Water • Sectors: 2
Outcode Regional Hubs,https://waterhardness.uk/water-hardness/al7,/water-hardness/al7,AL7,Water Hardness in Outcode AL7,290,Supplier: Affinity Water • Sectors: 5
Outcode Regional Hubs,https://waterhardness.uk/water-hardness/al8,/water-hardness/al8,AL8,Water Hardness in Outcode AL8,290,Supplier: Affinity Water • Sectors: 2
Outcode Regional Hubs,https://waterhardness.uk/water-hardness/al9,/water-hardness/al9,AL9,Water Hardness in Outcode AL9,290,Supplier: Affinity Water • Sectors: 3
Outcode Regional Hubs,https://waterhardness.uk/water-hardness/b1,/water-hardness/b1,B1,Water Hardness in Outcode B1,160,Supplier: Severn Trent Water • Sectors: 3
Outcode Regional Hubs,https://waterhardness.uk/water-hardness/b10,/water-hardness/b10,B10,Water Hardness in Outcode B10,160,Supplier: Severn Trent Water • Sectors: 2
Outcode Regional Hubs,https://waterhardness.uk/water-hardness/b11,/water-hardness/b11,B11,Water Hardness in Outcode B11,160,Supplier: Severn Trent Water • Sectors: 4
Outcode Regional Hubs,https://waterhardness.uk/water-hardness/b12,/water-hardness/b12,B12,Water Hardness in Outcode B12,160,Supplier: Severn Trent Water • Sectors: 3
Outcode Regional Hubs,https://waterhardness.uk/water-hardness/b13,/water-hardness/b13,B13,Water Hardness in Outcode B13,160,Supplier: Severn Trent Water • Sectors: 4
Outcode Regional Hubs,https://waterhardness.uk/water-hardness/b14,/water-hardness/b14,B14,Water Hardness in Outcode B14,160,Supplier: Severn Trent Water • Sectors: 4
Outcode Regional Hubs,https://waterhardness.uk/water-hardness/b15,/water-hardness/b15,B15,Water Hardness in Outcode B15,160,Supplier: Severn Trent Water • Sectors: 3
Outcode Regional Hubs,https://waterhardness.uk/water-hardness/b16,/water-hardness/b16,B16,Water Hardness in Outcode B16,160,Supplier: Severn Trent Water • Sectors: 4
Outcode Regional Hubs,https://waterhardness.uk/water-hardness/b17,/water-hardness/b17,B17,Water Hardness in Outcode B17,160,Supplier: Severn Trent Water • Sectors: 3
Outcode Regional Hubs,https://waterhardness.uk/water-hardness/b18,/water-hardness/b18,B18,Water Hardness in Outcode B18,160,Supplier: Severn Trent Water • Sectors: 5
Outcode Regional Hubs,https://waterhardness.uk/water-hardness/b19,/water-hardness/b19,B19,Water Hardness in Outcode B19,160,Supplier: Severn Trent Water • Sectors: 3
Outcode Regional Hubs,https://waterhardness.uk/water-hardness/b2,/water-hardness/b2,B2,Water Hardness in Outcode B2,160,Supplier: Severn Trent Water • Sectors: 3
Outcode Regional Hubs,https://waterhardness.uk/water-hardness/b20,/water-hardness/b20,B20,Water Hardness in Outcode B20,160,Supplier: Severn Trent Water • Sectors: 3
Outcode Regional Hubs,https://waterhardness.uk/water-hardness/b21,/water-hardness/b21,B21,Water Hardness in Outcode B21,160,Supplier: Severn Trent Water • Sectors: 4
Outcode Regional Hubs,https://waterhardness.uk/water-hardness/b23,/water-hardness/b23,B23,Water Hardness in Outcode B23,160,Supplier: Severn Trent Water • Sectors: 4
Outcode Regional Hubs,https://waterhardness.uk/water-hardness/b24,/water-hardness/b24,B24,Water Hardness in Outcode B24,160,Supplier: Severn Trent Water • Sectors: 3
Outcode Regional Hubs,https://waterhardness.uk/water-hardness/b25,/water-hardness/b25,B25,Water Hardness in Outcode B25,160,Supplier: Severn Trent Water • Sectors: 2
Outcode Regional Hubs,https://waterhardness.uk/water-hardness/b26,/water-hardness/b26,B26,Water Hardness in Outcode B26,160,Supplier: Severn Trent Water • Sectors: 3
Outcode Regional Hubs,https://waterhardness.uk/water-hardness/b27,/water-hardness/b27,B27,Water Hardness in Outcode B27,160,Supplier: Severn Trent Water • Sectors: 2
Outcode Regional Hubs,https://waterhardness.uk/water-hardness/b28,/water-hardness/b28,B28,Water Hardness in Outcode B28,160,Supplier: Severn Trent Water • Sectors: 4
Outcode Regional Hubs,https://waterhardness.uk/water-hardness/b29,/water-hardness/b29,B29,Water Hardness in Outcode B29,160,Supplier: Severn Trent Water • Sectors: 5
Outcode Regional Hubs,https://waterhardness.uk/water-hardness/b3,/water-hardness/b3,B3,Water Hardness in Outcode B3,160,Supplier: Severn Trent Water • Sectors: 3
Outcode Regional Hubs,https://waterhardness.uk/water-hardness/b30,/water-hardness/b30,B30,Water Hardness in Outcode B30,160,Supplier: Severn Trent Water • Sectors: 4
Outcode Regional Hubs,https://waterhardness.uk/water-hardness/b31,/water-hardness/b31,B31,Water Hardness in Outcode B31,160,Supplier: Severn Trent Water • Sectors: 6
Outcode Regional Hubs,https://waterhardness.uk/water-hardness/b32,/water-hardness/b32,B32,Water Hardness in Outcode B32,160,Supplier: Severn Trent Water • Sectors: 5
Outcode Regional Hubs,https://waterhardness.uk/water-hardness/b33,/water-hardness/b33,B33,Water Hardness in Outcode B33,160,Supplier: Severn Trent Water • Sectors: 4
Outcode Regional Hubs,https://waterhardness.uk/water-hardness/b34,/water-hardness/b34,B34,Water Hardness in Outcode B34,160,Supplier: Severn Trent Water • Sectors: 2
Outcode Regional Hubs,https://waterhardness.uk/water-hardness/b35,/water-hardness/b35,B35,Water Hardness in Outcode B35,160,Supplier: Severn Trent Water • Sectors: 3
Outcode Regional Hubs,https://waterhardness.uk/water-hardness/b36,/water-hardness/b36,B36,Water Hardness in Outcode B36,160,Supplier: Severn Trent Water • Sectors: 3
Outcode Regional Hubs,https://waterhardness.uk/water-hardness/b37,/water-hardness/b37,B37,Water Hardness in Outcode B37,160,Supplier: Severn Trent Water • Sectors: 4
Outcode Regional Hubs,https://waterhardness.uk/water-hardness/b38,/water-hardness/b38,B38,Water Hardness in Outcode B38,160,Supplier: Severn Trent Water • Sectors: 3
Outcode Regional Hubs,https://waterhardness.uk/water-hardness/b4,/water-hardness/b4,B4,Water Hardness in Outcode B4,160,Supplier: Severn Trent Water • Sectors: 2
Outcode Regional Hubs,https://waterhardness.uk/water-hardness/b40,/water-hardness/b40,B40,Water Hardness in Outcode B40,160,Supplier: Severn Trent Water • Sectors: 1
Outcode Regional Hubs,https://waterhardness.uk/water-hardness/b42,/water-hardness/b42,B42,Water Hardness in Outcode B42,160,Supplier: Severn Trent Water • Sectors: 3
Outcode Regional Hubs,https://waterhardness.uk/water-hardness/b43,/water-hardness/b43,B43,Water Hardness in Outcode B43,160,Supplier: Severn Trent Water • Sectors: 1
Outcode Regional Hubs,https://waterhardness.uk/water-hardness/b43,/water-hardness/b43,B43,Water Hardness in Outcode B43,300,Supplier: South Staffordshire Water • Sectors: 2
Outcode Regional Hubs,https://waterhardness.uk/water-hardness/b44,/water-hardness/b44,B44,Water Hardness in Outcode B44,160,Supplier: Severn Trent Water • Sectors: 3
Outcode Regional Hubs,https://waterhardness.uk/water-hardness/b45,/water-hardness/b45,B45,Water Hardness in Outcode B45,160,Supplier: Severn Trent Water • Sectors: 4
Outcode Regional Hubs,https://waterhardness.uk/water-hardness/b46,/water-hardness/b46,B46,Water Hardness in Outcode B46,160,Supplier: Severn Trent Water • Sectors: 4
Outcode Regional Hubs,https://waterhardness.uk/water-hardness/b47,/water-hardness/b47,B47,Water Hardness in Outcode B47,160,Supplier: Severn Trent Water • Sectors: 2
Outcode Regional Hubs,https://waterhardness.uk/water-hardness/b48,/water-hardness/b48,B48,Water Hardness in Outcode B48,160,Supplier: Severn Trent Water • Sectors: 1
Outcode Regional Hubs,https://waterhardness.uk/water-hardness/b49,/water-hardness/b49,B49,Water Hardness in Outcode B49,160,Supplier: Severn Trent Water • Sectors: 3
Outcode Regional Hubs,https://waterhardness.uk/water-hardness/b5,/water-hardness/b5,B5,Water Hardness in Outcode B5,160,Supplier: Severn Trent Water • Sectors: 4
Outcode Regional Hubs,https://waterhardness.uk/water-hardness/b50,/water-hardness/b50,B50,Water Hardness in Outcode B50,160,Supplier: Severn Trent Water • Sectors: 1
Outcode Regional Hubs,https://waterhardness.uk/water-hardness/b6,/water-hardness/b6,B6,Water Hardness in Outcode B6,160,Supplier: Severn Trent Water • Sectors: 5
Outcode Regional Hubs,https://waterhardness.uk/water-hardness/b60,/water-hardness/b60,B60,Water Hardness in Outcode B60,160,Supplier: Severn Trent Water • Sectors: 5
Outcode Regional Hubs,https://waterhardness.uk/water-hardness/b61,/water-hardness/b61,B61,Water Hardness in Outcode B61,160,Supplier: Severn Trent Water • Sectors: 4
Outcode Regional Hubs,https://waterhardness.uk/water-hardness/b62,/water-hardness/b62,B62,Water Hardness in Outcode B62,300,Supplier: South Staffordshire Water • Sectors: 4
Outcode Regional Hubs,https://waterhardness.uk/water-hardness/b63,/water-hardness/b63,B63,Water Hardness in Outcode B63,300,Supplier: South Staffordshire Water • Sectors: 4
Outcode Regional Hubs,https://waterhardness.uk/water-hardness/b64,/water-hardness/b64,B64,Water Hardness in Outcode B64,300,Supplier: South Staffordshire Water • Sectors: 3
Outcode Regional Hubs,https://waterhardness.uk/water-hardness/b65,/water-hardness/b65,B65,Water Hardness in Outcode B65,300,Supplier: South Staffordshire Water • Sectors: 3
Outcode Regional Hubs,https://waterhardness.uk/water-hardness/b66,/water-hardness/b66,B66,Water Hardness in Outcode B66,300,Supplier: South Staffordshire Water • Sectors: 4
Outcode Regional Hubs,https://waterhardness.uk/water-hardness/b67,/water-hardness/b67,B67,Water Hardness in Outcode B67,300,Supplier: South Staffordshire Water • Sectors: 4
Outcode Regional Hubs,https://waterhardness.uk/water-hardness/b68,/water-hardness/b68,B68,Water Hardness in Outcode B68,300,Supplier: South Staffordshire Water • Sectors: 3
Outcode Regional Hubs,https://waterhardness.uk/water-hardness/b69,/water-hardness/b69,B69,Water Hardness in Outcode B69,300,Supplier: South Staffordshire Water • Sectors: 5
Outcode Regional Hubs,https://waterhardness.uk/water-hardness/b7,/water-hardness/b7,B7,Water Hardness in Outcode B7,160,Supplier: Severn Trent Water • Sectors: 2
Outcode Regional Hubs,https://waterhardness.uk/water-hardness/b70,/water-hardness/b70,B70,Water Hardness in Outcode B70,300,Supplier: South Staffordshire Water • Sectors: 6
Outcode Regional Hubs,https://waterhardness.uk/water-hardness/b71,/water-hardness/b71,B71,Water Hardness in Outcode B71,300,Supplier: South Staffordshire Water • Sectors: 4
Outcode Regional Hubs,https://waterhardness.uk/water-hardness/b72,/water-hardness/b72,B72,Water Hardness in Outcode B72,300,Supplier: South Staffordshire Water • Sectors: 1
Outcode Regional Hubs,https://waterhardness.uk/water-hardness/b73,/water-hardness/b73,B73,Water Hardness in Outcode B73,300,Supplier: South Staffordshire Water • Sectors: 3
Outcode Regional Hubs,https://waterhardness.uk/water-hardness/b74,/water-hardness/b74,B74,Water Hardness in Outcode B74,300,Supplier: South Staffordshire Water • Sectors: 3
Outcode Regional Hubs,https://waterhardness.uk/water-hardness/b75,/water-hardness/b75,B75,Water Hardness in Outcode B75,300,Supplier: South Staffordshire Water • Sectors: 3
Outcode Regional Hubs,https://waterhardness.uk/water-hardness/b76,/water-hardness/b76,B76,Water Hardness in Outcode B76,160,Supplier: Severn Trent Water • Sectors: 1
Outcode Regional Hubs,https://waterhardness.uk/water-hardness/b76,/water-hardness/b76,B76,Water Hardness in Outcode B76,300,Supplier: South Staffordshire Water • Sectors: 3
Outcode Regional Hubs,https://waterhardness.uk/water-hardness/b77,/water-hardness/b77,B77,Water Hardness in Outcode B77,300,Supplier: South Staffordshire Water • Sectors: 6
Outcode Regional Hubs,https://waterhardness.uk/water-hardness/b78,/water-hardness/b78,B78,Water Hardness in Outcode B78,160,Supplier: Severn Trent Water • Sectors: 2
Outcode Regional Hubs,https://waterhardness.uk/water-hardness/b78,/water-hardness/b78,B78,Water Hardness in Outcode B78,300,Supplier: South Staffordshire Water • Sectors: 1
Outcode Regional Hubs,https://waterhardness.uk/water-hardness/b79,/water-hardness/b79,B79,Water Hardness in Outcode B79,300,Supplier: South Staffordshire Water • Sectors: 4
Outcode Regional Hubs,https://waterhardness.uk/water-hardness/b8,/water-hardness/b8,B8,Water Hardness in Outcode B8,160,Supplier: Severn Trent Water • Sectors: 3
Outcode Regional Hubs,https://waterhardness.uk/water-hardness/b80,/water-hardness/b80,B80,Water Hardness in Outcode B80,160,Supplier: Severn Trent Water • Sectors: 1
Outcode Regional Hubs,https://waterhardness.uk/water-hardness/b9,/water-hardness/b9,B9,Water Hardness in Outcode B9,160,Supplier: Severn Trent Water • Sectors: 3
Outcode Regional Hubs,https://waterhardness.uk/water-hardness/b90,/water-hardness/b90,B90,Water Hardness in Outcode B90,160,Supplier: Severn Trent Water • Sectors: 6
Outcode Regional Hubs,https://waterhardness.uk/water-hardness/b91,/water-hardness/b91,B91,Water Hardness in Outcode B91,160,Supplier: Severn Trent Water • Sectors: 4
Outcode Regional Hubs,https://waterhardness.uk/water-hardness/b92,/water-hardness/b92,B92,Water Hardness in Outcode B92,160,Supplier: Severn Trent Water • Sectors: 4
Outcode Regional Hubs,https://waterhardness.uk/water-hardness/b93,/water-hardness/b93,B93,Water Hardness in Outcode B93,160,Supplier: Severn Trent Water • Sectors: 4
Outcode Regional Hubs,https://waterhardness.uk/water-hardness/b94,/water-hardness/b94,B94,Water Hardness in Outcode B94,160,Supplier: Severn Trent Water • Sectors: 2
Outcode Regional Hubs,https://waterhardness.uk/water-hardness/b95,/water-hardness/b95,B95,Water Hardness in Outcode B95,160,Supplier: Severn Trent Water • Sectors: 3
Outcode Regional Hubs,https://waterhardness.uk/water-hardness/b96,/water-hardness/b96,B96,Water Hardness in Outcode B96,160,Supplier: Severn Trent Water • Sectors: 1
Outcode Regional Hubs,https://waterhardness.uk/water-hardness/b97,/water-hardness/b97,B97,Water Hardness in Outcode B97,160,Supplier: Severn Trent Water • Sectors: 4
Outcode Regional Hubs,https://waterhardness.uk/water-hardness/b98,/water-hardness/b98,B98,Water Hardness in Outcode B98,160,Supplier: Severn Trent Water • Sectors: 4
Outcode Regional Hubs,https://waterhardness.uk/water-hardness/b99,/water-hardness/b99,B99,Water Hardness in Outcode B99,160,Supplier: Severn Trent Water • Sectors: 1
Outcode Regional Hubs,https://waterhardness.uk/water-hardness/ba1,/water-hardness/ba1,BA1,Water Hardness in Outcode BA1,290,Supplier: Wessex Water • Sectors: 10
Outcode Regional Hubs,https://waterhardness.uk/water-hardness/ba10,/water-hardness/ba10,BA10,Water Hardness in Outcode BA10,290,Supplier: Wessex Water • Sectors: 1
Outcode Regional Hubs,https://waterhardness.uk/water-hardness/ba11,/water-hardness/ba11,BA11,Water Hardness in Outcode BA11,265,Supplier: Bristol Water • Sectors: 7
Outcode Regional Hubs,https://waterhardness.uk/water-hardness/ba12,/water-hardness/ba12,BA12,Water Hardness in Outcode BA12,290,Supplier: Wessex Water • Sectors: 6
Outcode Regional Hubs,https://waterhardness.uk/water-hardness/ba13,/water-hardness/ba13,BA13,Water Hardness in Outcode BA13,290,Supplier: Wessex Water • Sectors: 4
Outcode Regional Hubs,https://waterhardness.uk/water-hardness/ba14,/water-hardness/ba14,BA14,Water Hardness in Outcode BA14,290,Supplier: Wessex Water • Sectors: 6
Outcode Regional Hubs,https://waterhardness.uk/water-hardness/ba15,/water-hardness/ba15,BA15,Water Hardness in Outcode BA15,290,Supplier: Wessex Water • Sectors: 3
Outcode Regional Hubs,https://waterhardness.uk/water-hardness/ba16,/water-hardness/ba16,BA16,Water Hardness in Outcode BA16,265,Supplier: Bristol Water • Sectors: 2
Outcode Regional Hubs,https://waterhardness.uk/water-hardness/ba2,/water-hardness/ba2,BA2,Water Hardness in Outcode BA2,265,Supplier: Bristol Water • Sectors: 3
Outcode Regional Hubs,https://waterhardness.uk/water-hardness/ba2,/water-hardness/ba2,BA2,Water Hardness in Outcode BA2,290,Supplier: Wessex Water • Sectors: 7
Outcode Regional Hubs,https://waterhardness.uk/water-hardness/ba20,/water-hardness/ba20,BA20,Water Hardness in Outcode BA20,290,Supplier: Wessex Water • Sectors: 3
Outcode Regional Hubs,https://waterhardness.uk/water-hardness/ba21,/water-hardness/ba21,BA21,Water Hardness in Outcode BA21,290,Supplier: Wessex Water • Sectors: 3
Outcode Regional Hubs,https://waterhardness.uk/water-hardness/ba22,/water-hardness/ba22,BA22,Water Hardness in Outcode BA22,290,Supplier: Wessex Water • Sectors: 3
Outcode Regional Hubs,https://waterhardness.uk/water-hardness/ba3,/water-hardness/ba3,BA3,Water Hardness in Outcode BA3,265,Supplier: Bristol Water • Sectors: 5
Outcode Regional Hubs,https://waterhardness.uk/water-hardness/ba4,/water-hardness/ba4,BA4,Water Hardness in Outcode BA4,265,Supplier: Bristol Water • Sectors: 4
Outcode Regional Hubs,https://waterhardness.uk/water-hardness/ba5,/water-hardness/ba5,BA5,Water Hardness in Outcode BA5,265,Supplier: Bristol Water • Sectors: 4
Outcode Regional Hubs,https://waterhardness.uk/water-hardness/ba6,/water-hardness/ba6,BA6,Water Hardness in Outcode BA6,265,Supplier: Bristol Water • Sectors: 3
Outcode Regional Hubs,https://waterhardness.uk/water-hardness/ba7,/water-hardness/ba7,BA7,Water Hardness in Outcode BA7,290,Supplier: Wessex Water • Sectors: 1
Outcode Regional Hubs,https://waterhardness.uk/water-hardness/ba8,/water-hardness/ba8,BA8,Water Hardness in Outcode BA8,290,Supplier: Wessex Water • Sectors: 1
Outcode Regional Hubs,https://waterhardness.uk/water-hardness/ba9,/water-hardness/ba9,BA9,Water Hardness in Outcode BA9,290,Supplier: Wessex Water • Sectors: 3
Outcode Regional Hubs,https://waterhardness.uk/water-hardness/bb1,/water-hardness/bb1,BB1,Water Hardness in Outcode BB1,45,Supplier: United Utilities • Sectors: 9
Outcode Regional Hubs,https://waterhardness.uk/water-hardness/bb10,/water-hardness/bb10,BB10,Water Hardness in Outcode BB10,45,Supplier: United Utilities • Sectors: 4
Outcode Regional Hubs,https://waterhardness.uk/water-hardness/bb11,/water-hardness/bb11,BB11,Water Hardness in Outcode BB11,45,Supplier: United Utilities • Sectors: 6
Outcode Regional Hubs,https://waterhardness.uk/water-hardness/bb12,/water-hardness/bb12,BB12,Water Hardness in Outcode BB12,45,Supplier: United Utilities • Sectors: 5
Outcode Regional Hubs,https://waterhardness.uk/water-hardness/bb18,/water-hardness/bb18,BB18,Water Hardness in Outcode BB18,110,Supplier: Yorkshire Water • Sectors: 3
Outcode Regional Hubs,https://waterhardness.uk/water-hardness/bb2,/water-hardness/bb2,BB2,Water Hardness in Outcode BB2,45,Supplier: United Utilities • Sectors: 8
Outcode Regional Hubs,https://waterhardness.uk/water-hardness/bb3,/water-hardness/bb3,BB3,Water Hardness in Outcode BB3,45,Supplier: United Utilities • Sectors: 5
Outcode Regional Hubs,https://waterhardness.uk/water-hardness/bb4,/water-hardness/bb4,BB4,Water Hardness in Outcode BB4,45,Supplier: United Utilities • Sectors: 7
Outcode Regional Hubs,https://waterhardness.uk/water-hardness/bb5,/water-hardness/bb5,BB5,Water Hardness in Outcode BB5,45,Supplier: United Utilities • Sectors: 8
Outcode Regional Hubs,https://waterhardness.uk/water-hardness/bb6,/water-hardness/bb6,BB6,Water Hardness in Outcode BB6,45,Supplier: United Utilities • Sectors: 2
Outcode Regional Hubs,https://waterhardness.uk/water-hardness/bb7,/water-hardness/bb7,BB7,Water Hardness in Outcode BB7,45,Supplier: United Utilities • Sectors: 6
Outcode Regional Hubs,https://waterhardness.uk/water-hardness/bb8,/water-hardness/bb8,BB8,Water Hardness in Outcode BB8,45,Supplier: United Utilities • Sectors: 4
Outcode Regional Hubs,https://waterhardness.uk/water-hardness/bb9,/water-hardness/bb9,BB9,Water Hardness in Outcode BB9,45,Supplier: United Utilities • Sectors: 7
Outcode Regional Hubs,https://waterhardness.uk/water-hardness/bd1,/water-hardness/bd1,BD1,Water Hardness in Outcode BD1,110,Supplier: Yorkshire Water • Sectors: 6
Outcode Regional Hubs,https://waterhardness.uk/water-hardness/bd10,/water-hardness/bd10,BD10,Water Hardness in Outcode BD10,110,Supplier: Yorkshire Water • Sectors: 3
Outcode Regional Hubs,https://waterhardness.uk/water-hardness/bd11,/water-hardness/bd11,BD11,Water Hardness in Outcode BD11,110,Supplier: Yorkshire Water • Sectors: 2
Outcode Regional Hubs,https://waterhardness.uk/water-hardness/bd12,/water-hardness/bd12,BD12,Water Hardness in Outcode BD12,110,Supplier: Yorkshire Water • Sectors: 4
Outcode Regional Hubs,https://waterhardness.uk/water-hardness/bd13,/water-hardness/bd13,BD13,Water Hardness in Outcode BD13,110,Supplier: Yorkshire Water • Sectors: 6
Outcode Regional Hubs,https://waterhardness.uk/water-hardness/bd14,/water-hardness/bd14,BD14,Water Hardness in Outcode BD14,110,Supplier: Yorkshire Water • Sectors: 1
Outcode Regional Hubs,https://waterhardness.uk/water-hardness/bd15,/water-hardness/bd15,BD15,Water Hardness in Outcode BD15,110,Supplier: Yorkshire Water • Sectors: 4
Outcode Regional Hubs,https://waterhardness.uk/water-hardness/bd16,/water-hardness/bd16,BD16,Water Hardness in Outcode BD16,110,Supplier: Yorkshire Water • Sectors: 5
Outcode Regional Hubs,https://waterhardness.uk/water-hardness/bd17,/water-hardness/bd17,BD17,Water Hardness in Outcode BD17,110,Supplier: Yorkshire Water • Sectors: 3
Outcode Regional Hubs,https://waterhardness.uk/water-hardness/bd18,/water-hardness/bd18,BD18,Water Hardness in Outcode BD18,110,Supplier: Yorkshire Water • Sectors: 5
Outcode Regional Hubs,https://waterhardness.uk/water-hardness/bd19,/water-hardness/bd19,BD19,Water Hardness in Outcode BD19,110,Supplier: Yorkshire Water • Sectors: 5
Outcode Regional Hubs,https://waterhardness.uk/water-hardness/bd2,/water-hardness/bd2,BD2,Water Hardness in Outcode BD2,110,Supplier: Yorkshire Water • Sectors: 4
Outcode Regional Hubs,https://waterhardness.uk/water-hardness/bd20,/water-hardness/bd20,BD20,Water Hardness in Outcode BD20,110,Supplier: Yorkshire Water • Sectors: 6
Outcode Regional Hubs,https://waterhardness.uk/water-hardness/bd21,/water-hardness/bd21,BD21,Water Hardness in Outcode BD21,110,Supplier: Yorkshire Water • Sectors: 6
Outcode Regional Hubs,https://waterhardness.uk/water-hardness/bd22,/water-hardness/bd22,BD22,Water Hardness in Outcode BD22,110,Supplier: Yorkshire Water • Sectors: 5
Outcode Regional Hubs,https://waterhardness.uk/water-hardness/bd23,/water-hardness/bd23,BD23,Water Hardness in Outcode BD23,110,Supplier: Yorkshire Water • Sectors: 8
Outcode Regional Hubs,https://waterhardness.uk/water-hardness/bd24,/water-hardness/bd24,BD24,Water Hardness in Outcode BD24,110,Supplier: Yorkshire Water • Sectors: 2
Outcode Regional Hubs,https://waterhardness.uk/water-hardness/bd3,/water-hardness/bd3,BD3,Water Hardness in Outcode BD3,110,Supplier: Yorkshire Water • Sectors: 4
Outcode Regional Hubs,https://waterhardness.uk/water-hardness/bd4,/water-hardness/bd4,BD4,Water Hardness in Outcode BD4,110,Supplier: Yorkshire Water • Sectors: 5
Outcode Regional Hubs,https://waterhardness.uk/water-hardness/bd5,/water-hardness/bd5,BD5,Water Hardness in Outcode BD5,110,Supplier: Yorkshire Water • Sectors: 5
Outcode Regional Hubs,https://waterhardness.uk/water-hardness/bd6,/water-hardness/bd6,BD6,Water Hardness in Outcode BD6,110,Supplier: Yorkshire Water • Sectors: 3
Outcode Regional Hubs,https://waterhardness.uk/water-hardness/bd7,/water-hardness/bd7,BD7,Water Hardness in Outcode BD7,110,Supplier: Yorkshire Water • Sectors: 4
Outcode Regional Hubs,https://waterhardness.uk/water-hardness/bd8,/water-hardness/bd8,BD8,Water Hardness in Outcode BD8,110,Supplier: Yorkshire Water • Sectors: 4
Outcode Regional Hubs,https://waterhardness.uk/water-hardness/bd9,/water-hardness/bd9,BD9,Water Hardness in Outcode BD9,110,Supplier: Yorkshire Water • Sectors: 3
Outcode Regional Hubs,https://waterhardness.uk/water-hardness/bd97,/water-hardness/bd97,BD97,Water Hardness in Outcode BD97,110,Supplier: Yorkshire Water • Sectors: 1
Outcode Regional Hubs,https://waterhardness.uk/water-hardness/bd98,/water-hardness/bd98,BD98,Water Hardness in Outcode BD98,130,Supplier: Northumbrian Water • Sectors: 2
Outcode Regional Hubs,https://waterhardness.uk/water-hardness/bd98,/water-hardness/bd98,BD98,Water Hardness in Outcode BD98,110,Supplier: Yorkshire Water • Sectors: 1
Outcode Regional Hubs,https://waterhardness.uk/water-hardness/bd99,/water-hardness/bd99,BD99,Water Hardness in Outcode BD99,110,Supplier: Yorkshire Water • Sectors: 3
Outcode Regional Hubs,https://waterhardness.uk/water-hardness/bh1,/water-hardness/bh1,BH1,Water Hardness in Outcode BH1,40,Supplier: South West Water • Sectors: 5
Outcode Regional Hubs,https://waterhardness.uk/water-hardness/bh10,/water-hardness/bh10,BH10,Water Hardness in Outcode BH10,40,Supplier: South West Water • Sectors: 4
Outcode Regional Hubs,https://waterhardness.uk/water-hardness/bh11,/water-hardness/bh11,BH11,Water Hardness in Outcode BH11,40,Supplier: South West Water • Sectors: 3
Outcode Regional Hubs,https://waterhardness.uk/water-hardness/bh12,/water-hardness/bh12,BH12,Water Hardness in Outcode BH12,40,Supplier: South West Water • Sectors: 3
Outcode Regional Hubs,https://waterhardness.uk/water-hardness/bh12,/water-hardness/bh12,BH12,Water Hardness in Outcode BH12,290,Supplier: Wessex Water • Sectors: 3
Outcode Regional Hubs,https://waterhardness.uk/water-hardness/bh13,/water-hardness/bh13,BH13,Water Hardness in Outcode BH13,40,Supplier: South West Water • Sectors: 1
Outcode Regional Hubs,https://waterhardness.uk/water-hardness/bh13,/water-hardness/bh13,BH13,Water Hardness in Outcode BH13,290,Supplier: Wessex Water • Sectors: 1
Outcode Regional Hubs,https://waterhardness.uk/water-hardness/bh14,/water-hardness/bh14,BH14,Water Hardness in Outcode BH14,290,Supplier: Wessex Water • Sectors: 4
Outcode Regional Hubs,https://waterhardness.uk/water-hardness/bh15,/water-hardness/bh15,BH15,Water Hardness in Outcode BH15,290,Supplier: Wessex Water • Sectors: 5
Outcode Regional Hubs,https://waterhardness.uk/water-hardness/bh16,/water-hardness/bh16,BH16,Water Hardness in Outcode BH16,290,Supplier: Wessex Water • Sectors: 2
Outcode Regional Hubs,https://waterhardness.uk/water-hardness/bh17,/water-hardness/bh17,BH17,Water Hardness in Outcode BH17,290,Supplier: Wessex Water • Sectors: 4
Outcode Regional Hubs,https://waterhardness.uk/water-hardness/bh18,/water-hardness/bh18,BH18,Water Hardness in Outcode BH18,290,Supplier: Wessex Water • Sectors: 2
Outcode Regional Hubs,https://waterhardness.uk/water-hardness/bh19,/water-hardness/bh19,BH19,Water Hardness in Outcode BH19,290,Supplier: Wessex Water • Sectors: 4
Outcode Regional Hubs,https://waterhardness.uk/water-hardness/bh2,/water-hardness/bh2,BH2,Water Hardness in Outcode BH2,40,Supplier: South West Water • Sectors: 2
Outcode Regional Hubs,https://waterhardness.uk/water-hardness/bh20,/water-hardness/bh20,BH20,Water Hardness in Outcode BH20,290,Supplier: Wessex Water • Sectors: 5
Outcode Regional Hubs,https://waterhardness.uk/water-hardness/bh21,/water-hardness/bh21,BH21,Water Hardness in Outcode BH21,40,Supplier: South West Water • Sectors: 8
Outcode Regional Hubs,https://waterhardness.uk/water-hardness/bh21,/water-hardness/bh21,BH21,Water Hardness in Outcode BH21,290,Supplier: Wessex Water • Sectors: 1
Outcode Regional Hubs,https://waterhardness.uk/water-hardness/bh22,/water-hardness/bh22,BH22,Water Hardness in Outcode BH22,40,Supplier: South West Water • Sectors: 4
Outcode Regional Hubs,https://waterhardness.uk/water-hardness/bh23,/water-hardness/bh23,BH23,Water Hardness in Outcode BH23,40,Supplier: South West Water • Sectors: 9
Outcode Regional Hubs,https://waterhardness.uk/water-hardness/bh24,/water-hardness/bh24,BH24,Water Hardness in Outcode BH24,40,Supplier: South West Water • Sectors: 5
Outcode Regional Hubs,https://waterhardness.uk/water-hardness/bh25,/water-hardness/bh25,BH25,Water Hardness in Outcode BH25,40,Supplier: South West Water • Sectors: 4
Outcode Regional Hubs,https://waterhardness.uk/water-hardness/bh3,/water-hardness/bh3,BH3,Water Hardness in Outcode BH3,40,Supplier: South West Water • Sectors: 1
Outcode Regional Hubs,https://waterhardness.uk/water-hardness/bh31,/water-hardness/bh31,BH31,Water Hardness in Outcode BH31,40,Supplier: South West Water • Sectors: 3
Outcode Regional Hubs,https://waterhardness.uk/water-hardness/bh4,/water-hardness/bh4,BH4,Water Hardness in Outcode BH4,40,Supplier: South West Water • Sectors: 3
Outcode Regional Hubs,https://waterhardness.uk/water-hardness/bh5,/water-hardness/bh5,BH5,Water Hardness in Outcode BH5,40,Supplier: South West Water • Sectors: 2
Outcode Regional Hubs,https://waterhardness.uk/water-hardness/bh6,/water-hardness/bh6,BH6,Water Hardness in Outcode BH6,40,Supplier: South West Water • Sectors: 3
Outcode Regional Hubs,https://waterhardness.uk/water-hardness/bh7,/water-hardness/bh7,BH7,Water Hardness in Outcode BH7,40,Supplier: South West Water • Sectors: 2
Outcode Regional Hubs,https://waterhardness.uk/water-hardness/bh8,/water-hardness/bh8,BH8,Water Hardness in Outcode BH8,40,Supplier: South West Water • Sectors: 3
Outcode Regional Hubs,https://waterhardness.uk/water-hardness/bh9,/water-hardness/bh9,BH9,Water Hardness in Outcode BH9,40,Supplier: South West Water • Sectors: 3
Outcode Regional Hubs,https://waterhardness.uk/water-hardness/bl0,/water-hardness/bl0,BL0,Water Hardness in Outcode BL0,45,Supplier: United Utilities • Sectors: 2
Outcode Regional Hubs,https://waterhardness.uk/water-hardness/bl1,/water-hardness/bl1,BL1,Water Hardness in Outcode BL1,45,Supplier: United Utilities • Sectors: 9
Outcode Regional Hubs,https://waterhardness.uk/water-hardness/bl11,/water-hardness/bl11,BL11,Water Hardness in Outcode BL11,45,Supplier: United Utilities • Sectors: 1
Outcode Regional Hubs,https://waterhardness.uk/water-hardness/bl2,/water-hardness/bl2,BL2,Water Hardness in Outcode BL2,45,Supplier: United Utilities • Sectors: 6
Outcode Regional Hubs,https://waterhardness.uk/water-hardness/bl3,/water-hardness/bl3,BL3,Water Hardness in Outcode BL3,45,Supplier: United Utilities • Sectors: 6
Outcode Regional Hubs,https://waterhardness.uk/water-hardness/bl4,/water-hardness/bl4,BL4,Water Hardness in Outcode BL4,45,Supplier: United Utilities • Sectors: 5
Outcode Regional Hubs,https://waterhardness.uk/water-hardness/bl5,/water-hardness/bl5,BL5,Water Hardness in Outcode BL5,45,Supplier: United Utilities • Sectors: 3
Outcode Regional Hubs,https://waterhardness.uk/water-hardness/bl6,/water-hardness/bl6,BL6,Water Hardness in Outcode BL6,45,Supplier: United Utilities • Sectors: 5
Outcode Regional Hubs,https://waterhardness.uk/water-hardness/bl7,/water-hardness/bl7,BL7,Water Hardness in Outcode BL7,45,Supplier: United Utilities • Sectors: 3
Outcode Regional Hubs,https://waterhardness.uk/water-hardness/bl78,/water-hardness/bl78,BL78,Water Hardness in Outcode BL78,45,Supplier: United Utilities • Sectors: 2
Outcode Regional Hubs,https://waterhardness.uk/water-hardness/bl8,/water-hardness/bl8,BL8,Water Hardness in Outcode BL8,45,Supplier: United Utilities • Sectors: 5
Outcode Regional Hubs,https://waterhardness.uk/water-hardness/bl9,/water-hardness/bl9,BL9,Water Hardness in Outcode BL9,45,Supplier: United Utilities • Sectors: 6
Outcode Regional Hubs,https://waterhardness.uk/water-hardness/bn1,/water-hardness/bn1,BN1,Water Hardness in Outcode BN1,280,Supplier: Southern Water • Sectors: 9
Outcode Regional Hubs,https://waterhardness.uk/water-hardness/bn10,/water-hardness/bn10,BN10,Water Hardness in Outcode BN10,270,Supplier: South East Water • Sectors: 2
Outcode Regional Hubs,https://waterhardness.uk/water-hardness/bn10,/water-hardness/bn10,BN10,Water Hardness in Outcode BN10,280,Supplier: Southern Water • Sectors: 1
Outcode Regional Hubs,https://waterhardness.uk/water-hardness/bn11,/water-hardness/bn11,BN11,Water Hardness in Outcode BN11,280,Supplier: Southern Water • Sectors: 6
Outcode Regional Hubs,https://waterhardness.uk/water-hardness/bn12,/water-hardness/bn12,BN12,Water Hardness in Outcode BN12,280,Supplier: Southern Water • Sectors: 4
Outcode Regional Hubs,https://waterhardness.uk/water-hardness/bn13,/water-hardness/bn13,BN13,Water Hardness in Outcode BN13,280,Supplier: Southern Water • Sectors: 3
Outcode Regional Hubs,https://waterhardness.uk/water-hardness/bn14,/water-hardness/bn14,BN14,Water Hardness in Outcode BN14,280,Supplier: Southern Water • Sectors: 4
Outcode Regional Hubs,https://waterhardness.uk/water-hardness/bn15,/water-hardness/bn15,BN15,Water Hardness in Outcode BN15,280,Supplier: Southern Water • Sectors: 4
Outcode Regional Hubs,https://waterhardness.uk/water-hardness/bn16,/water-hardness/bn16,BN16,Water Hardness in Outcode BN16,280,Supplier: Southern Water • Sectors: 5
Outcode Regional Hubs,https://waterhardness.uk/water-hardness/bn17,/water-hardness/bn17,BN17,Water Hardness in Outcode BN17,280,Supplier: Southern Water • Sectors: 3
Outcode Regional Hubs,https://waterhardness.uk/water-hardness/bn18,/water-hardness/bn18,BN18,Water Hardness in Outcode BN18,250,Supplier: Portsmouth Water • Sectors: 1
Outcode Regional Hubs,https://waterhardness.uk/water-hardness/bn18,/water-hardness/bn18,BN18,Water Hardness in Outcode BN18,280,Supplier: Southern Water • Sectors: 2
Outcode Regional Hubs,https://waterhardness.uk/water-hardness/bn2,/water-hardness/bn2,BN2,Water Hardness in Outcode BN2,280,Supplier: Southern Water • Sectors: 9
Outcode Regional Hubs,https://waterhardness.uk/water-hardness/bn20,/water-hardness/bn20,BN20,Water Hardness in Outcode BN20,270,Supplier: South East Water • Sectors: 4
Outcode Regional Hubs,https://waterhardness.uk/water-hardness/bn21,/water-hardness/bn21,BN21,Water Hardness in Outcode BN21,270,Supplier: South East Water • Sectors: 5
Outcode Regional Hubs,https://waterhardness.uk/water-hardness/bn22,/water-hardness/bn22,BN22,Water Hardness in Outcode BN22,270,Supplier: South East Water • Sectors: 4
Outcode Regional Hubs,https://waterhardness.uk/water-hardness/bn23,/water-hardness/bn23,BN23,Water Hardness in Outcode BN23,270,Supplier: South East Water • Sectors: 4
Outcode Regional Hubs,https://waterhardness.uk/water-hardness/bn24,/water-hardness/bn24,BN24,Water Hardness in Outcode BN24,270,Supplier: South East Water • Sectors: 3
Outcode Regional Hubs,https://waterhardness.uk/water-hardness/bn25,/water-hardness/bn25,BN25,Water Hardness in Outcode BN25,270,Supplier: South East Water • Sectors: 5
Outcode Regional Hubs,https://waterhardness.uk/water-hardness/bn26,/water-hardness/bn26,BN26,Water Hardness in Outcode BN26,270,Supplier: South East Water • Sectors: 3
Outcode Regional Hubs,https://waterhardness.uk/water-hardness/bn27,/water-hardness/bn27,BN27,Water Hardness in Outcode BN27,270,Supplier: South East Water • Sectors: 5
Outcode Regional Hubs,https://waterhardness.uk/water-hardness/bn3,/water-hardness/bn3,BN3,Water Hardness in Outcode BN3,280,Supplier: Southern Water • Sectors: 8
Outcode Regional Hubs,https://waterhardness.uk/water-hardness/bn41,/water-hardness/bn41,BN41,Water Hardness in Outcode BN41,280,Supplier: Southern Water • Sectors: 3
Outcode Regional Hubs,https://waterhardness.uk/water-hardness/bn42,/water-hardness/bn42,BN42,Water Hardness in Outcode BN42,280,Supplier: Southern Water • Sectors: 1
Outcode Regional Hubs,https://waterhardness.uk/water-hardness/bn43,/water-hardness/bn43,BN43,Water Hardness in Outcode BN43,280,Supplier: Southern Water • Sectors: 3
Outcode Regional Hubs,https://waterhardness.uk/water-hardness/bn44,/water-hardness/bn44,BN44,Water Hardness in Outcode BN44,280,Supplier: Southern Water • Sectors: 1
Outcode Regional Hubs,https://waterhardness.uk/water-hardness/bn45,/water-hardness/bn45,BN45,Water Hardness in Outcode BN45,270,Supplier: South East Water • Sectors: 1
Outcode Regional Hubs,https://waterhardness.uk/water-hardness/bn5,/water-hardness/bn5,BN5,Water Hardness in Outcode BN5,280,Supplier: Southern Water • Sectors: 2
Outcode Regional Hubs,https://waterhardness.uk/water-hardness/bn50,/water-hardness/bn50,BN50,Water Hardness in Outcode BN50,280,Supplier: Southern Water • Sectors: 2
Outcode Regional Hubs,https://waterhardness.uk/water-hardness/bn51,/water-hardness/bn51,BN51,Water Hardness in Outcode BN51,280,Supplier: Southern Water • Sectors: 1
Outcode Regional Hubs,https://waterhardness.uk/water-hardness/bn52,/water-hardness/bn52,BN52,Water Hardness in Outcode BN52,280,Supplier: Southern Water • Sectors: 1
Outcode Regional Hubs,https://waterhardness.uk/water-hardness/bn6,/water-hardness/bn6,BN6,Water Hardness in Outcode BN6,270,Supplier: South East Water • Sectors: 3
Outcode Regional Hubs,https://waterhardness.uk/water-hardness/bn7,/water-hardness/bn7,BN7,Water Hardness in Outcode BN7,280,Supplier: Southern Water • Sectors: 4
Outcode Regional Hubs,https://waterhardness.uk/water-hardness/bn8,/water-hardness/bn8,BN8,Water Hardness in Outcode BN8,270,Supplier: South East Water • Sectors: 3
Outcode Regional Hubs,https://waterhardness.uk/water-hardness/bn88,/water-hardness/bn88,BN88,Water Hardness in Outcode BN88,280,Supplier: Southern Water • Sectors: 1
Outcode Regional Hubs,https://waterhardness.uk/water-hardness/bn9,/water-hardness/bn9,BN9,Water Hardness in Outcode BN9,270,Supplier: South East Water • Sectors: 3
Outcode Regional Hubs,https://waterhardness.uk/water-hardness/bn91,/water-hardness/bn91,BN91,Water Hardness in Outcode BN91,130,Supplier: Northumbrian Water • Sectors: 1
Outcode Regional Hubs,https://waterhardness.uk/water-hardness/bn95,/water-hardness/bn95,BN95,Water Hardness in Outcode BN95,280,Supplier: Southern Water • Sectors: 1
Outcode Regional Hubs,https://waterhardness.uk/water-hardness/bn99,/water-hardness/bn99,BN99,Water Hardness in Outcode BN99,280,Supplier: Southern Water • Sectors: 5
Outcode Regional Hubs,https://waterhardness.uk/water-hardness/br1,/water-hardness/br1,BR1,Water Hardness in Outcode BR1,275,Supplier: Thames Water • Sectors: 6
Outcode Regional Hubs,https://waterhardness.uk/water-hardness/br2,/water-hardness/br2,BR2,Water Hardness in Outcode BR2,275,Supplier: Thames Water • Sectors: 5
Outcode Regional Hubs,https://waterhardness.uk/water-hardness/br3,/water-hardness/br3,BR3,Water Hardness in Outcode BR3,275,Supplier: Thames Water • Sectors: 6
Outcode Regional Hubs,https://waterhardness.uk/water-hardness/br4,/water-hardness/br4,BR4,Water Hardness in Outcode BR4,275,Supplier: Thames Water • Sectors: 3
Outcode Regional Hubs,https://waterhardness.uk/water-hardness/br5,/water-hardness/br5,BR5,Water Hardness in Outcode BR5,275,Supplier: Thames Water • Sectors: 4
Outcode Regional Hubs,https://waterhardness.uk/water-hardness/br6,/water-hardness/br6,BR6,Water Hardness in Outcode BR6,275,Supplier: Thames Water • Sectors: 6
Outcode Regional Hubs,https://waterhardness.uk/water-hardness/br7,/water-hardness/br7,BR7,Water Hardness in Outcode BR7,275,Supplier: Thames Water • Sectors: 3
Outcode Regional Hubs,https://waterhardness.uk/water-hardness/br8,/water-hardness/br8,BR8,Water Hardness in Outcode BR8,275,Supplier: Thames Water • Sectors: 3
Outcode Regional Hubs,https://waterhardness.uk/water-hardness/bs1,/water-hardness/bs1,BS1,Water Hardness in Outcode BS1,265,Supplier: Bristol Water • Sectors: 7
Outcode Regional Hubs,https://waterhardness.uk/water-hardness/bs10,/water-hardness/bs10,BS10,Water Hardness in Outcode BS10,265,Supplier: Bristol Water • Sectors: 3
Outcode Regional Hubs,https://waterhardness.uk/water-hardness/bs11,/water-hardness/bs11,BS11,Water Hardness in Outcode BS11,265,Supplier: Bristol Water • Sectors: 4
Outcode Regional Hubs,https://waterhardness.uk/water-hardness/bs13,/water-hardness/bs13,BS13,Water Hardness in Outcode BS13,265,Supplier: Bristol Water • Sectors: 4
Outcode Regional Hubs,https://waterhardness.uk/water-hardness/bs14,/water-hardness/bs14,BS14,Water Hardness in Outcode BS14,265,Supplier: Bristol Water • Sectors: 3
Outcode Regional Hubs,https://waterhardness.uk/water-hardness/bs15,/water-hardness/bs15,BS15,Water Hardness in Outcode BS15,265,Supplier: Bristol Water • Sectors: 6
Outcode Regional Hubs,https://waterhardness.uk/water-hardness/bs16,/water-hardness/bs16,BS16,Water Hardness in Outcode BS16,265,Supplier: Bristol Water • Sectors: 9
Outcode Regional Hubs,https://waterhardness.uk/water-hardness/bs2,/water-hardness/bs2,BS2,Water Hardness in Outcode BS2,265,Supplier: Bristol Water • Sectors: 4
Outcode Regional Hubs,https://waterhardness.uk/water-hardness/bs20,/water-hardness/bs20,BS20,Water Hardness in Outcode BS20,265,Supplier: Bristol Water • Sectors: 5
Outcode Regional Hubs,https://waterhardness.uk/water-hardness/bs21,/water-hardness/bs21,BS21,Water Hardness in Outcode BS21,265,Supplier: Bristol Water • Sectors: 4
Outcode Regional Hubs,https://waterhardness.uk/water-hardness/bs22,/water-hardness/bs22,BS22,Water Hardness in Outcode BS22,265,Supplier: Bristol Water • Sectors: 4
Outcode Regional Hubs,https://waterhardness.uk/water-hardness/bs23,/water-hardness/bs23,BS23,Water Hardness in Outcode BS23,265,Supplier: Bristol Water • Sectors: 5
Outcode Regional Hubs,https://waterhardness.uk/water-hardness/bs24,/water-hardness/bs24,BS24,Water Hardness in Outcode BS24,265,Supplier: Bristol Water • Sectors: 5
Outcode Regional Hubs,https://waterhardness.uk/water-hardness/bs25,/water-hardness/bs25,BS25,Water Hardness in Outcode BS25,265,Supplier: Bristol Water • Sectors: 3
Outcode Regional Hubs,https://waterhardness.uk/water-hardness/bs26,/water-hardness/bs26,BS26,Water Hardness in Outcode BS26,265,Supplier: Bristol Water • Sectors: 1
Outcode Regional Hubs,https://waterhardness.uk/water-hardness/bs27,/water-hardness/bs27,BS27,Water Hardness in Outcode BS27,265,Supplier: Bristol Water • Sectors: 2
Outcode Regional Hubs,https://waterhardness.uk/water-hardness/bs28,/water-hardness/bs28,BS28,Water Hardness in Outcode BS28,265,Supplier: Bristol Water • Sectors: 1
Outcode Regional Hubs,https://waterhardness.uk/water-hardness/bs29,/water-hardness/bs29,BS29,Water Hardness in Outcode BS29,265,Supplier: Bristol Water • Sectors: 1
Outcode Regional Hubs,https://waterhardness.uk/water-hardness/bs3,/water-hardness/bs3,BS3,Water Hardness in Outcode BS3,265,Supplier: Bristol Water • Sectors: 6
Outcode Regional Hubs,https://waterhardness.uk/water-hardness/bs30,/water-hardness/bs30,BS30,Water Hardness in Outcode BS30,265,Supplier: Bristol Water • Sectors: 5
Outcode Regional Hubs,https://waterhardness.uk/water-hardness/bs31,/water-hardness/bs31,BS31,Water Hardness in Outcode BS31,265,Supplier: Bristol Water • Sectors: 4
Outcode Regional Hubs,https://waterhardness.uk/water-hardness/bs32,/water-hardness/bs32,BS32,Water Hardness in Outcode BS32,265,Supplier: Bristol Water • Sectors: 4
Outcode Regional Hubs,https://waterhardness.uk/water-hardness/bs34,/water-hardness/bs34,BS34,Water Hardness in Outcode BS34,265,Supplier: Bristol Water • Sectors: 6
Outcode Regional Hubs,https://waterhardness.uk/water-hardness/bs35,/water-hardness/bs35,BS35,Water Hardness in Outcode BS35,265,Supplier: Bristol Water • Sectors: 6
Outcode Regional Hubs,https://waterhardness.uk/water-hardness/bs36,/water-hardness/bs36,BS36,Water Hardness in Outcode BS36,265,Supplier: Bristol Water • Sectors: 3
Outcode Regional Hubs,https://waterhardness.uk/water-hardness/bs37,/water-hardness/bs37,BS37,Water Hardness in Outcode BS37,265,Supplier: Bristol Water • Sectors: 7
Outcode Regional Hubs,https://waterhardness.uk/water-hardness/bs39,/water-hardness/bs39,BS39,Water Hardness in Outcode BS39,265,Supplier: Bristol Water • Sectors: 4
Outcode Regional Hubs,https://waterhardness.uk/water-hardness/bs4,/water-hardness/bs4,BS4,Water Hardness in Outcode BS4,265,Supplier: Bristol Water • Sectors: 6
Outcode Regional Hubs,https://waterhardness.uk/water-hardness/bs40,/water-hardness/bs40,BS40,Water Hardness in Outcode BS40,265,Supplier: Bristol Water • Sectors: 5
Outcode Regional Hubs,https://waterhardness.uk/water-hardness/bs41,/water-hardness/bs41,BS41,Water Hardness in Outcode BS41,265,Supplier: Bristol Water • Sectors: 2
Outcode Regional Hubs,https://waterhardness.uk/water-hardness/bs48,/water-hardness/bs48,BS48,Water Hardness in Outcode BS48,265,Supplier: Bristol Water • Sectors: 5
Outcode Regional Hubs,https://waterhardness.uk/water-hardness/bs49,/water-hardness/bs49,BS49,Water Hardness in Outcode BS49,265,Supplier: Bristol Water • Sectors: 2
Outcode Regional Hubs,https://waterhardness.uk/water-hardness/bs5,/water-hardness/bs5,BS5,Water Hardness in Outcode BS5,265,Supplier: Bristol Water • Sectors: 6
Outcode Regional Hubs,https://waterhardness.uk/water-hardness/bs6,/water-hardness/bs6,BS6,Water Hardness in Outcode BS6,265,Supplier: Bristol Water • Sectors: 4
Outcode Regional Hubs,https://waterhardness.uk/water-hardness/bs7,/water-hardness/bs7,BS7,Water Hardness in Outcode BS7,265,Supplier: Bristol Water • Sectors: 3
Outcode Regional Hubs,https://waterhardness.uk/water-hardness/bs8,/water-hardness/bs8,BS8,Water Hardness in Outcode BS8,265,Supplier: Bristol Water • Sectors: 5
Outcode Regional Hubs,https://waterhardness.uk/water-hardness/bs9,/water-hardness/bs9,BS9,Water Hardness in Outcode BS9,265,Supplier: Bristol Water • Sectors: 5
Outcode Regional Hubs,https://waterhardness.uk/water-hardness/bs98,/water-hardness/bs98,BS98,Water Hardness in Outcode BS98,265,Supplier: Bristol Water • Sectors: 1
Outcode Regional Hubs,https://waterhardness.uk/water-hardness/bs99,/water-hardness/bs99,BS99,Water Hardness in Outcode BS99,265,Supplier: Bristol Water • Sectors: 6
Outcode Regional Hubs,https://waterhardness.uk/water-hardness/bt1,/water-hardness/bt1,BT1,Water Hardness in Outcode BT1,35,Supplier: Northern Ireland Water • Sectors: 7
Outcode Regional Hubs,https://waterhardness.uk/water-hardness/bt10,/water-hardness/bt10,BT10,Water Hardness in Outcode BT10,35,Supplier: Northern Ireland Water • Sectors: 2
Outcode Regional Hubs,https://waterhardness.uk/water-hardness/bt11,/water-hardness/bt11,BT11,Water Hardness in Outcode BT11,35,Supplier: Northern Ireland Water • Sectors: 2
Outcode Regional Hubs,https://waterhardness.uk/water-hardness/bt12,/water-hardness/bt12,BT12,Water Hardness in Outcode BT12,35,Supplier: Northern Ireland Water • Sectors: 4
Outcode Regional Hubs,https://waterhardness.uk/water-hardness/bt13,/water-hardness/bt13,BT13,Water Hardness in Outcode BT13,35,Supplier: Northern Ireland Water • Sectors: 4
Outcode Regional Hubs,https://waterhardness.uk/water-hardness/bt14,/water-hardness/bt14,BT14,Water Hardness in Outcode BT14,35,Supplier: Northern Ireland Water • Sectors: 3
Outcode Regional Hubs,https://waterhardness.uk/water-hardness/bt15,/water-hardness/bt15,BT15,Water Hardness in Outcode BT15,35,Supplier: Northern Ireland Water • Sectors: 5
Outcode Regional Hubs,https://waterhardness.uk/water-hardness/bt16,/water-hardness/bt16,BT16,Water Hardness in Outcode BT16,35,Supplier: Northern Ireland Water • Sectors: 2
Outcode Regional Hubs,https://waterhardness.uk/water-hardness/bt17,/water-hardness/bt17,BT17,Water Hardness in Outcode BT17,35,Supplier: Northern Ireland Water • Sectors: 2
Outcode Regional Hubs,https://waterhardness.uk/water-hardness/bt18,/water-hardness/bt18,BT18,Water Hardness in Outcode BT18,35,Supplier: Northern Ireland Water • Sectors: 3
Outcode Regional Hubs,https://waterhardness.uk/water-hardness/bt19,/water-hardness/bt19,BT19,Water Hardness in Outcode BT19,35,Supplier: Northern Ireland Water • Sectors: 3
Outcode Regional Hubs,https://waterhardness.uk/water-hardness/bt2,/water-hardness/bt2,BT2,Water Hardness in Outcode BT2,35,Supplier: Northern Ireland Water • Sectors: 2
Outcode Regional Hubs,https://waterhardness.uk/water-hardness/bt20,/water-hardness/bt20,BT20,Water Hardness in Outcode BT20,35,Supplier: Northern Ireland Water • Sectors: 4
Outcode Regional Hubs,https://waterhardness.uk/water-hardness/bt21,/water-hardness/bt21,BT21,Water Hardness in Outcode BT21,35,Supplier: Northern Ireland Water • Sectors: 1
Outcode Regional Hubs,https://waterhardness.uk/water-hardness/bt22,/water-hardness/bt22,BT22,Water Hardness in Outcode BT22,35,Supplier: Northern Ireland Water • Sectors: 2
Outcode Regional Hubs,https://waterhardness.uk/water-hardness/bt23,/water-hardness/bt23,BT23,Water Hardness in Outcode BT23,35,Supplier: Northern Ireland Water • Sectors: 7
Outcode Regional Hubs,https://waterhardness.uk/water-hardness/bt24,/water-hardness/bt24,BT24,Water Hardness in Outcode BT24,35,Supplier: Northern Ireland Water • Sectors: 2
Outcode Regional Hubs,https://waterhardness.uk/water-hardness/bt25,/water-hardness/bt25,BT25,Water Hardness in Outcode BT25,35,Supplier: Northern Ireland Water • Sectors: 2
Outcode Regional Hubs,https://waterhardness.uk/water-hardness/bt26,/water-hardness/bt26,BT26,Water Hardness in Outcode BT26,35,Supplier: Northern Ireland Water • Sectors: 1
Outcode Regional Hubs,https://waterhardness.uk/water-hardness/bt27,/water-hardness/bt27,BT27,Water Hardness in Outcode BT27,35,Supplier: Northern Ireland Water • Sectors: 3
Outcode Regional Hubs,https://waterhardness.uk/water-hardness/bt28,/water-hardness/bt28,BT28,Water Hardness in Outcode BT28,35,Supplier: Northern Ireland Water • Sectors: 5
Outcode Regional Hubs,https://waterhardness.uk/water-hardness/bt29,/water-hardness/bt29,BT29,Water Hardness in Outcode BT29,35,Supplier: Northern Ireland Water • Sectors: 1
Outcode Regional Hubs,https://waterhardness.uk/water-hardness/bt3,/water-hardness/bt3,BT3,Water Hardness in Outcode BT3,35,Supplier: Northern Ireland Water • Sectors: 1
Outcode Regional Hubs,https://waterhardness.uk/water-hardness/bt30,/water-hardness/bt30,BT30,Water Hardness in Outcode BT30,35,Supplier: Northern Ireland Water • Sectors: 5
Outcode Regional Hubs,https://waterhardness.uk/water-hardness/bt31,/water-hardness/bt31,BT31,Water Hardness in Outcode BT31,35,Supplier: Northern Ireland Water • Sectors: 1
Outcode Regional Hubs,https://waterhardness.uk/water-hardness/bt32,/water-hardness/bt32,BT32,Water Hardness in Outcode BT32,35,Supplier: Northern Ireland Water • Sectors: 4
Outcode Regional Hubs,https://waterhardness.uk/water-hardness/bt33,/water-hardness/bt33,BT33,Water Hardness in Outcode BT33,35,Supplier: Northern Ireland Water • Sectors: 1
Outcode Regional Hubs,https://waterhardness.uk/water-hardness/bt34,/water-hardness/bt34,BT34,Water Hardness in Outcode BT34,35,Supplier: Northern Ireland Water • Sectors: 5
Outcode Regional Hubs,https://waterhardness.uk/water-hardness/bt35,/water-hardness/bt35,BT35,Water Hardness in Outcode BT35,35,Supplier: Northern Ireland Water • Sectors: 6
Outcode Regional Hubs,https://waterhardness.uk/water-hardness/bt36,/water-hardness/bt36,BT36,Water Hardness in Outcode BT36,35,Supplier: Northern Ireland Water • Sectors: 5
Outcode Regional Hubs,https://waterhardness.uk/water-hardness/bt37,/water-hardness/bt37,BT37,Water Hardness in Outcode BT37,35,Supplier: Northern Ireland Water • Sectors: 2
Outcode Regional Hubs,https://waterhardness.uk/water-hardness/bt38,/water-hardness/bt38,BT38,Water Hardness in Outcode BT38,35,Supplier: Northern Ireland Water • Sectors: 4
Outcode Regional Hubs,https://waterhardness.uk/water-hardness/bt39,/water-hardness/bt39,BT39,Water Hardness in Outcode BT39,35,Supplier: Northern Ireland Water • Sectors: 4
Outcode Regional Hubs,https://waterhardness.uk/water-hardness/bt4,/water-hardness/bt4,BT4,Water Hardness in Outcode BT4,35,Supplier: Northern Ireland Water • Sectors: 4
Outcode Regional Hubs,https://waterhardness.uk/water-hardness/bt40,/water-hardness/bt40,BT40,Water Hardness in Outcode BT40,35,Supplier: Northern Ireland Water • Sectors: 4
Outcode Regional Hubs,https://waterhardness.uk/water-hardness/bt41,/water-hardness/bt41,BT41,Water Hardness in Outcode BT41,35,Supplier: Northern Ireland Water • Sectors: 5
Outcode Regional Hubs,https://waterhardness.uk/water-hardness/bt42,/water-hardness/bt42,BT42,Water Hardness in Outcode BT42,35,Supplier: Northern Ireland Water • Sectors: 5
Outcode Regional Hubs,https://waterhardness.uk/water-hardness/bt43,/water-hardness/bt43,BT43,Water Hardness in Outcode BT43,35,Supplier: Northern Ireland Water • Sectors: 3
Outcode Regional Hubs,https://waterhardness.uk/water-hardness/bt44,/water-hardness/bt44,BT44,Water Hardness in Outcode BT44,35,Supplier: Northern Ireland Water • Sectors: 3
Outcode Regional Hubs,https://waterhardness.uk/water-hardness/bt45,/water-hardness/bt45,BT45,Water Hardness in Outcode BT45,35,Supplier: Northern Ireland Water • Sectors: 5
Outcode Regional Hubs,https://waterhardness.uk/water-hardness/bt46,/water-hardness/bt46,BT46,Water Hardness in Outcode BT46,35,Supplier: Northern Ireland Water • Sectors: 1
Outcode Regional Hubs,https://waterhardness.uk/water-hardness/bt47,/water-hardness/bt47,BT47,Water Hardness in Outcode BT47,35,Supplier: Northern Ireland Water • Sectors: 5
Outcode Regional Hubs,https://waterhardness.uk/water-hardness/bt48,/water-hardness/bt48,BT48,Water Hardness in Outcode BT48,35,Supplier: Northern Ireland Water • Sectors: 6
Outcode Regional Hubs,https://waterhardness.uk/water-hardness/bt49,/water-hardness/bt49,BT49,Water Hardness in Outcode BT49,35,Supplier: Northern Ireland Water • Sectors: 3
Outcode Regional Hubs,https://waterhardness.uk/water-hardness/bt5,/water-hardness/bt5,BT5,Water Hardness in Outcode BT5,35,Supplier: Northern Ireland Water • Sectors: 5
Outcode Regional Hubs,https://waterhardness.uk/water-hardness/bt51,/water-hardness/bt51,BT51,Water Hardness in Outcode BT51,35,Supplier: Northern Ireland Water • Sectors: 3
Outcode Regional Hubs,https://waterhardness.uk/water-hardness/bt52,/water-hardness/bt52,BT52,Water Hardness in Outcode BT52,35,Supplier: Northern Ireland Water • Sectors: 3
Outcode Regional Hubs,https://waterhardness.uk/water-hardness/bt53,/water-hardness/bt53,BT53,Water Hardness in Outcode BT53,35,Supplier: Northern Ireland Water • Sectors: 4
Outcode Regional Hubs,https://waterhardness.uk/water-hardness/bt54,/water-hardness/bt54,BT54,Water Hardness in Outcode BT54,35,Supplier: Northern Ireland Water • Sectors: 1
Outcode Regional Hubs,https://waterhardness.uk/water-hardness/bt55,/water-hardness/bt55,BT55,Water Hardness in Outcode BT55,35,Supplier: Northern Ireland Water • Sectors: 1
Outcode Regional Hubs,https://waterhardness.uk/water-hardness/bt56,/water-hardness/bt56,BT56,Water Hardness in Outcode BT56,35,Supplier: Northern Ireland Water • Sectors: 1
Outcode Regional Hubs,https://waterhardness.uk/water-hardness/bt57,/water-hardness/bt57,BT57,Water Hardness in Outcode BT57,35,Supplier: Northern Ireland Water • Sectors: 1
Outcode Regional Hubs,https://waterhardness.uk/water-hardness/bt6,/water-hardness/bt6,BT6,Water Hardness in Outcode BT6,35,Supplier: Northern Ireland Water • Sectors: 3
Outcode Regional Hubs,https://waterhardness.uk/water-hardness/bt60,/water-hardness/bt60,BT60,Water Hardness in Outcode BT60,35,Supplier: Northern Ireland Water • Sectors: 4
Outcode Regional Hubs,https://waterhardness.uk/water-hardness/bt61,/water-hardness/bt61,BT61,Water Hardness in Outcode BT61,35,Supplier: Northern Ireland Water • Sectors: 4
Outcode Regional Hubs,https://waterhardness.uk/water-hardness/bt62,/water-hardness/bt62,BT62,Water Hardness in Outcode BT62,35,Supplier: Northern Ireland Water • Sectors: 4
Outcode Regional Hubs,https://waterhardness.uk/water-hardness/bt63,/water-hardness/bt63,BT63,Water Hardness in Outcode BT63,35,Supplier: Northern Ireland Water • Sectors: 2
Outcode Regional Hubs,https://waterhardness.uk/water-hardness/bt64,/water-hardness/bt64,BT64,Water Hardness in Outcode BT64,35,Supplier: Northern Ireland Water • Sectors: 4
Outcode Regional Hubs,https://waterhardness.uk/water-hardness/bt65,/water-hardness/bt65,BT65,Water Hardness in Outcode BT65,35,Supplier: Northern Ireland Water • Sectors: 3
Outcode Regional Hubs,https://waterhardness.uk/water-hardness/bt66,/water-hardness/bt66,BT66,Water Hardness in Outcode BT66,35,Supplier: Northern Ireland Water • Sectors: 3
Outcode Regional Hubs,https://waterhardness.uk/water-hardness/bt67,/water-hardness/bt67,BT67,Water Hardness in Outcode BT67,35,Supplier: Northern Ireland Water • Sectors: 2
Outcode Regional Hubs,https://waterhardness.uk/water-hardness/bt68,/water-hardness/bt68,BT68,Water Hardness in Outcode BT68,35,Supplier: Northern Ireland Water • Sectors: 1
Outcode Regional Hubs,https://waterhardness.uk/water-hardness/bt69,/water-hardness/bt69,BT69,Water Hardness in Outcode BT69,35,Supplier: Northern Ireland Water • Sectors: 1
Outcode Regional Hubs,https://waterhardness.uk/water-hardness/bt7,/water-hardness/bt7,BT7,Water Hardness in Outcode BT7,35,Supplier: Northern Ireland Water • Sectors: 3
Outcode Regional Hubs,https://waterhardness.uk/water-hardness/bt70,/water-hardness/bt70,BT70,Water Hardness in Outcode BT70,35,Supplier: Northern Ireland Water • Sectors: 4
Outcode Regional Hubs,https://waterhardness.uk/water-hardness/bt71,/water-hardness/bt71,BT71,Water Hardness in Outcode BT71,35,Supplier: Northern Ireland Water • Sectors: 4
Outcode Regional Hubs,https://waterhardness.uk/water-hardness/bt74,/water-hardness/bt74,BT74,Water Hardness in Outcode BT74,35,Supplier: Northern Ireland Water • Sectors: 7
Outcode Regional Hubs,https://waterhardness.uk/water-hardness/bt75,/water-hardness/bt75,BT75,Water Hardness in Outcode BT75,35,Supplier: Northern Ireland Water • Sectors: 1
Outcode Regional Hubs,https://waterhardness.uk/water-hardness/bt76,/water-hardness/bt76,BT76,Water Hardness in Outcode BT76,35,Supplier: Northern Ireland Water • Sectors: 1
Outcode Regional Hubs,https://waterhardness.uk/water-hardness/bt77,/water-hardness/bt77,BT77,Water Hardness in Outcode BT77,35,Supplier: Northern Ireland Water • Sectors: 1
Outcode Regional Hubs,https://waterhardness.uk/water-hardness/bt78,/water-hardness/bt78,BT78,Water Hardness in Outcode BT78,35,Supplier: Northern Ireland Water • Sectors: 6
Outcode Regional Hubs,https://waterhardness.uk/water-hardness/bt79,/water-hardness/bt79,BT79,Water Hardness in Outcode BT79,35,Supplier: Northern Ireland Water • Sectors: 4
Outcode Regional Hubs,https://waterhardness.uk/water-hardness/bt8,/water-hardness/bt8,BT8,Water Hardness in Outcode BT8,35,Supplier: Northern Ireland Water • Sectors: 3
Outcode Regional Hubs,https://waterhardness.uk/water-hardness/bt80,/water-hardness/bt80,BT80,Water Hardness in Outcode BT80,35,Supplier: Northern Ireland Water • Sectors: 4
Outcode Regional Hubs,https://waterhardness.uk/water-hardness/bt81,/water-hardness/bt81,BT81,Water Hardness in Outcode BT81,35,Supplier: Northern Ireland Water • Sectors: 1
Outcode Regional Hubs,https://waterhardness.uk/water-hardness/bt82,/water-hardness/bt82,BT82,Water Hardness in Outcode BT82,35,Supplier: Northern Ireland Water • Sectors: 4
Outcode Regional Hubs,https://waterhardness.uk/water-hardness/bt9,/water-hardness/bt9,BT9,Water Hardness in Outcode BT9,35,Supplier: Northern Ireland Water • Sectors: 3
Outcode Regional Hubs,https://waterhardness.uk/water-hardness/bt92,/water-hardness/bt92,BT92,Water Hardness in Outcode BT92,35,Supplier: Northern Ireland Water • Sectors: 10
Outcode Regional Hubs,https://waterhardness.uk/water-hardness/bt93,/water-hardness/bt93,BT93,Water Hardness in Outcode BT93,35,Supplier: Northern Ireland Water • Sectors: 9
Outcode Regional Hubs,https://waterhardness.uk/water-hardness/bt94,/water-hardness/bt94,BT94,Water Hardness in Outcode BT94,35,Supplier: Northern Ireland Water • Sectors: 5
Outcode Regional Hubs,https://waterhardness.uk/water-hardness/ca1,/water-hardness/ca1,CA1,Water Hardness in Outcode CA1,45,Supplier: United Utilities • Sectors: 4
Outcode Regional Hubs,https://waterhardness.uk/water-hardness/ca10,/water-hardness/ca10,CA10,Water Hardness in Outcode CA10,45,Supplier: United Utilities • Sectors: 3
Outcode Regional Hubs,https://waterhardness.uk/water-hardness/ca11,/water-hardness/ca11,CA11,Water Hardness in Outcode CA11,45,Supplier: United Utilities • Sectors: 5
Outcode Regional Hubs,https://waterhardness.uk/water-hardness/ca12,/water-hardness/ca12,CA12,Water Hardness in Outcode CA12,45,Supplier: United Utilities • Sectors: 3
Outcode Regional Hubs,https://waterhardness.uk/water-hardness/ca13,/water-hardness/ca13,CA13,Water Hardness in Outcode CA13,45,Supplier: United Utilities • Sectors: 3
Outcode Regional Hubs,https://waterhardness.uk/water-hardness/ca14,/water-hardness/ca14,CA14,Water Hardness in Outcode CA14,45,Supplier: United Utilities • Sectors: 6
Outcode Regional Hubs,https://waterhardness.uk/water-hardness/ca15,/water-hardness/ca15,CA15,Water Hardness in Outcode CA15,45,Supplier: United Utilities • Sectors: 4
Outcode Regional Hubs,https://waterhardness.uk/water-hardness/ca16,/water-hardness/ca16,CA16,Water Hardness in Outcode CA16,45,Supplier: United Utilities • Sectors: 1
Outcode Regional Hubs,https://waterhardness.uk/water-hardness/ca17,/water-hardness/ca17,CA17,Water Hardness in Outcode CA17,45,Supplier: United Utilities • Sectors: 1
Outcode Regional Hubs,https://waterhardness.uk/water-hardness/ca18,/water-hardness/ca18,CA18,Water Hardness in Outcode CA18,45,Supplier: United Utilities • Sectors: 1
Outcode Regional Hubs,https://waterhardness.uk/water-hardness/ca19,/water-hardness/ca19,CA19,Water Hardness in Outcode CA19,45,Supplier: United Utilities • Sectors: 1
Outcode Regional Hubs,https://waterhardness.uk/water-hardness/ca2,/water-hardness/ca2,CA2,Water Hardness in Outcode CA2,45,Supplier: United Utilities • Sectors: 4
Outcode Regional Hubs,https://waterhardness.uk/water-hardness/ca20,/water-hardness/ca20,CA20,Water Hardness in Outcode CA20,45,Supplier: United Utilities • Sectors: 1
Outcode Regional Hubs,https://waterhardness.uk/water-hardness/ca21,/water-hardness/ca21,CA21,Water Hardness in Outcode CA21,45,Supplier: United Utilities • Sectors: 1
Outcode Regional Hubs,https://waterhardness.uk/water-hardness/ca22,/water-hardness/ca22,CA22,Water Hardness in Outcode CA22,45,Supplier: United Utilities • Sectors: 2
Outcode Regional Hubs,https://waterhardness.uk/water-hardness/ca23,/water-hardness/ca23,CA23,Water Hardness in Outcode CA23,45,Supplier: United Utilities • Sectors: 1
Outcode Regional Hubs,https://waterhardness.uk/water-hardness/ca24,/water-hardness/ca24,CA24,Water Hardness in Outcode CA24,45,Supplier: United Utilities • Sectors: 1
Outcode Regional Hubs,https://waterhardness.uk/water-hardness/ca25,/water-hardness/ca25,CA25,Water Hardness in Outcode CA25,45,Supplier: United Utilities • Sectors: 1
Outcode Regional Hubs,https://waterhardness.uk/water-hardness/ca26,/water-hardness/ca26,CA26,Water Hardness in Outcode CA26,45,Supplier: United Utilities • Sectors: 1
Outcode Regional Hubs,https://waterhardness.uk/water-hardness/ca27,/water-hardness/ca27,CA27,Water Hardness in Outcode CA27,45,Supplier: United Utilities • Sectors: 1
Outcode Regional Hubs,https://waterhardness.uk/water-hardness/ca28,/water-hardness/ca28,CA28,Water Hardness in Outcode CA28,45,Supplier: United Utilities • Sectors: 5
Outcode Regional Hubs,https://waterhardness.uk/water-hardness/ca3,/water-hardness/ca3,CA3,Water Hardness in Outcode CA3,45,Supplier: United Utilities • Sectors: 3
Outcode Regional Hubs,https://waterhardness.uk/water-hardness/ca4,/water-hardness/ca4,CA4,Water Hardness in Outcode CA4,45,Supplier: United Utilities • Sectors: 3
Outcode Regional Hubs,https://waterhardness.uk/water-hardness/ca5,/water-hardness/ca5,CA5,Water Hardness in Outcode CA5,45,Supplier: United Utilities • Sectors: 2
Outcode Regional Hubs,https://waterhardness.uk/water-hardness/ca6,/water-hardness/ca6,CA6,Water Hardness in Outcode CA6,45,Supplier: United Utilities • Sectors: 3
Outcode Regional Hubs,https://waterhardness.uk/water-hardness/ca7,/water-hardness/ca7,CA7,Water Hardness in Outcode CA7,45,Supplier: United Utilities • Sectors: 9
Outcode Regional Hubs,https://waterhardness.uk/water-hardness/ca8,/water-hardness/ca8,CA8,Water Hardness in Outcode CA8,130,Supplier: Northumbrian Water • Sectors: 1
Outcode Regional Hubs,https://waterhardness.uk/water-hardness/ca8,/water-hardness/ca8,CA8,Water Hardness in Outcode CA8,45,Supplier: United Utilities • Sectors: 4
Outcode Regional Hubs,https://waterhardness.uk/water-hardness/ca9,/water-hardness/ca9,CA9,Water Hardness in Outcode CA9,45,Supplier: United Utilities • Sectors: 1
Outcode Regional Hubs,https://waterhardness.uk/water-hardness/ca95,/water-hardness/ca95,CA95,Water Hardness in Outcode CA95,45,Supplier: United Utilities • Sectors: 1
Outcode Regional Hubs,https://waterhardness.uk/water-hardness/cb1,/water-hardness/cb1,CB1,Water Hardness in Outcode CB1,315,Supplier: Cambridge Water • Sectors: 7
Outcode Regional Hubs,https://waterhardness.uk/water-hardness/cb10,/water-hardness/cb10,CB10,Water Hardness in Outcode CB10,290,Supplier: Affinity Water • Sectors: 3
Outcode Regional Hubs,https://waterhardness.uk/water-hardness/cb11,/water-hardness/cb11,CB11,Water Hardness in Outcode CB11,290,Supplier: Affinity Water • Sectors: 2
Outcode Regional Hubs,https://waterhardness.uk/water-hardness/cb2,/water-hardness/cb2,CB2,Water Hardness in Outcode CB2,315,Supplier: Cambridge Water • Sectors: 6
Outcode Regional Hubs,https://waterhardness.uk/water-hardness/cb21,/water-hardness/cb21,CB21,Water Hardness in Outcode CB21,315,Supplier: Cambridge Water • Sectors: 3
Outcode Regional Hubs,https://waterhardness.uk/water-hardness/cb22,/water-hardness/cb22,CB22,Water Hardness in Outcode CB22,315,Supplier: Cambridge Water • Sectors: 5
Outcode Regional Hubs,https://waterhardness.uk/water-hardness/cb23,/water-hardness/cb23,CB23,Water Hardness in Outcode CB23,315,Supplier: Cambridge Water • Sectors: 8
Outcode Regional Hubs,https://waterhardness.uk/water-hardness/cb24,/water-hardness/cb24,CB24,Water Hardness in Outcode CB24,315,Supplier: Cambridge Water • Sectors: 7
Outcode Regional Hubs,https://waterhardness.uk/water-hardness/cb25,/water-hardness/cb25,CB25,Water Hardness in Outcode CB25,310,Supplier: Anglian Water • Sectors: 1
Outcode Regional Hubs,https://waterhardness.uk/water-hardness/cb25,/water-hardness/cb25,CB25,Water Hardness in Outcode CB25,315,Supplier: Cambridge Water • Sectors: 1
Outcode Regional Hubs,https://waterhardness.uk/water-hardness/cb3,/water-hardness/cb3,CB3,Water Hardness in Outcode CB3,315,Supplier: Cambridge Water • Sectors: 3
Outcode Regional Hubs,https://waterhardness.uk/water-hardness/cb4,/water-hardness/cb4,CB4,Water Hardness in Outcode CB4,315,Supplier: Cambridge Water • Sectors: 4
Outcode Regional Hubs,https://waterhardness.uk/water-hardness/cb5,/water-hardness/cb5,CB5,Water Hardness in Outcode CB5,315,Supplier: Cambridge Water • Sectors: 1
Outcode Regional Hubs,https://waterhardness.uk/water-hardness/cb6,/water-hardness/cb6,CB6,Water Hardness in Outcode CB6,310,Supplier: Anglian Water • Sectors: 3
Outcode Regional Hubs,https://waterhardness.uk/water-hardness/cb7,/water-hardness/cb7,CB7,Water Hardness in Outcode CB7,310,Supplier: Anglian Water • Sectors: 5
Outcode Regional Hubs,https://waterhardness.uk/water-hardness/cb8,/water-hardness/cb8,CB8,Water Hardness in Outcode CB8,310,Supplier: Anglian Water • Sectors: 5
Outcode Regional Hubs,https://waterhardness.uk/water-hardness/cb9,/water-hardness/cb9,CB9,Water Hardness in Outcode CB9,310,Supplier: Anglian Water • Sectors: 5
Outcode Regional Hubs,https://waterhardness.uk/water-hardness/cf10,/water-hardness/cf10,CF10,Water Hardness in Outcode CF10,45,Supplier: Dŵr Cymru Welsh Water • Sectors: 5
Outcode Regional Hubs,https://waterhardness.uk/water-hardness/cf11,/water-hardness/cf11,CF11,Water Hardness in Outcode CF11,45,Supplier: Dŵr Cymru Welsh Water • Sectors: 6
Outcode Regional Hubs,https://waterhardness.uk/water-hardness/cf14,/water-hardness/cf14,CF14,Water Hardness in Outcode CF14,45,Supplier: Dŵr Cymru Welsh Water • Sectors: 10
Outcode Regional Hubs,https://waterhardness.uk/water-hardness/cf15,/water-hardness/cf15,CF15,Water Hardness in Outcode CF15,45,Supplier: Dŵr Cymru Welsh Water • Sectors: 4
Outcode Regional Hubs,https://waterhardness.uk/water-hardness/cf23,/water-hardness/cf23,CF23,Water Hardness in Outcode CF23,45,Supplier: Dŵr Cymru Welsh Water • Sectors: 6
Outcode Regional Hubs,https://waterhardness.uk/water-hardness/cf24,/water-hardness/cf24,CF24,Water Hardness in Outcode CF24,45,Supplier: Dŵr Cymru Welsh Water • Sectors: 6
Outcode Regional Hubs,https://waterhardness.uk/water-hardness/cf3,/water-hardness/cf3,CF3,Water Hardness in Outcode CF3,45,Supplier: Dŵr Cymru Welsh Water • Sectors: 7
Outcode Regional Hubs,https://waterhardness.uk/water-hardness/cf30,/water-hardness/cf30,CF30,Water Hardness in Outcode CF30,45,Supplier: Dŵr Cymru Welsh Water • Sectors: 1
Outcode Regional Hubs,https://waterhardness.uk/water-hardness/cf31,/water-hardness/cf31,CF31,Water Hardness in Outcode CF31,45,Supplier: Dŵr Cymru Welsh Water • Sectors: 6
Outcode Regional Hubs,https://waterhardness.uk/water-hardness/cf32,/water-hardness/cf32,CF32,Water Hardness in Outcode CF32,45,Supplier: Dŵr Cymru Welsh Water • Sectors: 4
Outcode Regional Hubs,https://waterhardness.uk/water-hardness/cf33,/water-hardness/cf33,CF33,Water Hardness in Outcode CF33,45,Supplier: Dŵr Cymru Welsh Water • Sectors: 2
Outcode Regional Hubs,https://waterhardness.uk/water-hardness/cf34,/water-hardness/cf34,CF34,Water Hardness in Outcode CF34,45,Supplier: Dŵr Cymru Welsh Water • Sectors: 3
Outcode Regional Hubs,https://waterhardness.uk/water-hardness/cf35,/water-hardness/cf35,CF35,Water Hardness in Outcode CF35,45,Supplier: Dŵr Cymru Welsh Water • Sectors: 2
Outcode Regional Hubs,https://waterhardness.uk/water-hardness/cf36,/water-hardness/cf36,CF36,Water Hardness in Outcode CF36,45,Supplier: Dŵr Cymru Welsh Water • Sectors: 3
Outcode Regional Hubs,https://waterhardness.uk/water-hardness/cf37,/water-hardness/cf37,CF37,Water Hardness in Outcode CF37,45,Supplier: Dŵr Cymru Welsh Water • Sectors: 6
Outcode Regional Hubs,https://waterhardness.uk/water-hardness/cf38,/water-hardness/cf38,CF38,Water Hardness in Outcode CF38,45,Supplier: Dŵr Cymru Welsh Water • Sectors: 2
Outcode Regional Hubs,https://waterhardness.uk/water-hardness/cf39,/water-hardness/cf39,CF39,Water Hardness in Outcode CF39,45,Supplier: Dŵr Cymru Welsh Water • Sectors: 3
Outcode Regional Hubs,https://waterhardness.uk/water-hardness/cf40,/water-hardness/cf40,CF40,Water Hardness in Outcode CF40,45,Supplier: Dŵr Cymru Welsh Water • Sectors: 3
Outcode Regional Hubs,https://waterhardness.uk/water-hardness/cf41,/water-hardness/cf41,CF41,Water Hardness in Outcode CF41,45,Supplier: Dŵr Cymru Welsh Water • Sectors: 1
Outcode Regional Hubs,https://waterhardness.uk/water-hardness/cf42,/water-hardness/cf42,CF42,Water Hardness in Outcode CF42,45,Supplier: Dŵr Cymru Welsh Water • Sectors: 3
Outcode Regional Hubs,https://waterhardness.uk/water-hardness/cf43,/water-hardness/cf43,CF43,Water Hardness in Outcode CF43,45,Supplier: Dŵr Cymru Welsh Water • Sectors: 3
Outcode Regional Hubs,https://waterhardness.uk/water-hardness/cf44,/water-hardness/cf44,CF44,Water Hardness in Outcode CF44,45,Supplier: Dŵr Cymru Welsh Water • Sectors: 6
Outcode Regional Hubs,https://waterhardness.uk/water-hardness/cf45,/water-hardness/cf45,CF45,Water Hardness in Outcode CF45,45,Supplier: Dŵr Cymru Welsh Water • Sectors: 2
Outcode Regional Hubs,https://waterhardness.uk/water-hardness/cf46,/water-hardness/cf46,CF46,Water Hardness in Outcode CF46,45,Supplier: Dŵr Cymru Welsh Water • Sectors: 2
Outcode Regional Hubs,https://waterhardness.uk/water-hardness/cf47,/water-hardness/cf47,CF47,Water Hardness in Outcode CF47,45,Supplier: Dŵr Cymru Welsh Water • Sectors: 4
Outcode Regional Hubs,https://waterhardness.uk/water-hardness/cf48,/water-hardness/cf48,CF48,Water Hardness in Outcode CF48,45,Supplier: Dŵr Cymru Welsh Water • Sectors: 4
Outcode Regional Hubs,https://waterhardness.uk/water-hardness/cf5,/water-hardness/cf5,CF5,Water Hardness in Outcode CF5,45,Supplier: Dŵr Cymru Welsh Water • Sectors: 8
Outcode Regional Hubs,https://waterhardness.uk/water-hardness/cf61,/water-hardness/cf61,CF61,Water Hardness in Outcode CF61,45,Supplier: Dŵr Cymru Welsh Water • Sectors: 2
Outcode Regional Hubs,https://waterhardness.uk/water-hardness/cf62,/water-hardness/cf62,CF62,Water Hardness in Outcode CF62,45,Supplier: Dŵr Cymru Welsh Water • Sectors: 7
Outcode Regional Hubs,https://waterhardness.uk/water-hardness/cf63,/water-hardness/cf63,CF63,Water Hardness in Outcode CF63,45,Supplier: Dŵr Cymru Welsh Water • Sectors: 5
Outcode Regional Hubs,https://waterhardness.uk/water-hardness/cf64,/water-hardness/cf64,CF64,Water Hardness in Outcode CF64,45,Supplier: Dŵr Cymru Welsh Water • Sectors: 6
Outcode Regional Hubs,https://waterhardness.uk/water-hardness/cf71,/water-hardness/cf71,CF71,Water Hardness in Outcode CF71,45,Supplier: Dŵr Cymru Welsh Water • Sectors: 2
Outcode Regional Hubs,https://waterhardness.uk/water-hardness/cf72,/water-hardness/cf72,CF72,Water Hardness in Outcode CF72,45,Supplier: Dŵr Cymru Welsh Water • Sectors: 4
Outcode Regional Hubs,https://waterhardness.uk/water-hardness/cf81,/water-hardness/cf81,CF81,Water Hardness in Outcode CF81,45,Supplier: Dŵr Cymru Welsh Water • Sectors: 2
Outcode Regional Hubs,https://waterhardness.uk/water-hardness/cf82,/water-hardness/cf82,CF82,Water Hardness in Outcode CF82,45,Supplier: Dŵr Cymru Welsh Water • Sectors: 4
Outcode Regional Hubs,https://waterhardness.uk/water-hardness/cf83,/water-hardness/cf83,CF83,Water Hardness in Outcode CF83,45,Supplier: Dŵr Cymru Welsh Water • Sectors: 6
Outcode Regional Hubs,https://waterhardness.uk/water-hardness/cf91,/water-hardness/cf91,CF91,Water Hardness in Outcode CF91,45,Supplier: Dŵr Cymru Welsh Water • Sectors: 2
Outcode Regional Hubs,https://waterhardness.uk/water-hardness/cf95,/water-hardness/cf95,CF95,Water Hardness in Outcode CF95,45,Supplier: Dŵr Cymru Welsh Water • Sectors: 1
Outcode Regional Hubs,https://waterhardness.uk/water-hardness/cf99,/water-hardness/cf99,CF99,Water Hardness in Outcode CF99,45,Supplier: Dŵr Cymru Welsh Water • Sectors: 1
Outcode Regional Hubs,https://waterhardness.uk/water-hardness/ch1,/water-hardness/ch1,CH1,Water Hardness in Outcode CH1,160,Supplier: Severn Trent Water • Sectors: 6
Outcode Regional Hubs,https://waterhardness.uk/water-hardness/ch1,/water-hardness/ch1,CH1,Water Hardness in Outcode CH1,45,Supplier: United Utilities • Sectors: 1
Outcode Regional Hubs,https://waterhardness.uk/water-hardness/ch2,/water-hardness/ch2,CH2,Water Hardness in Outcode CH2,160,Supplier: Severn Trent Water • Sectors: 4
Outcode Regional Hubs,https://waterhardness.uk/water-hardness/ch25,/water-hardness/ch25,CH25,Water Hardness in Outcode CH25,45,Supplier: United Utilities • Sectors: 1
Outcode Regional Hubs,https://waterhardness.uk/water-hardness/ch26,/water-hardness/ch26,CH26,Water Hardness in Outcode CH26,45,Supplier: United Utilities • Sectors: 1
Outcode Regional Hubs,https://waterhardness.uk/water-hardness/ch27,/water-hardness/ch27,CH27,Water Hardness in Outcode CH27,45,Supplier: United Utilities • Sectors: 1
Outcode Regional Hubs,https://waterhardness.uk/water-hardness/ch28,/water-hardness/ch28,CH28,Water Hardness in Outcode CH28,45,Supplier: United Utilities • Sectors: 1
Outcode Regional Hubs,https://waterhardness.uk/water-hardness/ch29,/water-hardness/ch29,CH29,Water Hardness in Outcode CH29,45,Supplier: United Utilities • Sectors: 1
Outcode Regional Hubs,https://waterhardness.uk/water-hardness/ch3,/water-hardness/ch3,CH3,Water Hardness in Outcode CH3,160,Supplier: Severn Trent Water • Sectors: 3
Outcode Regional Hubs,https://waterhardness.uk/water-hardness/ch3,/water-hardness/ch3,CH3,Water Hardness in Outcode CH3,45,Supplier: United Utilities • Sectors: 2
Outcode Regional Hubs,https://waterhardness.uk/water-hardness/ch30,/water-hardness/ch30,CH30,Water Hardness in Outcode CH30,45,Supplier: United Utilities • Sectors: 1
Outcode Regional Hubs,https://waterhardness.uk/water-hardness/ch31,/water-hardness/ch31,CH31,Water Hardness in Outcode CH31,45,Supplier: United Utilities • Sectors: 1
Outcode Regional Hubs,https://waterhardness.uk/water-hardness/ch32,/water-hardness/ch32,CH32,Water Hardness in Outcode CH32,45,Supplier: United Utilities • Sectors: 1
Outcode Regional Hubs,https://waterhardness.uk/water-hardness/ch33,/water-hardness/ch33,CH33,Water Hardness in Outcode CH33,45,Supplier: United Utilities • Sectors: 1
Outcode Regional Hubs,https://waterhardness.uk/water-hardness/ch34,/water-hardness/ch34,CH34,Water Hardness in Outcode CH34,45,Supplier: United Utilities • Sectors: 1
Outcode Regional Hubs,https://waterhardness.uk/water-hardness/ch4,/water-hardness/ch4,CH4,Water Hardness in Outcode CH4,140,Supplier: Hafren Dyfrdwy • Sectors: 1
Outcode Regional Hubs,https://waterhardness.uk/water-hardness/ch4,/water-hardness/ch4,CH4,Water Hardness in Outcode CH4,160,Supplier: Severn Trent Water • Sectors: 3
Outcode Regional Hubs,https://waterhardness.uk/water-hardness/ch41,/water-hardness/ch41,CH41,Water Hardness in Outcode CH41,45,Supplier: United Utilities • Sectors: 10
Outcode Regional Hubs,https://waterhardness.uk/water-hardness/ch42,/water-hardness/ch42,CH42,Water Hardness in Outcode CH42,45,Supplier: United Utilities • Sectors: 10
Outcode Regional Hubs,https://waterhardness.uk/water-hardness/ch43,/water-hardness/ch43,CH43,Water Hardness in Outcode CH43,45,Supplier: United Utilities • Sectors: 10
Outcode Regional Hubs,https://waterhardness.uk/water-hardness/ch44,/water-hardness/ch44,CH44,Water Hardness in Outcode CH44,45,Supplier: United Utilities • Sectors: 10
Outcode Regional Hubs,https://waterhardness.uk/water-hardness/ch45,/water-hardness/ch45,CH45,Water Hardness in Outcode CH45,45,Supplier: United Utilities • Sectors: 10
Outcode Regional Hubs,https://waterhardness.uk/water-hardness/ch46,/water-hardness/ch46,CH46,Water Hardness in Outcode CH46,45,Supplier: United Utilities • Sectors: 10
Outcode Regional Hubs,https://waterhardness.uk/water-hardness/ch47,/water-hardness/ch47,CH47,Water Hardness in Outcode CH47,45,Supplier: United Utilities • Sectors: 10
Outcode Regional Hubs,https://waterhardness.uk/water-hardness/ch48,/water-hardness/ch48,CH48,Water Hardness in Outcode CH48,45,Supplier: United Utilities • Sectors: 10
Outcode Regional Hubs,https://waterhardness.uk/water-hardness/ch49,/water-hardness/ch49,CH49,Water Hardness in Outcode CH49,45,Supplier: United Utilities • Sectors: 10
Outcode Regional Hubs,https://waterhardness.uk/water-hardness/ch5,/water-hardness/ch5,CH5,Water Hardness in Outcode CH5,140,Supplier: Hafren Dyfrdwy • Sectors: 1
Outcode Regional Hubs,https://waterhardness.uk/water-hardness/ch5,/water-hardness/ch5,CH5,Water Hardness in Outcode CH5,150,Supplier: Severn Trent / Hafren Dyfrdwy • Sectors: 4
Outcode Regional Hubs,https://waterhardness.uk/water-hardness/ch6,/water-hardness/ch6,CH6,Water Hardness in Outcode CH6,150,Supplier: Severn Trent / Hafren Dyfrdwy • Sectors: 3
Outcode Regional Hubs,https://waterhardness.uk/water-hardness/ch60,/water-hardness/ch60,CH60,Water Hardness in Outcode CH60,45,Supplier: United Utilities • Sectors: 10
Outcode Regional Hubs,https://waterhardness.uk/water-hardness/ch61,/water-hardness/ch61,CH61,Water Hardness in Outcode CH61,45,Supplier: United Utilities • Sectors: 10
Outcode Regional Hubs,https://waterhardness.uk/water-hardness/ch62,/water-hardness/ch62,CH62,Water Hardness in Outcode CH62,45,Supplier: United Utilities • Sectors: 10
Outcode Regional Hubs,https://waterhardness.uk/water-hardness/ch63,/water-hardness/ch63,CH63,Water Hardness in Outcode CH63,45,Supplier: United Utilities • Sectors: 10
Outcode Regional Hubs,https://waterhardness.uk/water-hardness/ch64,/water-hardness/ch64,CH64,Water Hardness in Outcode CH64,45,Supplier: United Utilities • Sectors: 10
Outcode Regional Hubs,https://waterhardness.uk/water-hardness/ch65,/water-hardness/ch65,CH65,Water Hardness in Outcode CH65,45,Supplier: United Utilities • Sectors: 10
Outcode Regional Hubs,https://waterhardness.uk/water-hardness/ch66,/water-hardness/ch66,CH66,Water Hardness in Outcode CH66,45,Supplier: United Utilities • Sectors: 10
Outcode Regional Hubs,https://waterhardness.uk/water-hardness/ch7,/water-hardness/ch7,CH7,Water Hardness in Outcode CH7,140,Supplier: Hafren Dyfrdwy • Sectors: 1
Outcode Regional Hubs,https://waterhardness.uk/water-hardness/ch7,/water-hardness/ch7,CH7,Water Hardness in Outcode CH7,150,Supplier: Severn Trent / Hafren Dyfrdwy • Sectors: 6
Outcode Regional Hubs,https://waterhardness.uk/water-hardness/ch70,/water-hardness/ch70,CH70,Water Hardness in Outcode CH70,160,Supplier: Severn Trent Water • Sectors: 1
Outcode Regional Hubs,https://waterhardness.uk/water-hardness/ch8,/water-hardness/ch8,CH8,Water Hardness in Outcode CH8,150,Supplier: Severn Trent / Hafren Dyfrdwy • Sectors: 3
Outcode Regional Hubs,https://waterhardness.uk/water-hardness/ch88,/water-hardness/ch88,CH88,Water Hardness in Outcode CH88,160,Supplier: Severn Trent Water • Sectors: 1
Outcode Regional Hubs,https://waterhardness.uk/water-hardness/ch90,/water-hardness/ch90,CH90,Water Hardness in Outcode CH90,130,Supplier: Northumbrian Water • Sectors: 1
Outcode Regional Hubs,https://waterhardness.uk/water-hardness/ch99,/water-hardness/ch99,CH99,Water Hardness in Outcode CH99,160,Supplier: Severn Trent Water • Sectors: 1
Outcode Regional Hubs,https://waterhardness.uk/water-hardness/cm0,/water-hardness/cm0,CM0,Water Hardness in Outcode CM0,320,Supplier: Essex and Suffolk Water • Sectors: 2
Outcode Regional Hubs,https://waterhardness.uk/water-hardness/cm1,/water-hardness/cm1,CM1,Water Hardness in Outcode CM1,320,Supplier: Essex and Suffolk Water • Sectors: 7
Outcode Regional Hubs,https://waterhardness.uk/water-hardness/cm11,/water-hardness/cm11,CM11,Water Hardness in Outcode CM11,320,Supplier: Essex and Suffolk Water • Sectors: 2
Outcode Regional Hubs,https://waterhardness.uk/water-hardness/cm12,/water-hardness/cm12,CM12,Water Hardness in Outcode CM12,320,Supplier: Essex and Suffolk Water • Sectors: 3
Outcode Regional Hubs,https://waterhardness.uk/water-hardness/cm13,/water-hardness/cm13,CM13,Water Hardness in Outcode CM13,320,Supplier: Essex and Suffolk Water • Sectors: 3
Outcode Regional Hubs,https://waterhardness.uk/water-hardness/cm14,/water-hardness/cm14,CM14,Water Hardness in Outcode CM14,320,Supplier: Essex and Suffolk Water • Sectors: 3
Outcode Regional Hubs,https://waterhardness.uk/water-hardness/cm15,/water-hardness/cm15,CM15,Water Hardness in Outcode CM15,290,Supplier: Affinity Water • Sectors: 1
Outcode Regional Hubs,https://waterhardness.uk/water-hardness/cm15,/water-hardness/cm15,CM15,Water Hardness in Outcode CM15,320,Supplier: Essex and Suffolk Water • Sectors: 2
Outcode Regional Hubs,https://waterhardness.uk/water-hardness/cm16,/water-hardness/cm16,CM16,Water Hardness in Outcode CM16,290,Supplier: Affinity Water • Sectors: 5
Outcode Regional Hubs,https://waterhardness.uk/water-hardness/cm17,/water-hardness/cm17,CM17,Water Hardness in Outcode CM17,290,Supplier: Affinity Water • Sectors: 2
Outcode Regional Hubs,https://waterhardness.uk/water-hardness/cm18,/water-hardness/cm18,CM18,Water Hardness in Outcode CM18,290,Supplier: Affinity Water • Sectors: 2
Outcode Regional Hubs,https://waterhardness.uk/water-hardness/cm19,/water-hardness/cm19,CM19,Water Hardness in Outcode CM19,290,Supplier: Affinity Water • Sectors: 2
Outcode Regional Hubs,https://waterhardness.uk/water-hardness/cm2,/water-hardness/cm2,CM2,Water Hardness in Outcode CM2,320,Supplier: Essex and Suffolk Water • Sectors: 6
Outcode Regional Hubs,https://waterhardness.uk/water-hardness/cm20,/water-hardness/cm20,CM20,Water Hardness in Outcode CM20,290,Supplier: Affinity Water • Sectors: 4
Outcode Regional Hubs,https://waterhardness.uk/water-hardness/cm21,/water-hardness/cm21,CM21,Water Hardness in Outcode CM21,290,Supplier: Affinity Water • Sectors: 3
Outcode Regional Hubs,https://waterhardness.uk/water-hardness/cm22,/water-hardness/cm22,CM22,Water Hardness in Outcode CM22,290,Supplier: Affinity Water • Sectors: 2
Outcode Regional Hubs,https://waterhardness.uk/water-hardness/cm23,/water-hardness/cm23,CM23,Water Hardness in Outcode CM23,290,Supplier: Affinity Water • Sectors: 7
Outcode Regional Hubs,https://waterhardness.uk/water-hardness/cm24,/water-hardness/cm24,CM24,Water Hardness in Outcode CM24,290,Supplier: Affinity Water • Sectors: 2
Outcode Regional Hubs,https://waterhardness.uk/water-hardness/cm3,/water-hardness/cm3,CM3,Water Hardness in Outcode CM3,310,Supplier: Anglian Water • Sectors: 1
Outcode Regional Hubs,https://waterhardness.uk/water-hardness/cm3,/water-hardness/cm3,CM3,Water Hardness in Outcode CM3,320,Supplier: Essex and Suffolk Water • Sectors: 8
Outcode Regional Hubs,https://waterhardness.uk/water-hardness/cm4,/water-hardness/cm4,CM4,Water Hardness in Outcode CM4,320,Supplier: Essex and Suffolk Water • Sectors: 2
Outcode Regional Hubs,https://waterhardness.uk/water-hardness/cm5,/water-hardness/cm5,CM5,Water Hardness in Outcode CM5,290,Supplier: Affinity Water • Sectors: 3
Outcode Regional Hubs,https://waterhardness.uk/water-hardness/cm6,/water-hardness/cm6,CM6,Water Hardness in Outcode CM6,290,Supplier: Affinity Water • Sectors: 4
Outcode Regional Hubs,https://waterhardness.uk/water-hardness/cm6,/water-hardness/cm6,CM6,Water Hardness in Outcode CM6,310,Supplier: Anglian Water • Sectors: 1
Outcode Regional Hubs,https://waterhardness.uk/water-hardness/cm7,/water-hardness/cm7,CM7,Water Hardness in Outcode CM7,310,Supplier: Anglian Water • Sectors: 7
Outcode Regional Hubs,https://waterhardness.uk/water-hardness/cm77,/water-hardness/cm77,CM77,Water Hardness in Outcode CM77,310,Supplier: Anglian Water • Sectors: 3
Outcode Regional Hubs,https://waterhardness.uk/water-hardness/cm8,/water-hardness/cm8,CM8,Water Hardness in Outcode CM8,320,Supplier: Essex and Suffolk Water • Sectors: 4
Outcode Regional Hubs,https://waterhardness.uk/water-hardness/cm9,/water-hardness/cm9,CM9,Water Hardness in Outcode CM9,320,Supplier: Essex and Suffolk Water • Sectors: 5
Outcode Regional Hubs,https://waterhardness.uk/water-hardness/cm92,/water-hardness/cm92,CM92,Water Hardness in Outcode CM92,290,Supplier: Affinity Water • Sectors: 1
Outcode Regional Hubs,https://waterhardness.uk/water-hardness/cm98,/water-hardness/cm98,CM98,Water Hardness in Outcode CM98,320,Supplier: Essex and Suffolk Water • Sectors: 1
Outcode Regional Hubs,https://waterhardness.uk/water-hardness/cm99,/water-hardness/cm99,CM99,Water Hardness in Outcode CM99,320,Supplier: Essex and Suffolk Water • Sectors: 1
Outcode Regional Hubs,https://waterhardness.uk/water-hardness/co1,/water-hardness/co1,CO1,Water Hardness in Outcode CO1,310,Supplier: Anglian Water • Sectors: 3
Outcode Regional Hubs,https://waterhardness.uk/water-hardness/co10,/water-hardness/co10,CO10,Water Hardness in Outcode CO10,310,Supplier: Anglian Water • Sectors: 8
Outcode Regional Hubs,https://waterhardness.uk/water-hardness/co11,/water-hardness/co11,CO11,Water Hardness in Outcode CO11,290,Supplier: Affinity Water • Sectors: 2
Outcode Regional Hubs,https://waterhardness.uk/water-hardness/co11,/water-hardness/co11,CO11,Water Hardness in Outcode CO11,310,Supplier: Anglian Water • Sectors: 1
Outcode Regional Hubs,https://waterhardness.uk/water-hardness/co12,/water-hardness/co12,CO12,Water Hardness in Outcode CO12,290,Supplier: Affinity Water • Sectors: 4
Outcode Regional Hubs,https://waterhardness.uk/water-hardness/co13,/water-hardness/co13,CO13,Water Hardness in Outcode CO13,290,Supplier: Affinity Water • Sectors: 3
Outcode Regional Hubs,https://waterhardness.uk/water-hardness/co14,/water-hardness/co14,CO14,Water Hardness in Outcode CO14,290,Supplier: Affinity Water • Sectors: 1
Outcode Regional Hubs,https://waterhardness.uk/water-hardness/co15,/water-hardness/co15,CO15,Water Hardness in Outcode CO15,290,Supplier: Affinity Water • Sectors: 7
Outcode Regional Hubs,https://waterhardness.uk/water-hardness/co16,/water-hardness/co16,CO16,Water Hardness in Outcode CO16,290,Supplier: Affinity Water • Sectors: 4
Outcode Regional Hubs,https://waterhardness.uk/water-hardness/co2,/water-hardness/co2,CO2,Water Hardness in Outcode CO2,310,Supplier: Anglian Water • Sectors: 4
Outcode Regional Hubs,https://waterhardness.uk/water-hardness/co3,/water-hardness/co3,CO3,Water Hardness in Outcode CO3,310,Supplier: Anglian Water • Sectors: 5
Outcode Regional Hubs,https://waterhardness.uk/water-hardness/co4,/water-hardness/co4,CO4,Water Hardness in Outcode CO4,310,Supplier: Anglian Water • Sectors: 6
Outcode Regional Hubs,https://waterhardness.uk/water-hardness/co5,/water-hardness/co5,CO5,Water Hardness in Outcode CO5,310,Supplier: Anglian Water • Sectors: 5
Outcode Regional Hubs,https://waterhardness.uk/water-hardness/co6,/water-hardness/co6,CO6,Water Hardness in Outcode CO6,310,Supplier: Anglian Water • Sectors: 5
Outcode Regional Hubs,https://waterhardness.uk/water-hardness/co7,/water-hardness/co7,CO7,Water Hardness in Outcode CO7,290,Supplier: Affinity Water • Sectors: 5
Outcode Regional Hubs,https://waterhardness.uk/water-hardness/co7,/water-hardness/co7,CO7,Water Hardness in Outcode CO7,310,Supplier: Anglian Water • Sectors: 1
Outcode Regional Hubs,https://waterhardness.uk/water-hardness/co8,/water-hardness/co8,CO8,Water Hardness in Outcode CO8,310,Supplier: Anglian Water • Sectors: 1
Outcode Regional Hubs,https://waterhardness.uk/water-hardness/co9,/water-hardness/co9,CO9,Water Hardness in Outcode CO9,310,Supplier: Anglian Water • Sectors: 5
Outcode Regional Hubs,https://waterhardness.uk/water-hardness/cr0,/water-hardness/cr0,CR0,Water Hardness in Outcode CR0,275,Supplier: Thames Water • Sectors: 10
Outcode Regional Hubs,https://waterhardness.uk/water-hardness/cr2,/water-hardness/cr2,CR2,Water Hardness in Outcode CR2,260,Supplier: SES Water • Sectors: 3
Outcode Regional Hubs,https://waterhardness.uk/water-hardness/cr2,/water-hardness/cr2,CR2,Water Hardness in Outcode CR2,275,Supplier: Thames Water • Sectors: 3
Outcode Regional Hubs,https://waterhardness.uk/water-hardness/cr3,/water-hardness/cr3,CR3,Water Hardness in Outcode CR3,260,Supplier: SES Water • Sectors: 5
Outcode Regional Hubs,https://waterhardness.uk/water-hardness/cr4,/water-hardness/cr4,CR4,Water Hardness in Outcode CR4,275,Supplier: Thames Water • Sectors: 5
Outcode Regional Hubs,https://waterhardness.uk/water-hardness/cr5,/water-hardness/cr5,CR5,Water Hardness in Outcode CR5,260,Supplier: SES Water • Sectors: 4
Outcode Regional Hubs,https://waterhardness.uk/water-hardness/cr6,/water-hardness/cr6,CR6,Water Hardness in Outcode CR6,260,Supplier: SES Water • Sectors: 2
Outcode Regional Hubs,https://waterhardness.uk/water-hardness/cr7,/water-hardness/cr7,CR7,Water Hardness in Outcode CR7,275,Supplier: Thames Water • Sectors: 4
Outcode Regional Hubs,https://waterhardness.uk/water-hardness/cr8,/water-hardness/cr8,CR8,Water Hardness in Outcode CR8,260,Supplier: SES Water • Sectors: 5
Outcode Regional Hubs,https://waterhardness.uk/water-hardness/cr8,/water-hardness/cr8,CR8,Water Hardness in Outcode CR8,275,Supplier: Thames Water • Sectors: 1
Outcode Regional Hubs,https://waterhardness.uk/water-hardness/cr9,/water-hardness/cr9,CR9,Water Hardness in Outcode CR9,275,Supplier: Thames Water • Sectors: 10
Outcode Regional Hubs,https://waterhardness.uk/water-hardness/cr90,/water-hardness/cr90,CR90,Water Hardness in Outcode CR90,275,Supplier: Thames Water • Sectors: 1
Outcode Regional Hubs,https://waterhardness.uk/water-hardness/ct1,/water-hardness/ct1,CT1,Water Hardness in Outcode CT1,270,Supplier: South East Water • Sectors: 4
Outcode Regional Hubs,https://waterhardness.uk/water-hardness/ct10,/water-hardness/ct10,CT10,Water Hardness in Outcode CT10,280,Supplier: Southern Water • Sectors: 4
Outcode Regional Hubs,https://waterhardness.uk/water-hardness/ct11,/water-hardness/ct11,CT11,Water Hardness in Outcode CT11,280,Supplier: Southern Water • Sectors: 5
Outcode Regional Hubs,https://waterhardness.uk/water-hardness/ct12,/water-hardness/ct12,CT12,Water Hardness in Outcode CT12,280,Supplier: Southern Water • Sectors: 3
Outcode Regional Hubs,https://waterhardness.uk/water-hardness/ct13,/water-hardness/ct13,CT13,Water Hardness in Outcode CT13,280,Supplier: Southern Water • Sectors: 3
Outcode Regional Hubs,https://waterhardness.uk/water-hardness/ct14,/water-hardness/ct14,CT14,Water Hardness in Outcode CT14,290,Supplier: Affinity Water • Sectors: 1
Outcode Regional Hubs,https://waterhardness.uk/water-hardness/ct14,/water-hardness/ct14,CT14,Water Hardness in Outcode CT14,280,Supplier: Southern Water • Sectors: 5
Outcode Regional Hubs,https://waterhardness.uk/water-hardness/ct15,/water-hardness/ct15,CT15,Water Hardness in Outcode CT15,290,Supplier: Affinity Water • Sectors: 4
Outcode Regional Hubs,https://waterhardness.uk/water-hardness/ct16,/water-hardness/ct16,CT16,Water Hardness in Outcode CT16,290,Supplier: Affinity Water • Sectors: 4
Outcode Regional Hubs,https://waterhardness.uk/water-hardness/ct17,/water-hardness/ct17,CT17,Water Hardness in Outcode CT17,290,Supplier: Affinity Water • Sectors: 2
Outcode Regional Hubs,https://waterhardness.uk/water-hardness/ct18,/water-hardness/ct18,CT18,Water Hardness in Outcode CT18,290,Supplier: Affinity Water • Sectors: 2
Outcode Regional Hubs,https://waterhardness.uk/water-hardness/ct19,/water-hardness/ct19,CT19,Water Hardness in Outcode CT19,290,Supplier: Affinity Water • Sectors: 3
Outcode Regional Hubs,https://waterhardness.uk/water-hardness/ct2,/water-hardness/ct2,CT2,Water Hardness in Outcode CT2,270,Supplier: South East Water • Sectors: 4
Outcode Regional Hubs,https://waterhardness.uk/water-hardness/ct20,/water-hardness/ct20,CT20,Water Hardness in Outcode CT20,290,Supplier: Affinity Water • Sectors: 4
Outcode Regional Hubs,https://waterhardness.uk/water-hardness/ct21,/water-hardness/ct21,CT21,Water Hardness in Outcode CT21,290,Supplier: Affinity Water • Sectors: 4
Outcode Regional Hubs,https://waterhardness.uk/water-hardness/ct3,/water-hardness/ct3,CT3,Water Hardness in Outcode CT3,290,Supplier: Affinity Water • Sectors: 1
Outcode Regional Hubs,https://waterhardness.uk/water-hardness/ct3,/water-hardness/ct3,CT3,Water Hardness in Outcode CT3,270,Supplier: South East Water • Sectors: 1
Outcode Regional Hubs,https://waterhardness.uk/water-hardness/ct3,/water-hardness/ct3,CT3,Water Hardness in Outcode CT3,280,Supplier: Southern Water • Sectors: 2
Outcode Regional Hubs,https://waterhardness.uk/water-hardness/ct4,/water-hardness/ct4,CT4,Water Hardness in Outcode CT4,290,Supplier: Affinity Water • Sectors: 1
Outcode Regional Hubs,https://waterhardness.uk/water-hardness/ct4,/water-hardness/ct4,CT4,Water Hardness in Outcode CT4,270,Supplier: South East Water • Sectors: 2
Outcode Regional Hubs,https://waterhardness.uk/water-hardness/ct4,/water-hardness/ct4,CT4,Water Hardness in Outcode CT4,280,Supplier: Southern Water • Sectors: 1
Outcode Regional Hubs,https://waterhardness.uk/water-hardness/ct5,/water-hardness/ct5,CT5,Water Hardness in Outcode CT5,270,Supplier: South East Water • Sectors: 5
Outcode Regional Hubs,https://waterhardness.uk/water-hardness/ct50,/water-hardness/ct50,CT50,Water Hardness in Outcode CT50,290,Supplier: Affinity Water • Sectors: 1
Outcode Regional Hubs,https://waterhardness.uk/water-hardness/ct6,/water-hardness/ct6,CT6,Water Hardness in Outcode CT6,270,Supplier: South East Water • Sectors: 5
Outcode Regional Hubs,https://waterhardness.uk/water-hardness/ct7,/water-hardness/ct7,CT7,Water Hardness in Outcode CT7,280,Supplier: Southern Water • Sectors: 2
Outcode Regional Hubs,https://waterhardness.uk/water-hardness/ct8,/water-hardness/ct8,CT8,Water Hardness in Outcode CT8,280,Supplier: Southern Water • Sectors: 1
Outcode Regional Hubs,https://waterhardness.uk/water-hardness/ct9,/water-hardness/ct9,CT9,Water Hardness in Outcode CT9,280,Supplier: Southern Water • Sectors: 6
Outcode Regional Hubs,https://waterhardness.uk/water-hardness/cv1,/water-hardness/cv1,CV1,Water Hardness in Outcode CV1,160,Supplier: Severn Trent Water • Sectors: 6
Outcode Regional Hubs,https://waterhardness.uk/water-hardness/cv10,/water-hardness/cv10,CV10,Water Hardness in Outcode CV10,160,Supplier: Severn Trent Water • Sectors: 5
Outcode Regional Hubs,https://waterhardness.uk/water-hardness/cv11,/water-hardness/cv11,CV11,Water Hardness in Outcode CV11,160,Supplier: Severn Trent Water • Sectors: 6
Outcode Regional Hubs,https://waterhardness.uk/water-hardness/cv12,/water-hardness/cv12,CV12,Water Hardness in Outcode CV12,160,Supplier: Severn Trent Water • Sectors: 3
Outcode Regional Hubs,https://waterhardness.uk/water-hardness/cv13,/water-hardness/cv13,CV13,Water Hardness in Outcode CV13,160,Supplier: Severn Trent Water • Sectors: 2
Outcode Regional Hubs,https://waterhardness.uk/water-hardness/cv2,/water-hardness/cv2,CV2,Water Hardness in Outcode CV2,160,Supplier: Severn Trent Water • Sectors: 5
Outcode Regional Hubs,https://waterhardness.uk/water-hardness/cv21,/water-hardness/cv21,CV21,Water Hardness in Outcode CV21,160,Supplier: Severn Trent Water • Sectors: 5
Outcode Regional Hubs,https://waterhardness.uk/water-hardness/cv22,/water-hardness/cv22,CV22,Water Hardness in Outcode CV22,160,Supplier: Severn Trent Water • Sectors: 3
Outcode Regional Hubs,https://waterhardness.uk/water-hardness/cv23,/water-hardness/cv23,CV23,Water Hardness in Outcode CV23,160,Supplier: Severn Trent Water • Sectors: 4
Outcode Regional Hubs,https://waterhardness.uk/water-hardness/cv3,/water-hardness/cv3,CV3,Water Hardness in Outcode CV3,160,Supplier: Severn Trent Water • Sectors: 7
Outcode Regional Hubs,https://waterhardness.uk/water-hardness/cv31,/water-hardness/cv31,CV31,Water Hardness in Outcode CV31,160,Supplier: Severn Trent Water • Sectors: 4
Outcode Regional Hubs,https://waterhardness.uk/water-hardness/cv32,/water-hardness/cv32,CV32,Water Hardness in Outcode CV32,160,Supplier: Severn Trent Water • Sectors: 4
Outcode Regional Hubs,https://waterhardness.uk/water-hardness/cv33,/water-hardness/cv33,CV33,Water Hardness in Outcode CV33,160,Supplier: Severn Trent Water • Sectors: 2
Outcode Regional Hubs,https://waterhardness.uk/water-hardness/cv34,/water-hardness/cv34,CV34,Water Hardness in Outcode CV34,160,Supplier: Severn Trent Water • Sectors: 7
Outcode Regional Hubs,https://waterhardness.uk/water-hardness/cv35,/water-hardness/cv35,CV35,Water Hardness in Outcode CV35,160,Supplier: Severn Trent Water • Sectors: 4
Outcode Regional Hubs,https://waterhardness.uk/water-hardness/cv36,/water-hardness/cv36,CV36,Water Hardness in Outcode CV36,160,Supplier: Severn Trent Water • Sectors: 2
Outcode Regional Hubs,https://waterhardness.uk/water-hardness/cv37,/water-hardness/cv37,CV37,Water Hardness in Outcode CV37,160,Supplier: Severn Trent Water • Sectors: 7
Outcode Regional Hubs,https://waterhardness.uk/water-hardness/cv4,/water-hardness/cv4,CV4,Water Hardness in Outcode CV4,160,Supplier: Severn Trent Water • Sectors: 4
Outcode Regional Hubs,https://waterhardness.uk/water-hardness/cv47,/water-hardness/cv47,CV47,Water Hardness in Outcode CV47,160,Supplier: Severn Trent Water • Sectors: 7
Outcode Regional Hubs,https://waterhardness.uk/water-hardness/cv5,/water-hardness/cv5,CV5,Water Hardness in Outcode CV5,160,Supplier: Severn Trent Water • Sectors: 4
Outcode Regional Hubs,https://waterhardness.uk/water-hardness/cv6,/water-hardness/cv6,CV6,Water Hardness in Outcode CV6,160,Supplier: Severn Trent Water • Sectors: 8
Outcode Regional Hubs,https://waterhardness.uk/water-hardness/cv7,/water-hardness/cv7,CV7,Water Hardness in Outcode CV7,160,Supplier: Severn Trent Water • Sectors: 3
Outcode Regional Hubs,https://waterhardness.uk/water-hardness/cv8,/water-hardness/cv8,CV8,Water Hardness in Outcode CV8,160,Supplier: Severn Trent Water • Sectors: 4
Outcode Regional Hubs,https://waterhardness.uk/water-hardness/cv9,/water-hardness/cv9,CV9,Water Hardness in Outcode CV9,160,Supplier: Severn Trent Water • Sectors: 4
Outcode Regional Hubs,https://waterhardness.uk/water-hardness/cw1,/water-hardness/cw1,CW1,Water Hardness in Outcode CW1,45,Supplier: United Utilities • Sectors: 6
Outcode Regional Hubs,https://waterhardness.uk/water-hardness/cw10,/water-hardness/cw10,CW10,Water Hardness in Outcode CW10,45,Supplier: United Utilities • Sectors: 2
Outcode Regional Hubs,https://waterhardness.uk/water-hardness/cw11,/water-hardness/cw11,CW11,Water Hardness in Outcode CW11,45,Supplier: United Utilities • Sectors: 5
Outcode Regional Hubs,https://waterhardness.uk/water-hardness/cw12,/water-hardness/cw12,CW12,Water Hardness in Outcode CW12,45,Supplier: United Utilities • Sectors: 5
Outcode Regional Hubs,https://waterhardness.uk/water-hardness/cw2,/water-hardness/cw2,CW2,Water Hardness in Outcode CW2,45,Supplier: United Utilities • Sectors: 4
Outcode Regional Hubs,https://waterhardness.uk/water-hardness/cw3,/water-hardness/cw3,CW3,Water Hardness in Outcode CW3,160,Supplier: Severn Trent Water • Sectors: 1
Outcode Regional Hubs,https://waterhardness.uk/water-hardness/cw3,/water-hardness/cw3,CW3,Water Hardness in Outcode CW3,45,Supplier: United Utilities • Sectors: 1
Outcode Regional Hubs,https://waterhardness.uk/water-hardness/cw4,/water-hardness/cw4,CW4,Water Hardness in Outcode CW4,45,Supplier: United Utilities • Sectors: 2
Outcode Regional Hubs,https://waterhardness.uk/water-hardness/cw5,/water-hardness/cw5,CW5,Water Hardness in Outcode CW5,45,Supplier: United Utilities • Sectors: 5
Outcode Regional Hubs,https://waterhardness.uk/water-hardness/cw6,/water-hardness/cw6,CW6,Water Hardness in Outcode CW6,45,Supplier: United Utilities • Sectors: 3
Outcode Regional Hubs,https://waterhardness.uk/water-hardness/cw7,/water-hardness/cw7,CW7,Water Hardness in Outcode CW7,45,Supplier: United Utilities • Sectors: 5
Outcode Regional Hubs,https://waterhardness.uk/water-hardness/cw8,/water-hardness/cw8,CW8,Water Hardness in Outcode CW8,45,Supplier: United Utilities • Sectors: 4
Outcode Regional Hubs,https://waterhardness.uk/water-hardness/cw9,/water-hardness/cw9,CW9,Water Hardness in Outcode CW9,45,Supplier: United Utilities • Sectors: 5
Outcode Regional Hubs,https://waterhardness.uk/water-hardness/cw98,/water-hardness/cw98,CW98,Water Hardness in Outcode CW98,45,Supplier: United Utilities • Sectors: 1
Outcode Regional Hubs,https://waterhardness.uk/water-hardness/da1,/water-hardness/da1,DA1,Water Hardness in Outcode DA1,275,Supplier: Thames Water • Sectors: 6
Outcode Regional Hubs,https://waterhardness.uk/water-hardness/da10,/water-hardness/da10,DA10,Water Hardness in Outcode DA10,275,Supplier: Thames Water • Sectors: 3
Outcode Regional Hubs,https://waterhardness.uk/water-hardness/da11,/water-hardness/da11,DA11,Water Hardness in Outcode DA11,280,Supplier: Southern Water • Sectors: 4
Outcode Regional Hubs,https://waterhardness.uk/water-hardness/da12,/water-hardness/da12,DA12,Water Hardness in Outcode DA12,280,Supplier: Southern Water • Sectors: 6
Outcode Regional Hubs,https://waterhardness.uk/water-hardness/da13,/water-hardness/da13,DA13,Water Hardness in Outcode DA13,280,Supplier: Southern Water • Sectors: 2
Outcode Regional Hubs,https://waterhardness.uk/water-hardness/da14,/water-hardness/da14,DA14,Water Hardness in Outcode DA14,275,Supplier: Thames Water • Sectors: 3
Outcode Regional Hubs,https://waterhardness.uk/water-hardness/da15,/water-hardness/da15,DA15,Water Hardness in Outcode DA15,275,Supplier: Thames Water • Sectors: 4
Outcode Regional Hubs,https://waterhardness.uk/water-hardness/da16,/water-hardness/da16,DA16,Water Hardness in Outcode DA16,275,Supplier: Thames Water • Sectors: 3
Outcode Regional Hubs,https://waterhardness.uk/water-hardness/da17,/water-hardness/da17,DA17,Water Hardness in Outcode DA17,275,Supplier: Thames Water • Sectors: 3
Outcode Regional Hubs,https://waterhardness.uk/water-hardness/da18,/water-hardness/da18,DA18,Water Hardness in Outcode DA18,275,Supplier: Thames Water • Sectors: 1
Outcode Regional Hubs,https://waterhardness.uk/water-hardness/da2,/water-hardness/da2,DA2,Water Hardness in Outcode DA2,275,Supplier: Thames Water • Sectors: 3
Outcode Regional Hubs,https://waterhardness.uk/water-hardness/da3,/water-hardness/da3,DA3,Water Hardness in Outcode DA3,270,Supplier: South East Water • Sectors: 3
Outcode Regional Hubs,https://waterhardness.uk/water-hardness/da4,/water-hardness/da4,DA4,Water Hardness in Outcode DA4,275,Supplier: Thames Water • Sectors: 2
Outcode Regional Hubs,https://waterhardness.uk/water-hardness/da5,/water-hardness/da5,DA5,Water Hardness in Outcode DA5,275,Supplier: Thames Water • Sectors: 4
Outcode Regional Hubs,https://waterhardness.uk/water-hardness/da6,/water-hardness/da6,DA6,Water Hardness in Outcode DA6,275,Supplier: Thames Water • Sectors: 2
Outcode Regional Hubs,https://waterhardness.uk/water-hardness/da7,/water-hardness/da7,DA7,Water Hardness in Outcode DA7,275,Supplier: Thames Water • Sectors: 4
Outcode Regional Hubs,https://waterhardness.uk/water-hardness/da8,/water-hardness/da8,DA8,Water Hardness in Outcode DA8,275,Supplier: Thames Water • Sectors: 4
Outcode Regional Hubs,https://waterhardness.uk/water-hardness/da9,/water-hardness/da9,DA9,Water Hardness in Outcode DA9,275,Supplier: Thames Water • Sectors: 1
Outcode Regional Hubs,https://waterhardness.uk/water-hardness/dd1,/water-hardness/dd1,DD1,Water Hardness in Outcode DD1,25,Supplier: Scottish Water • Sectors: 6
Outcode Regional Hubs,https://waterhardness.uk/water-hardness/dd10,/water-hardness/dd10,DD10,Water Hardness in Outcode DD10,25,Supplier: Scottish Water • Sectors: 4
Outcode Regional Hubs,https://waterhardness.uk/water-hardness/dd11,/water-hardness/dd11,DD11,Water Hardness in Outcode DD11,25,Supplier: Scottish Water • Sectors: 6
Outcode Regional Hubs,https://waterhardness.uk/water-hardness/dd2,/water-hardness/dd2,DD2,Water Hardness in Outcode DD2,25,Supplier: Scottish Water • Sectors: 6
Outcode Regional Hubs,https://waterhardness.uk/water-hardness/dd3,/water-hardness/dd3,DD3,Water Hardness in Outcode DD3,25,Supplier: Scottish Water • Sectors: 5
Outcode Regional Hubs,https://waterhardness.uk/water-hardness/dd4,/water-hardness/dd4,DD4,Water Hardness in Outcode DD4,25,Supplier: Scottish Water • Sectors: 5
Outcode Regional Hubs,https://waterhardness.uk/water-hardness/dd5,/water-hardness/dd5,DD5,Water Hardness in Outcode DD5,25,Supplier: Scottish Water • Sectors: 5
Outcode Regional Hubs,https://waterhardness.uk/water-hardness/dd6,/water-hardness/dd6,DD6,Water Hardness in Outcode DD6,25,Supplier: Scottish Water • Sectors: 2
Outcode Regional Hubs,https://waterhardness.uk/water-hardness/dd7,/water-hardness/dd7,DD7,Water Hardness in Outcode DD7,25,Supplier: Scottish Water • Sectors: 2
Outcode Regional Hubs,https://waterhardness.uk/water-hardness/dd8,/water-hardness/dd8,DD8,Water Hardness in Outcode DD8,25,Supplier: Scottish Water • Sectors: 7
Outcode Regional Hubs,https://waterhardness.uk/water-hardness/dd9,/water-hardness/dd9,DD9,Water Hardness in Outcode DD9,25,Supplier: Scottish Water • Sectors: 3
Outcode Regional Hubs,https://waterhardness.uk/water-hardness/de1,/water-hardness/de1,DE1,Water Hardness in Outcode DE1,160,Supplier: Severn Trent Water • Sectors: 5
Outcode Regional Hubs,https://waterhardness.uk/water-hardness/de11,/water-hardness/de11,DE11,Water Hardness in Outcode DE11,160,Supplier: Severn Trent Water • Sectors: 5
Outcode Regional Hubs,https://waterhardness.uk/water-hardness/de12,/water-hardness/de12,DE12,Water Hardness in Outcode DE12,160,Supplier: Severn Trent Water • Sectors: 1
Outcode Regional Hubs,https://waterhardness.uk/water-hardness/de12,/water-hardness/de12,DE12,Water Hardness in Outcode DE12,300,Supplier: South Staffordshire Water • Sectors: 2
Outcode Regional Hubs,https://waterhardness.uk/water-hardness/de13,/water-hardness/de13,DE13,Water Hardness in Outcode DE13,300,Supplier: South Staffordshire Water • Sectors: 4
Outcode Regional Hubs,https://waterhardness.uk/water-hardness/de14,/water-hardness/de14,DE14,Water Hardness in Outcode DE14,300,Supplier: South Staffordshire Water • Sectors: 4
Outcode Regional Hubs,https://waterhardness.uk/water-hardness/de15,/water-hardness/de15,DE15,Water Hardness in Outcode DE15,300,Supplier: South Staffordshire Water • Sectors: 2
Outcode Regional Hubs,https://waterhardness.uk/water-hardness/de21,/water-hardness/de21,DE21,Water Hardness in Outcode DE21,160,Supplier: Severn Trent Water • Sectors: 5
Outcode Regional Hubs,https://waterhardness.uk/water-hardness/de22,/water-hardness/de22,DE22,Water Hardness in Outcode DE22,160,Supplier: Severn Trent Water • Sectors: 5
Outcode Regional Hubs,https://waterhardness.uk/water-hardness/de23,/water-hardness/de23,DE23,Water Hardness in Outcode DE23,160,Supplier: Severn Trent Water • Sectors: 6
Outcode Regional Hubs,https://waterhardness.uk/water-hardness/de24,/water-hardness/de24,DE24,Water Hardness in Outcode DE24,160,Supplier: Severn Trent Water • Sectors: 6
Outcode Regional Hubs,https://waterhardness.uk/water-hardness/de3,/water-hardness/de3,DE3,Water Hardness in Outcode DE3,160,Supplier: Severn Trent Water • Sectors: 2
Outcode Regional Hubs,https://waterhardness.uk/water-hardness/de4,/water-hardness/de4,DE4,Water Hardness in Outcode DE4,160,Supplier: Severn Trent Water • Sectors: 5
Outcode Regional Hubs,https://waterhardness.uk/water-hardness/de45,/water-hardness/de45,DE45,Water Hardness in Outcode DE45,160,Supplier: Severn Trent Water • Sectors: 2
Outcode Regional Hubs,https://waterhardness.uk/water-hardness/de5,/water-hardness/de5,DE5,Water Hardness in Outcode DE5,160,Supplier: Severn Trent Water • Sectors: 4
Outcode Regional Hubs,https://waterhardness.uk/water-hardness/de55,/water-hardness/de55,DE55,Water Hardness in Outcode DE55,160,Supplier: Severn Trent Water • Sectors: 8
Outcode Regional Hubs,https://waterhardness.uk/water-hardness/de56,/water-hardness/de56,DE56,Water Hardness in Outcode DE56,160,Supplier: Severn Trent Water • Sectors: 5
Outcode Regional Hubs,https://waterhardness.uk/water-hardness/de6,/water-hardness/de6,DE6,Water Hardness in Outcode DE6,160,Supplier: Severn Trent Water • Sectors: 5
Outcode Regional Hubs,https://waterhardness.uk/water-hardness/de6,/water-hardness/de6,DE6,Water Hardness in Outcode DE6,300,Supplier: South Staffordshire Water • Sectors: 1
Outcode Regional Hubs,https://waterhardness.uk/water-hardness/de65,/water-hardness/de65,DE65,Water Hardness in Outcode DE65,160,Supplier: Severn Trent Water • Sectors: 2
Outcode Regional Hubs,https://waterhardness.uk/water-hardness/de65,/water-hardness/de65,DE65,Water Hardness in Outcode DE65,300,Supplier: South Staffordshire Water • Sectors: 1
Outcode Regional Hubs,https://waterhardness.uk/water-hardness/de7,/water-hardness/de7,DE7,Water Hardness in Outcode DE7,160,Supplier: Severn Trent Water • Sectors: 6
Outcode Regional Hubs,https://waterhardness.uk/water-hardness/de72,/water-hardness/de72,DE72,Water Hardness in Outcode DE72,160,Supplier: Severn Trent Water • Sectors: 2
Outcode Regional Hubs,https://waterhardness.uk/water-hardness/de73,/water-hardness/de73,DE73,Water Hardness in Outcode DE73,160,Supplier: Severn Trent Water • Sectors: 4
Outcode Regional Hubs,https://waterhardness.uk/water-hardness/de74,/water-hardness/de74,DE74,Water Hardness in Outcode DE74,160,Supplier: Severn Trent Water • Sectors: 2
Outcode Regional Hubs,https://waterhardness.uk/water-hardness/de75,/water-hardness/de75,DE75,Water Hardness in Outcode DE75,160,Supplier: Severn Trent Water • Sectors: 2
Outcode Regional Hubs,https://waterhardness.uk/water-hardness/de99,/water-hardness/de99,DE99,Water Hardness in Outcode DE99,160,Supplier: Severn Trent Water • Sectors: 1
Outcode Regional Hubs,https://waterhardness.uk/water-hardness/dg1,/water-hardness/dg1,DG1,Water Hardness in Outcode DG1,45,Supplier: United Utilities • Sectors: 5
Outcode Regional Hubs,https://waterhardness.uk/water-hardness/dg10,/water-hardness/dg10,DG10,Water Hardness in Outcode DG10,130,Supplier: Northumbrian Water • Sectors: 1
Outcode Regional Hubs,https://waterhardness.uk/water-hardness/dg10,/water-hardness/dg10,DG10,Water Hardness in Outcode DG10,45,Supplier: United Utilities • Sectors: 1
Outcode Regional Hubs,https://waterhardness.uk/water-hardness/dg11,/water-hardness/dg11,DG11,Water Hardness in Outcode DG11,45,Supplier: United Utilities • Sectors: 4
Outcode Regional Hubs,https://waterhardness.uk/water-hardness/dg12,/water-hardness/dg12,DG12,Water Hardness in Outcode DG12,45,Supplier: United Utilities • Sectors: 3
Outcode Regional Hubs,https://waterhardness.uk/water-hardness/dg13,/water-hardness/dg13,DG13,Water Hardness in Outcode DG13,45,Supplier: United Utilities • Sectors: 1
Outcode Regional Hubs,https://waterhardness.uk/water-hardness/dg14,/water-hardness/dg14,DG14,Water Hardness in Outcode DG14,45,Supplier: United Utilities • Sectors: 1
Outcode Regional Hubs,https://waterhardness.uk/water-hardness/dg16,/water-hardness/dg16,DG16,Water Hardness in Outcode DG16,45,Supplier: United Utilities • Sectors: 1
Outcode Regional Hubs,https://waterhardness.uk/water-hardness/dg2,/water-hardness/dg2,DG2,Water Hardness in Outcode DG2,45,Supplier: United Utilities • Sectors: 4
Outcode Regional Hubs,https://waterhardness.uk/water-hardness/dg3,/water-hardness/dg3,DG3,Water Hardness in Outcode DG3,45,Supplier: United Utilities • Sectors: 2
Outcode Regional Hubs,https://waterhardness.uk/water-hardness/dg4,/water-hardness/dg4,DG4,Water Hardness in Outcode DG4,45,Supplier: United Utilities • Sectors: 1
Outcode Regional Hubs,https://waterhardness.uk/water-hardness/dg5,/water-hardness/dg5,DG5,Water Hardness in Outcode DG5,45,Supplier: United Utilities • Sectors: 1
Outcode Regional Hubs,https://waterhardness.uk/water-hardness/dg6,/water-hardness/dg6,DG6,Water Hardness in Outcode DG6,130,Supplier: Northumbrian Water • Sectors: 1
Outcode Regional Hubs,https://waterhardness.uk/water-hardness/dg6,/water-hardness/dg6,DG6,Water Hardness in Outcode DG6,45,Supplier: United Utilities • Sectors: 1
Outcode Regional Hubs,https://waterhardness.uk/water-hardness/dg7,/water-hardness/dg7,DG7,Water Hardness in Outcode DG7,45,Supplier: United Utilities • Sectors: 4
Outcode Regional Hubs,https://waterhardness.uk/water-hardness/dg8,/water-hardness/dg8,DG8,Water Hardness in Outcode DG8,45,Supplier: United Utilities • Sectors: 5
Outcode Regional Hubs,https://waterhardness.uk/water-hardness/dg9,/water-hardness/dg9,DG9,Water Hardness in Outcode DG9,45,Supplier: United Utilities • Sectors: 5
Outcode Regional Hubs,https://waterhardness.uk/water-hardness/dh1,/water-hardness/dh1,DH1,Water Hardness in Outcode DH1,130,Supplier: Northumbrian Water • Sectors: 6
Outcode Regional Hubs,https://waterhardness.uk/water-hardness/dh2,/water-hardness/dh2,DH2,Water Hardness in Outcode DH2,130,Supplier: Northumbrian Water • Sectors: 3
Outcode Regional Hubs,https://waterhardness.uk/water-hardness/dh3,/water-hardness/dh3,DH3,Water Hardness in Outcode DH3,130,Supplier: Northumbrian Water • Sectors: 5
Outcode Regional Hubs,https://waterhardness.uk/water-hardness/dh4,/water-hardness/dh4,DH4,Water Hardness in Outcode DH4,130,Supplier: Northumbrian Water • Sectors: 5
Outcode Regional Hubs,https://waterhardness.uk/water-hardness/dh5,/water-hardness/dh5,DH5,Water Hardness in Outcode DH5,130,Supplier: Northumbrian Water • Sectors: 3
Outcode Regional Hubs,https://waterhardness.uk/water-hardness/dh6,/water-hardness/dh6,DH6,Water Hardness in Outcode DH6,130,Supplier: Northumbrian Water • Sectors: 5
Outcode Regional Hubs,https://waterhardness.uk/water-hardness/dh7,/water-hardness/dh7,DH7,Water Hardness in Outcode DH7,130,Supplier: Northumbrian Water • Sectors: 5
Outcode Regional Hubs,https://waterhardness.uk/water-hardness/dh8,/water-hardness/dh8,DH8,Water Hardness in Outcode DH8,130,Supplier: Northumbrian Water • Sectors: 7
Outcode Regional Hubs,https://waterhardness.uk/water-hardness/dh9,/water-hardness/dh9,DH9,Water Hardness in Outcode DH9,130,Supplier: Northumbrian Water • Sectors: 5
Outcode Regional Hubs,https://waterhardness.uk/water-hardness/dh97,/water-hardness/dh97,DH97,Water Hardness in Outcode DH97,130,Supplier: Northumbrian Water • Sectors: 1
Outcode Regional Hubs,https://waterhardness.uk/water-hardness/dh98,/water-hardness/dh98,DH98,Water Hardness in Outcode DH98,130,Supplier: Northumbrian Water • Sectors: 1
Outcode Regional Hubs,https://waterhardness.uk/water-hardness/dh99,/water-hardness/dh99,DH99,Water Hardness in Outcode DH99,130,Supplier: Northumbrian Water • Sectors: 1
Outcode Regional Hubs,https://waterhardness.uk/water-hardness/dl1,/water-hardness/dl1,DL1,Water Hardness in Outcode DL1,130,Supplier: Northumbrian Water • Sectors: 6
Outcode Regional Hubs,https://waterhardness.uk/water-hardness/dl10,/water-hardness/dl10,DL10,Water Hardness in Outcode DL10,110,Supplier: Yorkshire Water • Sectors: 5
Outcode Regional Hubs,https://waterhardness.uk/water-hardness/dl11,/water-hardness/dl11,DL11,Water Hardness in Outcode DL11,110,Supplier: Yorkshire Water • Sectors: 2
Outcode Regional Hubs,https://waterhardness.uk/water-hardness/dl12,/water-hardness/dl12,DL12,Water Hardness in Outcode DL12,130,Supplier: Northumbrian Water • Sectors: 4
Outcode Regional Hubs,https://waterhardness.uk/water-hardness/dl13,/water-hardness/dl13,DL13,Water Hardness in Outcode DL13,130,Supplier: Northumbrian Water • Sectors: 5
Outcode Regional Hubs,https://waterhardness.uk/water-hardness/dl14,/water-hardness/dl14,DL14,Water Hardness in Outcode DL14,130,Supplier: Northumbrian Water • Sectors: 6
Outcode Regional Hubs,https://waterhardness.uk/water-hardness/dl15,/water-hardness/dl15,DL15,Water Hardness in Outcode DL15,130,Supplier: Northumbrian Water • Sectors: 3
Outcode Regional Hubs,https://waterhardness.uk/water-hardness/dl16,/water-hardness/dl16,DL16,Water Hardness in Outcode DL16,130,Supplier: Northumbrian Water • Sectors: 3
Outcode Regional Hubs,https://waterhardness.uk/water-hardness/dl17,/water-hardness/dl17,DL17,Water Hardness in Outcode DL17,130,Supplier: Northumbrian Water • Sectors: 3
Outcode Regional Hubs,https://waterhardness.uk/water-hardness/dl2,/water-hardness/dl2,DL2,Water Hardness in Outcode DL2,130,Supplier: Northumbrian Water • Sectors: 3
Outcode Regional Hubs,https://waterhardness.uk/water-hardness/dl3,/water-hardness/dl3,DL3,Water Hardness in Outcode DL3,130,Supplier: Northumbrian Water • Sectors: 5
Outcode Regional Hubs,https://waterhardness.uk/water-hardness/dl4,/water-hardness/dl4,DL4,Water Hardness in Outcode DL4,130,Supplier: Northumbrian Water • Sectors: 2
Outcode Regional Hubs,https://waterhardness.uk/water-hardness/dl5,/water-hardness/dl5,DL5,Water Hardness in Outcode DL5,130,Supplier: Northumbrian Water • Sectors: 5
Outcode Regional Hubs,https://waterhardness.uk/water-hardness/dl6,/water-hardness/dl6,DL6,Water Hardness in Outcode DL6,110,Supplier: Yorkshire Water • Sectors: 3
Outcode Regional Hubs,https://waterhardness.uk/water-hardness/dl7,/water-hardness/dl7,DL7,Water Hardness in Outcode DL7,110,Supplier: Yorkshire Water • Sectors: 4
Outcode Regional Hubs,https://waterhardness.uk/water-hardness/dl8,/water-hardness/dl8,DL8,Water Hardness in Outcode DL8,110,Supplier: Yorkshire Water • Sectors: 6
Outcode Regional Hubs,https://waterhardness.uk/water-hardness/dl9,/water-hardness/dl9,DL9,Water Hardness in Outcode DL9,110,Supplier: Yorkshire Water • Sectors: 2
Outcode Regional Hubs,https://waterhardness.uk/water-hardness/dl98,/water-hardness/dl98,DL98,Water Hardness in Outcode DL98,130,Supplier: Northumbrian Water • Sectors: 1
Outcode Regional Hubs,https://waterhardness.uk/water-hardness/dn1,/water-hardness/dn1,DN1,Water Hardness in Outcode DN1,110,Supplier: Yorkshire Water • Sectors: 4
Outcode Regional Hubs,https://waterhardness.uk/water-hardness/dn10,/water-hardness/dn10,DN10,Water Hardness in Outcode DN10,310,Supplier: Anglian Water • Sectors: 2
Outcode Regional Hubs,https://waterhardness.uk/water-hardness/dn10,/water-hardness/dn10,DN10,Water Hardness in Outcode DN10,110,Supplier: Yorkshire Water • Sectors: 1
Outcode Regional Hubs,https://waterhardness.uk/water-hardness/dn11,/water-hardness/dn11,DN11,Water Hardness in Outcode DN11,160,Supplier: Severn Trent Water • Sectors: 1
Outcode Regional Hubs,https://waterhardness.uk/water-hardness/dn11,/water-hardness/dn11,DN11,Water Hardness in Outcode DN11,110,Supplier: Yorkshire Water • Sectors: 2
Outcode Regional Hubs,https://waterhardness.uk/water-hardness/dn12,/water-hardness/dn12,DN12,Water Hardness in Outcode DN12,110,Supplier: Yorkshire Water • Sectors: 4
Outcode Regional Hubs,https://waterhardness.uk/water-hardness/dn14,/water-hardness/dn14,DN14,Water Hardness in Outcode DN14,110,Supplier: Yorkshire Water • Sectors: 7
Outcode Regional Hubs,https://waterhardness.uk/water-hardness/dn15,/water-hardness/dn15,DN15,Water Hardness in Outcode DN15,310,Supplier: Anglian Water • Sectors: 6
Outcode Regional Hubs,https://waterhardness.uk/water-hardness/dn16,/water-hardness/dn16,DN16,Water Hardness in Outcode DN16,310,Supplier: Anglian Water • Sectors: 3
Outcode Regional Hubs,https://waterhardness.uk/water-hardness/dn17,/water-hardness/dn17,DN17,Water Hardness in Outcode DN17,310,Supplier: Anglian Water • Sectors: 3
Outcode Regional Hubs,https://waterhardness.uk/water-hardness/dn17,/water-hardness/dn17,DN17,Water Hardness in Outcode DN17,110,Supplier: Yorkshire Water • Sectors: 1
Outcode Regional Hubs,https://waterhardness.uk/water-hardness/dn18,/water-hardness/dn18,DN18,Water Hardness in Outcode DN18,310,Supplier: Anglian Water • Sectors: 3
Outcode Regional Hubs,https://waterhardness.uk/water-hardness/dn19,/water-hardness/dn19,DN19,Water Hardness in Outcode DN19,310,Supplier: Anglian Water • Sectors: 2
Outcode Regional Hubs,https://waterhardness.uk/water-hardness/dn2,/water-hardness/dn2,DN2,Water Hardness in Outcode DN2,110,Supplier: Yorkshire Water • Sectors: 3
Outcode Regional Hubs,https://waterhardness.uk/water-hardness/dn20,/water-hardness/dn20,DN20,Water Hardness in Outcode DN20,310,Supplier: Anglian Water • Sectors: 4
Outcode Regional Hubs,https://waterhardness.uk/water-hardness/dn21,/water-hardness/dn21,DN21,Water Hardness in Outcode DN21,310,Supplier: Anglian Water • Sectors: 6
Outcode Regional Hubs,https://waterhardness.uk/water-hardness/dn22,/water-hardness/dn22,DN22,Water Hardness in Outcode DN22,310,Supplier: Anglian Water • Sectors: 8
Outcode Regional Hubs,https://waterhardness.uk/water-hardness/dn3,/water-hardness/dn3,DN3,Water Hardness in Outcode DN3,110,Supplier: Yorkshire Water • Sectors: 3
Outcode Regional Hubs,https://waterhardness.uk/water-hardness/dn31,/water-hardness/dn31,DN31,Water Hardness in Outcode DN31,310,Supplier: Anglian Water • Sectors: 4
Outcode Regional Hubs,https://waterhardness.uk/water-hardness/dn32,/water-hardness/dn32,DN32,Water Hardness in Outcode DN32,310,Supplier: Anglian Water • Sectors: 4
Outcode Regional Hubs,https://waterhardness.uk/water-hardness/dn33,/water-hardness/dn33,DN33,Water Hardness in Outcode DN33,310,Supplier: Anglian Water • Sectors: 3
Outcode Regional Hubs,https://waterhardness.uk/water-hardness/dn34,/water-hardness/dn34,DN34,Water Hardness in Outcode DN34,310,Supplier: Anglian Water • Sectors: 2
Outcode Regional Hubs,https://waterhardness.uk/water-hardness/dn35,/water-hardness/dn35,DN35,Water Hardness in Outcode DN35,310,Supplier: Anglian Water • Sectors: 4
Outcode Regional Hubs,https://waterhardness.uk/water-hardness/dn36,/water-hardness/dn36,DN36,Water Hardness in Outcode DN36,310,Supplier: Anglian Water • Sectors: 2
Outcode Regional Hubs,https://waterhardness.uk/water-hardness/dn37,/water-hardness/dn37,DN37,Water Hardness in Outcode DN37,310,Supplier: Anglian Water • Sectors: 4
Outcode Regional Hubs,https://waterhardness.uk/water-hardness/dn38,/water-hardness/dn38,DN38,Water Hardness in Outcode DN38,310,Supplier: Anglian Water • Sectors: 1
Outcode Regional Hubs,https://waterhardness.uk/water-hardness/dn39,/water-hardness/dn39,DN39,Water Hardness in Outcode DN39,310,Supplier: Anglian Water • Sectors: 1
Outcode Regional Hubs,https://waterhardness.uk/water-hardness/dn4,/water-hardness/dn4,DN4,Water Hardness in Outcode DN4,110,Supplier: Yorkshire Water • Sectors: 6
Outcode Regional Hubs,https://waterhardness.uk/water-hardness/dn40,/water-hardness/dn40,DN40,Water Hardness in Outcode DN40,310,Supplier: Anglian Water • Sectors: 4
Outcode Regional Hubs,https://waterhardness.uk/water-hardness/dn41,/water-hardness/dn41,DN41,Water Hardness in Outcode DN41,310,Supplier: Anglian Water • Sectors: 2
Outcode Regional Hubs,https://waterhardness.uk/water-hardness/dn5,/water-hardness/dn5,DN5,Water Hardness in Outcode DN5,110,Supplier: Yorkshire Water • Sectors: 4
Outcode Regional Hubs,https://waterhardness.uk/water-hardness/dn6,/water-hardness/dn6,DN6,Water Hardness in Outcode DN6,110,Supplier: Yorkshire Water • Sectors: 4
Outcode Regional Hubs,https://waterhardness.uk/water-hardness/dn7,/water-hardness/dn7,DN7,Water Hardness in Outcode DN7,110,Supplier: Yorkshire Water • Sectors: 3
Outcode Regional Hubs,https://waterhardness.uk/water-hardness/dn8,/water-hardness/dn8,DN8,Water Hardness in Outcode DN8,110,Supplier: Yorkshire Water • Sectors: 2
Outcode Regional Hubs,https://waterhardness.uk/water-hardness/dn9,/water-hardness/dn9,DN9,Water Hardness in Outcode DN9,110,Supplier: Yorkshire Water • Sectors: 3
Outcode Regional Hubs,https://waterhardness.uk/water-hardness/dt1,/water-hardness/dt1,DT1,Water Hardness in Outcode DT1,290,Supplier: Wessex Water • Sectors: 4
Outcode Regional Hubs,https://waterhardness.uk/water-hardness/dt10,/water-hardness/dt10,DT10,Water Hardness in Outcode DT10,290,Supplier: Wessex Water • Sectors: 3
Outcode Regional Hubs,https://waterhardness.uk/water-hardness/dt11,/water-hardness/dt11,DT11,Water Hardness in Outcode DT11,290,Supplier: Wessex Water • Sectors: 5
Outcode Regional Hubs,https://waterhardness.uk/water-hardness/dt2,/water-hardness/dt2,DT2,Water Hardness in Outcode DT2,290,Supplier: Wessex Water • Sectors: 4
Outcode Regional Hubs,https://waterhardness.uk/water-hardness/dt3,/water-hardness/dt3,DT3,Water Hardness in Outcode DT3,290,Supplier: Wessex Water • Sectors: 3
Outcode Regional Hubs,https://waterhardness.uk/water-hardness/dt4,/water-hardness/dt4,DT4,Water Hardness in Outcode DT4,290,Supplier: Wessex Water • Sectors: 5
Outcode Regional Hubs,https://waterhardness.uk/water-hardness/dt5,/water-hardness/dt5,DT5,Water Hardness in Outcode DT5,290,Supplier: Wessex Water • Sectors: 3
Outcode Regional Hubs,https://waterhardness.uk/water-hardness/dt6,/water-hardness/dt6,DT6,Water Hardness in Outcode DT6,290,Supplier: Wessex Water • Sectors: 5
Outcode Regional Hubs,https://waterhardness.uk/water-hardness/dt7,/water-hardness/dt7,DT7,Water Hardness in Outcode DT7,40,Supplier: South West Water • Sectors: 1
Outcode Regional Hubs,https://waterhardness.uk/water-hardness/dt8,/water-hardness/dt8,DT8,Water Hardness in Outcode DT8,290,Supplier: Wessex Water • Sectors: 1
Outcode Regional Hubs,https://waterhardness.uk/water-hardness/dt9,/water-hardness/dt9,DT9,Water Hardness in Outcode DT9,290,Supplier: Wessex Water • Sectors: 5
Outcode Regional Hubs,https://waterhardness.uk/water-hardness/dy1,/water-hardness/dy1,DY1,Water Hardness in Outcode DY1,300,Supplier: South Staffordshire Water • Sectors: 5
Outcode Regional Hubs,https://waterhardness.uk/water-hardness/dy10,/water-hardness/dy10,DY10,Water Hardness in Outcode DY10,160,Supplier: Severn Trent Water • Sectors: 4
Outcode Regional Hubs,https://waterhardness.uk/water-hardness/dy11,/water-hardness/dy11,DY11,Water Hardness in Outcode DY11,160,Supplier: Severn Trent Water • Sectors: 4
Outcode Regional Hubs,https://waterhardness.uk/water-hardness/dy12,/water-hardness/dy12,DY12,Water Hardness in Outcode DY12,160,Supplier: Severn Trent Water • Sectors: 4
Outcode Regional Hubs,https://waterhardness.uk/water-hardness/dy13,/water-hardness/dy13,DY13,Water Hardness in Outcode DY13,160,Supplier: Severn Trent Water • Sectors: 4
Outcode Regional Hubs,https://waterhardness.uk/water-hardness/dy14,/water-hardness/dy14,DY14,Water Hardness in Outcode DY14,160,Supplier: Severn Trent Water • Sectors: 3
Outcode Regional Hubs,https://waterhardness.uk/water-hardness/dy2,/water-hardness/dy2,DY2,Water Hardness in Outcode DY2,300,Supplier: South Staffordshire Water • Sectors: 4
Outcode Regional Hubs,https://waterhardness.uk/water-hardness/dy3,/water-hardness/dy3,DY3,Water Hardness in Outcode DY3,160,Supplier: Severn Trent Water • Sectors: 1
Outcode Regional Hubs,https://waterhardness.uk/water-hardness/dy3,/water-hardness/dy3,DY3,Water Hardness in Outcode DY3,300,Supplier: South Staffordshire Water • Sectors: 3
Outcode Regional Hubs,https://waterhardness.uk/water-hardness/dy4,/water-hardness/dy4,DY4,Water Hardness in Outcode DY4,300,Supplier: South Staffordshire Water • Sectors: 5
Outcode Regional Hubs,https://waterhardness.uk/water-hardness/dy5,/water-hardness/dy5,DY5,Water Hardness in Outcode DY5,300,Supplier: South Staffordshire Water • Sectors: 5
Outcode Regional Hubs,https://waterhardness.uk/water-hardness/dy6,/water-hardness/dy6,DY6,Water Hardness in Outcode DY6,300,Supplier: South Staffordshire Water • Sectors: 5
Outcode Regional Hubs,https://waterhardness.uk/water-hardness/dy7,/water-hardness/dy7,DY7,Water Hardness in Outcode DY7,300,Supplier: South Staffordshire Water • Sectors: 2
Outcode Regional Hubs,https://waterhardness.uk/water-hardness/dy8,/water-hardness/dy8,DY8,Water Hardness in Outcode DY8,160,Supplier: Severn Trent Water • Sectors: 6
Outcode Regional Hubs,https://waterhardness.uk/water-hardness/dy9,/water-hardness/dy9,DY9,Water Hardness in Outcode DY9,160,Supplier: Severn Trent Water • Sectors: 4
Outcode Regional Hubs,https://waterhardness.uk/water-hardness/e1,/water-hardness/e1,E1,Water Hardness in Outcode E1,275,Supplier: Thames Water • Sectors: 9
Outcode Regional Hubs,https://waterhardness.uk/water-hardness/e10,/water-hardness/e10,E10,Water Hardness in Outcode E10,275,Supplier: Thames Water • Sectors: 4
Outcode Regional Hubs,https://waterhardness.uk/water-hardness/e11,/water-hardness/e11,E11,Water Hardness in Outcode E11,275,Supplier: Thames Water • Sectors: 5
Outcode Regional Hubs,https://waterhardness.uk/water-hardness/e12,/water-hardness/e12,E12,Water Hardness in Outcode E12,275,Supplier: Thames Water • Sectors: 3
Outcode Regional Hubs,https://waterhardness.uk/water-hardness/e13,/water-hardness/e13,E13,Water Hardness in Outcode E13,275,Supplier: Thames Water • Sectors: 4
Outcode Regional Hubs,https://waterhardness.uk/water-hardness/e14,/water-hardness/e14,E14,Water Hardness in Outcode E14,275,Supplier: Thames Water • Sectors: 10
Outcode Regional Hubs,https://waterhardness.uk/water-hardness/e15,/water-hardness/e15,E15,Water Hardness in Outcode E15,275,Supplier: Thames Water • Sectors: 5
Outcode Regional Hubs,https://waterhardness.uk/water-hardness/e16,/water-hardness/e16,E16,Water Hardness in Outcode E16,275,Supplier: Thames Water • Sectors: 5
Outcode Regional Hubs,https://waterhardness.uk/water-hardness/e17,/water-hardness/e17,E17,Water Hardness in Outcode E17,275,Supplier: Thames Water • Sectors: 8
Outcode Regional Hubs,https://waterhardness.uk/water-hardness/e18,/water-hardness/e18,E18,Water Hardness in Outcode E18,275,Supplier: Thames Water • Sectors: 3
Outcode Regional Hubs,https://waterhardness.uk/water-hardness/e1w,/water-hardness/e1w,E1W,Water Hardness in Outcode E1W,275,Supplier: Thames Water • Sectors: 4
Outcode Regional Hubs,https://waterhardness.uk/water-hardness/e2,/water-hardness/e2,E2,Water Hardness in Outcode E2,275,Supplier: Thames Water • Sectors: 6
Outcode Regional Hubs,https://waterhardness.uk/water-hardness/e20,/water-hardness/e20,E20,Water Hardness in Outcode E20,275,Supplier: Thames Water • Sectors: 3
Outcode Regional Hubs,https://waterhardness.uk/water-hardness/e22,/water-hardness/e22,E22,Water Hardness in Outcode E22,275,Supplier: Thames Water • Sectors: 2
Outcode Regional Hubs,https://waterhardness.uk/water-hardness/e3,/water-hardness/e3,E3,Water Hardness in Outcode E3,275,Supplier: Thames Water • Sectors: 5
Outcode Regional Hubs,https://waterhardness.uk/water-hardness/e4,/water-hardness/e4,E4,Water Hardness in Outcode E4,275,Supplier: Thames Water • Sectors: 5
Outcode Regional Hubs,https://waterhardness.uk/water-hardness/e5,/water-hardness/e5,E5,Water Hardness in Outcode E5,275,Supplier: Thames Water • Sectors: 4
Outcode Regional Hubs,https://waterhardness.uk/water-hardness/e6,/water-hardness/e6,E6,Water Hardness in Outcode E6,275,Supplier: Thames Water • Sectors: 7
Outcode Regional Hubs,https://waterhardness.uk/water-hardness/e7,/water-hardness/e7,E7,Water Hardness in Outcode E7,275,Supplier: Thames Water • Sectors: 4
Outcode Regional Hubs,https://waterhardness.uk/water-hardness/e8,/water-hardness/e8,E8,Water Hardness in Outcode E8,275,Supplier: Thames Water • Sectors: 5
Outcode Regional Hubs,https://waterhardness.uk/water-hardness/e9,/water-hardness/e9,E9,Water Hardness in Outcode E9,275,Supplier: Thames Water • Sectors: 4
Outcode Regional Hubs,https://waterhardness.uk/water-hardness/e98,/water-hardness/e98,E98,Water Hardness in Outcode E98,275,Supplier: Thames Water • Sectors: 1
Outcode Regional Hubs,https://waterhardness.uk/water-hardness/ec1a,/water-hardness/ec1a,EC1A,Water Hardness in Outcode EC1A,275,Supplier: Thames Water • Sectors: 5
Outcode Regional Hubs,https://waterhardness.uk/water-hardness/ec1m,/water-hardness/ec1m,EC1M,Water Hardness in Outcode EC1M,275,Supplier: Thames Water • Sectors: 5
Outcode Regional Hubs,https://waterhardness.uk/water-hardness/ec1n,/water-hardness/ec1n,EC1N,Water Hardness in Outcode EC1N,275,Supplier: Thames Water • Sectors: 4
Outcode Regional Hubs,https://waterhardness.uk/water-hardness/ec1p,/water-hardness/ec1p,EC1P,Water Hardness in Outcode EC1P,275,Supplier: Thames Water • Sectors: 1
Outcode Regional Hubs,https://waterhardness.uk/water-hardness/ec1r,/water-hardness/ec1r,EC1R,Water Hardness in Outcode EC1R,275,Supplier: Thames Water • Sectors: 5
Outcode Regional Hubs,https://waterhardness.uk/water-hardness/ec1v,/water-hardness/ec1v,EC1V,Water Hardness in Outcode EC1V,275,Supplier: Thames Water • Sectors: 8
Outcode Regional Hubs,https://waterhardness.uk/water-hardness/ec1y,/water-hardness/ec1y,EC1Y,Water Hardness in Outcode EC1Y,275,Supplier: Thames Water • Sectors: 5
Outcode Regional Hubs,https://waterhardness.uk/water-hardness/ec2a,/water-hardness/ec2a,EC2A,Water Hardness in Outcode EC2A,275,Supplier: Thames Water • Sectors: 4
Outcode Regional Hubs,https://waterhardness.uk/water-hardness/ec2m,/water-hardness/ec2m,EC2M,Water Hardness in Outcode EC2M,275,Supplier: Thames Water • Sectors: 7
Outcode Regional Hubs,https://waterhardness.uk/water-hardness/ec2n,/water-hardness/ec2n,EC2N,Water Hardness in Outcode EC2N,275,Supplier: Thames Water • Sectors: 4
Outcode Regional Hubs,https://waterhardness.uk/water-hardness/ec2p,/water-hardness/ec2p,EC2P,Water Hardness in Outcode EC2P,275,Supplier: Thames Water • Sectors: 1
Outcode Regional Hubs,https://waterhardness.uk/water-hardness/ec2r,/water-hardness/ec2r,EC2R,Water Hardness in Outcode EC2R,275,Supplier: Thames Water • Sectors: 4
Outcode Regional Hubs,https://waterhardness.uk/water-hardness/ec2v,/water-hardness/ec2v,EC2V,Water Hardness in Outcode EC2V,275,Supplier: Thames Water • Sectors: 4
Outcode Regional Hubs,https://waterhardness.uk/water-hardness/ec2y,/water-hardness/ec2y,EC2Y,Water Hardness in Outcode EC2Y,275,Supplier: Thames Water • Sectors: 3
Outcode Regional Hubs,https://waterhardness.uk/water-hardness/ec3a,/water-hardness/ec3a,EC3A,Water Hardness in Outcode EC3A,275,Supplier: Thames Water • Sectors: 8
Outcode Regional Hubs,https://waterhardness.uk/water-hardness/ec3m,/water-hardness/ec3m,EC3M,Water Hardness in Outcode EC3M,275,Supplier: Thames Water • Sectors: 8
Outcode Regional Hubs,https://waterhardness.uk/water-hardness/ec3n,/water-hardness/ec3n,EC3N,Water Hardness in Outcode EC3N,275,Supplier: Thames Water • Sectors: 4
Outcode Regional Hubs,https://waterhardness.uk/water-hardness/ec3p,/water-hardness/ec3p,EC3P,Water Hardness in Outcode EC3P,275,Supplier: Thames Water • Sectors: 1
Outcode Regional Hubs,https://waterhardness.uk/water-hardness/ec3r,/water-hardness/ec3r,EC3R,Water Hardness in Outcode EC3R,275,Supplier: Thames Water • Sectors: 4
Outcode Regional Hubs,https://waterhardness.uk/water-hardness/ec3v,/water-hardness/ec3v,EC3V,Water Hardness in Outcode EC3V,275,Supplier: Thames Water • Sectors: 5
Outcode Regional Hubs,https://waterhardness.uk/water-hardness/ec4a,/water-hardness/ec4a,EC4A,Water Hardness in Outcode EC4A,275,Supplier: Thames Water • Sectors: 4
Outcode Regional Hubs,https://waterhardness.uk/water-hardness/ec4m,/water-hardness/ec4m,EC4M,Water Hardness in Outcode EC4M,275,Supplier: Thames Water • Sectors: 5
Outcode Regional Hubs,https://waterhardness.uk/water-hardness/ec4n,/water-hardness/ec4n,EC4N,Water Hardness in Outcode EC4N,275,Supplier: Thames Water • Sectors: 6
Outcode Regional Hubs,https://waterhardness.uk/water-hardness/ec4p,/water-hardness/ec4p,EC4P,Water Hardness in Outcode EC4P,275,Supplier: Thames Water • Sectors: 1
Outcode Regional Hubs,https://waterhardness.uk/water-hardness/ec4r,/water-hardness/ec4r,EC4R,Water Hardness in Outcode EC4R,275,Supplier: Thames Water • Sectors: 5
Outcode Regional Hubs,https://waterhardness.uk/water-hardness/ec4v,/water-hardness/ec4v,EC4V,Water Hardness in Outcode EC4V,275,Supplier: Thames Water • Sectors: 5
Outcode Regional Hubs,https://waterhardness.uk/water-hardness/ec4y,/water-hardness/ec4y,EC4Y,Water Hardness in Outcode EC4Y,275,Supplier: Thames Water • Sectors: 5
Outcode Regional Hubs,https://waterhardness.uk/water-hardness/eh1,/water-hardness/eh1,EH1,Water Hardness in Outcode EH1,25,Supplier: Scottish Water • Sectors: 4
Outcode Regional Hubs,https://waterhardness.uk/water-hardness/eh10,/water-hardness/eh10,EH10,Water Hardness in Outcode EH10,25,Supplier: Scottish Water • Sectors: 5
Outcode Regional Hubs,https://waterhardness.uk/water-hardness/eh11,/water-hardness/eh11,EH11,Water Hardness in Outcode EH11,25,Supplier: Scottish Water • Sectors: 4
Outcode Regional Hubs,https://waterhardness.uk/water-hardness/eh12,/water-hardness/eh12,EH12,Water Hardness in Outcode EH12,25,Supplier: Scottish Water • Sectors: 7
Outcode Regional Hubs,https://waterhardness.uk/water-hardness/eh13,/water-hardness/eh13,EH13,Water Hardness in Outcode EH13,25,Supplier: Scottish Water • Sectors: 2
Outcode Regional Hubs,https://waterhardness.uk/water-hardness/eh14,/water-hardness/eh14,EH14,Water Hardness in Outcode EH14,25,Supplier: Scottish Water • Sectors: 8
Outcode Regional Hubs,https://waterhardness.uk/water-hardness/eh15,/water-hardness/eh15,EH15,Water Hardness in Outcode EH15,25,Supplier: Scottish Water • Sectors: 4
Outcode Regional Hubs,https://waterhardness.uk/water-hardness/eh16,/water-hardness/eh16,EH16,Water Hardness in Outcode EH16,25,Supplier: Scottish Water • Sectors: 4
Outcode Regional Hubs,https://waterhardness.uk/water-hardness/eh17,/water-hardness/eh17,EH17,Water Hardness in Outcode EH17,25,Supplier: Scottish Water • Sectors: 2
Outcode Regional Hubs,https://waterhardness.uk/water-hardness/eh18,/water-hardness/eh18,EH18,Water Hardness in Outcode EH18,25,Supplier: Scottish Water • Sectors: 1
Outcode Regional Hubs,https://waterhardness.uk/water-hardness/eh19,/water-hardness/eh19,EH19,Water Hardness in Outcode EH19,25,Supplier: Scottish Water • Sectors: 2
Outcode Regional Hubs,https://waterhardness.uk/water-hardness/eh2,/water-hardness/eh2,EH2,Water Hardness in Outcode EH2,25,Supplier: Scottish Water • Sectors: 5
Outcode Regional Hubs,https://waterhardness.uk/water-hardness/eh20,/water-hardness/eh20,EH20,Water Hardness in Outcode EH20,25,Supplier: Scottish Water • Sectors: 2
Outcode Regional Hubs,https://waterhardness.uk/water-hardness/eh21,/water-hardness/eh21,EH21,Water Hardness in Outcode EH21,25,Supplier: Scottish Water • Sectors: 4
Outcode Regional Hubs,https://waterhardness.uk/water-hardness/eh22,/water-hardness/eh22,EH22,Water Hardness in Outcode EH22,25,Supplier: Scottish Water • Sectors: 6
Outcode Regional Hubs,https://waterhardness.uk/water-hardness/eh23,/water-hardness/eh23,EH23,Water Hardness in Outcode EH23,25,Supplier: Scottish Water • Sectors: 1
Outcode Regional Hubs,https://waterhardness.uk/water-hardness/eh24,/water-hardness/eh24,EH24,Water Hardness in Outcode EH24,25,Supplier: Scottish Water • Sectors: 1
Outcode Regional Hubs,https://waterhardness.uk/water-hardness/eh25,/water-hardness/eh25,EH25,Water Hardness in Outcode EH25,25,Supplier: Scottish Water • Sectors: 1
Outcode Regional Hubs,https://waterhardness.uk/water-hardness/eh26,/water-hardness/eh26,EH26,Water Hardness in Outcode EH26,25,Supplier: Scottish Water • Sectors: 4
Outcode Regional Hubs,https://waterhardness.uk/water-hardness/eh27,/water-hardness/eh27,EH27,Water Hardness in Outcode EH27,25,Supplier: Scottish Water • Sectors: 1
Outcode Regional Hubs,https://waterhardness.uk/water-hardness/eh28,/water-hardness/eh28,EH28,Water Hardness in Outcode EH28,25,Supplier: Scottish Water • Sectors: 2
Outcode Regional Hubs,https://waterhardness.uk/water-hardness/eh29,/water-hardness/eh29,EH29,Water Hardness in Outcode EH29,25,Supplier: Scottish Water • Sectors: 1
Outcode Regional Hubs,https://waterhardness.uk/water-hardness/eh3,/water-hardness/eh3,EH3,Water Hardness in Outcode EH3,25,Supplier: Scottish Water • Sectors: 6
Outcode Regional Hubs,https://waterhardness.uk/water-hardness/eh30,/water-hardness/eh30,EH30,Water Hardness in Outcode EH30,25,Supplier: Scottish Water • Sectors: 1
Outcode Regional Hubs,https://waterhardness.uk/water-hardness/eh31,/water-hardness/eh31,EH31,Water Hardness in Outcode EH31,25,Supplier: Scottish Water • Sectors: 1
Outcode Regional Hubs,https://waterhardness.uk/water-hardness/eh32,/water-hardness/eh32,EH32,Water Hardness in Outcode EH32,25,Supplier: Scottish Water • Sectors: 3
Outcode Regional Hubs,https://waterhardness.uk/water-hardness/eh33,/water-hardness/eh33,EH33,Water Hardness in Outcode EH33,25,Supplier: Scottish Water • Sectors: 2
Outcode Regional Hubs,https://waterhardness.uk/water-hardness/eh34,/water-hardness/eh34,EH34,Water Hardness in Outcode EH34,25,Supplier: Scottish Water • Sectors: 1
Outcode Regional Hubs,https://waterhardness.uk/water-hardness/eh35,/water-hardness/eh35,EH35,Water Hardness in Outcode EH35,25,Supplier: Scottish Water • Sectors: 1
Outcode Regional Hubs,https://waterhardness.uk/water-hardness/eh36,/water-hardness/eh36,EH36,Water Hardness in Outcode EH36,25,Supplier: Scottish Water • Sectors: 1
Outcode Regional Hubs,https://waterhardness.uk/water-hardness/eh37,/water-hardness/eh37,EH37,Water Hardness in Outcode EH37,25,Supplier: Scottish Water • Sectors: 1
Outcode Regional Hubs,https://waterhardness.uk/water-hardness/eh38,/water-hardness/eh38,EH38,Water Hardness in Outcode EH38,25,Supplier: Scottish Water • Sectors: 1
Outcode Regional Hubs,https://waterhardness.uk/water-hardness/eh39,/water-hardness/eh39,EH39,Water Hardness in Outcode EH39,25,Supplier: Scottish Water • Sectors: 3
Outcode Regional Hubs,https://waterhardness.uk/water-hardness/eh4,/water-hardness/eh4,EH4,Water Hardness in Outcode EH4,25,Supplier: Scottish Water • Sectors: 9
Outcode Regional Hubs,https://waterhardness.uk/water-hardness/eh40,/water-hardness/eh40,EH40,Water Hardness in Outcode EH40,25,Supplier: Scottish Water • Sectors: 1
Outcode Regional Hubs,https://waterhardness.uk/water-hardness/eh41,/water-hardness/eh41,EH41,Water Hardness in Outcode EH41,25,Supplier: Scottish Water • Sectors: 3
Outcode Regional Hubs,https://waterhardness.uk/water-hardness/eh42,/water-hardness/eh42,EH42,Water Hardness in Outcode EH42,25,Supplier: Scottish Water • Sectors: 2
Outcode Regional Hubs,https://waterhardness.uk/water-hardness/eh43,/water-hardness/eh43,EH43,Water Hardness in Outcode EH43,25,Supplier: Scottish Water • Sectors: 1
Outcode Regional Hubs,https://waterhardness.uk/water-hardness/eh44,/water-hardness/eh44,EH44,Water Hardness in Outcode EH44,25,Supplier: Scottish Water • Sectors: 1
Outcode Regional Hubs,https://waterhardness.uk/water-hardness/eh45,/water-hardness/eh45,EH45,Water Hardness in Outcode EH45,25,Supplier: Scottish Water • Sectors: 3
Outcode Regional Hubs,https://waterhardness.uk/water-hardness/eh46,/water-hardness/eh46,EH46,Water Hardness in Outcode EH46,25,Supplier: Scottish Water • Sectors: 1
Outcode Regional Hubs,https://waterhardness.uk/water-hardness/eh47,/water-hardness/eh47,EH47,Water Hardness in Outcode EH47,25,Supplier: Scottish Water • Sectors: 4
Outcode Regional Hubs,https://waterhardness.uk/water-hardness/eh48,/water-hardness/eh48,EH48,Water Hardness in Outcode EH48,25,Supplier: Scottish Water • Sectors: 5
Outcode Regional Hubs,https://waterhardness.uk/water-hardness/eh49,/water-hardness/eh49,EH49,Water Hardness in Outcode EH49,25,Supplier: Scottish Water • Sectors: 3
Outcode Regional Hubs,https://waterhardness.uk/water-hardness/eh5,/water-hardness/eh5,EH5,Water Hardness in Outcode EH5,25,Supplier: Scottish Water • Sectors: 3
Outcode Regional Hubs,https://waterhardness.uk/water-hardness/eh51,/water-hardness/eh51,EH51,Water Hardness in Outcode EH51,25,Supplier: Scottish Water • Sectors: 2
Outcode Regional Hubs,https://waterhardness.uk/water-hardness/eh52,/water-hardness/eh52,EH52,Water Hardness in Outcode EH52,25,Supplier: Scottish Water • Sectors: 4
Outcode Regional Hubs,https://waterhardness.uk/water-hardness/eh53,/water-hardness/eh53,EH53,Water Hardness in Outcode EH53,25,Supplier: Scottish Water • Sectors: 1
Outcode Regional Hubs,https://waterhardness.uk/water-hardness/eh54,/water-hardness/eh54,EH54,Water Hardness in Outcode EH54,25,Supplier: Scottish Water • Sectors: 6
Outcode Regional Hubs,https://waterhardness.uk/water-hardness/eh55,/water-hardness/eh55,EH55,Water Hardness in Outcode EH55,25,Supplier: Scottish Water • Sectors: 1
Outcode Regional Hubs,https://waterhardness.uk/water-hardness/eh6,/water-hardness/eh6,EH6,Water Hardness in Outcode EH6,25,Supplier: Scottish Water • Sectors: 6
Outcode Regional Hubs,https://waterhardness.uk/water-hardness/eh7,/water-hardness/eh7,EH7,Water Hardness in Outcode EH7,25,Supplier: Scottish Water • Sectors: 4
Outcode Regional Hubs,https://waterhardness.uk/water-hardness/eh8,/water-hardness/eh8,EH8,Water Hardness in Outcode EH8,25,Supplier: Scottish Water • Sectors: 3
Outcode Regional Hubs,https://waterhardness.uk/water-hardness/eh9,/water-hardness/eh9,EH9,Water Hardness in Outcode EH9,25,Supplier: Scottish Water • Sectors: 4
Outcode Regional Hubs,https://waterhardness.uk/water-hardness/eh91,/water-hardness/eh91,EH91,Water Hardness in Outcode EH91,25,Supplier: Scottish Water • Sectors: 1
Outcode Regional Hubs,https://waterhardness.uk/water-hardness/eh95,/water-hardness/eh95,EH95,Water Hardness in Outcode EH95,25,Supplier: Scottish Water • Sectors: 1
Outcode Regional Hubs,https://waterhardness.uk/water-hardness/eh99,/water-hardness/eh99,EH99,Water Hardness in Outcode EH99,25,Supplier: Scottish Water • Sectors: 1
Outcode Regional Hubs,https://waterhardness.uk/water-hardness/en1,/water-hardness/en1,EN1,Water Hardness in Outcode EN1,275,Supplier: Thames Water • Sectors: 5
Outcode Regional Hubs,https://waterhardness.uk/water-hardness/en10,/water-hardness/en10,EN10,Water Hardness in Outcode EN10,275,Supplier: Thames Water • Sectors: 2
Outcode Regional Hubs,https://waterhardness.uk/water-hardness/en11,/water-hardness/en11,EN11,Water Hardness in Outcode EN11,275,Supplier: Thames Water • Sectors: 4
Outcode Regional Hubs,https://waterhardness.uk/water-hardness/en2,/water-hardness/en2,EN2,Water Hardness in Outcode EN2,275,Supplier: Thames Water • Sectors: 5
Outcode Regional Hubs,https://waterhardness.uk/water-hardness/en3,/water-hardness/en3,EN3,Water Hardness in Outcode EN3,275,Supplier: Thames Water • Sectors: 4
Outcode Regional Hubs,https://waterhardness.uk/water-hardness/en4,/water-hardness/en4,EN4,Water Hardness in Outcode EN4,290,Supplier: Affinity Water • Sectors: 3
Outcode Regional Hubs,https://waterhardness.uk/water-hardness/en5,/water-hardness/en5,EN5,Water Hardness in Outcode EN5,290,Supplier: Affinity Water • Sectors: 6
Outcode Regional Hubs,https://waterhardness.uk/water-hardness/en6,/water-hardness/en6,EN6,Water Hardness in Outcode EN6,290,Supplier: Affinity Water • Sectors: 6
Outcode Regional Hubs,https://waterhardness.uk/water-hardness/en7,/water-hardness/en7,EN7,Water Hardness in Outcode EN7,275,Supplier: Thames Water • Sectors: 2
Outcode Regional Hubs,https://waterhardness.uk/water-hardness/en77,/water-hardness/en77,EN77,Water Hardness in Outcode EN77,130,Supplier: Northumbrian Water • Sectors: 1
Outcode Regional Hubs,https://waterhardness.uk/water-hardness/en8,/water-hardness/en8,EN8,Water Hardness in Outcode EN8,275,Supplier: Thames Water • Sectors: 5
Outcode Regional Hubs,https://waterhardness.uk/water-hardness/en9,/water-hardness/en9,EN9,Water Hardness in Outcode EN9,290,Supplier: Affinity Water • Sectors: 1
Outcode Regional Hubs,https://waterhardness.uk/water-hardness/en9,/water-hardness/en9,EN9,Water Hardness in Outcode EN9,275,Supplier: Thames Water • Sectors: 2
Outcode Regional Hubs,https://waterhardness.uk/water-hardness/ex1,/water-hardness/ex1,EX1,Water Hardness in Outcode EX1,40,Supplier: South West Water • Sectors: 5
Outcode Regional Hubs,https://waterhardness.uk/water-hardness/ex10,/water-hardness/ex10,EX10,Water Hardness in Outcode EX10,40,Supplier: South West Water • Sectors: 4
Outcode Regional Hubs,https://waterhardness.uk/water-hardness/ex11,/water-hardness/ex11,EX11,Water Hardness in Outcode EX11,40,Supplier: South West Water • Sectors: 1
Outcode Regional Hubs,https://waterhardness.uk/water-hardness/ex12,/water-hardness/ex12,EX12,Water Hardness in Outcode EX12,40,Supplier: South West Water • Sectors: 4
Outcode Regional Hubs,https://waterhardness.uk/water-hardness/ex13,/water-hardness/ex13,EX13,Water Hardness in Outcode EX13,40,Supplier: South West Water • Sectors: 4
Outcode Regional Hubs,https://waterhardness.uk/water-hardness/ex14,/water-hardness/ex14,EX14,Water Hardness in Outcode EX14,40,Supplier: South West Water • Sectors: 6
Outcode Regional Hubs,https://waterhardness.uk/water-hardness/ex15,/water-hardness/ex15,EX15,Water Hardness in Outcode EX15,40,Supplier: South West Water • Sectors: 4
Outcode Regional Hubs,https://waterhardness.uk/water-hardness/ex16,/water-hardness/ex16,EX16,Water Hardness in Outcode EX16,40,Supplier: South West Water • Sectors: 7
Outcode Regional Hubs,https://waterhardness.uk/water-hardness/ex17,/water-hardness/ex17,EX17,Water Hardness in Outcode EX17,40,Supplier: South West Water • Sectors: 7
Outcode Regional Hubs,https://waterhardness.uk/water-hardness/ex18,/water-hardness/ex18,EX18,Water Hardness in Outcode EX18,40,Supplier: South West Water • Sectors: 1
Outcode Regional Hubs,https://waterhardness.uk/water-hardness/ex19,/water-hardness/ex19,EX19,Water Hardness in Outcode EX19,40,Supplier: South West Water • Sectors: 1
Outcode Regional Hubs,https://waterhardness.uk/water-hardness/ex2,/water-hardness/ex2,EX2,Water Hardness in Outcode EX2,40,Supplier: South West Water • Sectors: 7
Outcode Regional Hubs,https://waterhardness.uk/water-hardness/ex20,/water-hardness/ex20,EX20,Water Hardness in Outcode EX20,40,Supplier: South West Water • Sectors: 5
Outcode Regional Hubs,https://waterhardness.uk/water-hardness/ex21,/water-hardness/ex21,EX21,Water Hardness in Outcode EX21,40,Supplier: South West Water • Sectors: 1
Outcode Regional Hubs,https://waterhardness.uk/water-hardness/ex22,/water-hardness/ex22,EX22,Water Hardness in Outcode EX22,40,Supplier: South West Water • Sectors: 3
Outcode Regional Hubs,https://waterhardness.uk/water-hardness/ex23,/water-hardness/ex23,EX23,Water Hardness in Outcode EX23,40,Supplier: South West Water • Sectors: 4
Outcode Regional Hubs,https://waterhardness.uk/water-hardness/ex24,/water-hardness/ex24,EX24,Water Hardness in Outcode EX24,40,Supplier: South West Water • Sectors: 1
Outcode Regional Hubs,https://waterhardness.uk/water-hardness/ex3,/water-hardness/ex3,EX3,Water Hardness in Outcode EX3,40,Supplier: South West Water • Sectors: 2
Outcode Regional Hubs,https://waterhardness.uk/water-hardness/ex31,/water-hardness/ex31,EX31,Water Hardness in Outcode EX31,40,Supplier: South West Water • Sectors: 4
Outcode Regional Hubs,https://waterhardness.uk/water-hardness/ex32,/water-hardness/ex32,EX32,Water Hardness in Outcode EX32,40,Supplier: South West Water • Sectors: 5
Outcode Regional Hubs,https://waterhardness.uk/water-hardness/ex33,/water-hardness/ex33,EX33,Water Hardness in Outcode EX33,40,Supplier: South West Water • Sectors: 2
Outcode Regional Hubs,https://waterhardness.uk/water-hardness/ex34,/water-hardness/ex34,EX34,Water Hardness in Outcode EX34,40,Supplier: South West Water • Sectors: 5
Outcode Regional Hubs,https://waterhardness.uk/water-hardness/ex35,/water-hardness/ex35,EX35,Water Hardness in Outcode EX35,40,Supplier: South West Water • Sectors: 1
Outcode Regional Hubs,https://waterhardness.uk/water-hardness/ex36,/water-hardness/ex36,EX36,Water Hardness in Outcode EX36,40,Supplier: South West Water • Sectors: 3
Outcode Regional Hubs,https://waterhardness.uk/water-hardness/ex37,/water-hardness/ex37,EX37,Water Hardness in Outcode EX37,40,Supplier: South West Water • Sectors: 1
Outcode Regional Hubs,https://waterhardness.uk/water-hardness/ex38,/water-hardness/ex38,EX38,Water Hardness in Outcode EX38,40,Supplier: South West Water • Sectors: 3
Outcode Regional Hubs,https://waterhardness.uk/water-hardness/ex39,/water-hardness/ex39,EX39,Water Hardness in Outcode EX39,40,Supplier: South West Water • Sectors: 7
Outcode Regional Hubs,https://waterhardness.uk/water-hardness/ex4,/water-hardness/ex4,EX4,Water Hardness in Outcode EX4,40,Supplier: South West Water • Sectors: 10
Outcode Regional Hubs,https://waterhardness.uk/water-hardness/ex5,/water-hardness/ex5,EX5,Water Hardness in Outcode EX5,40,Supplier: South West Water • Sectors: 6
Outcode Regional Hubs,https://waterhardness.uk/water-hardness/ex6,/water-hardness/ex6,EX6,Water Hardness in Outcode EX6,40,Supplier: South West Water • Sectors: 4
Outcode Regional Hubs,https://waterhardness.uk/water-hardness/ex7,/water-hardness/ex7,EX7,Water Hardness in Outcode EX7,40,Supplier: South West Water • Sectors: 3
Outcode Regional Hubs,https://waterhardness.uk/water-hardness/ex8,/water-hardness/ex8,EX8,Water Hardness in Outcode EX8,40,Supplier: South West Water • Sectors: 6
Outcode Regional Hubs,https://waterhardness.uk/water-hardness/ex9,/water-hardness/ex9,EX9,Water Hardness in Outcode EX9,40,Supplier: South West Water • Sectors: 3
Outcode Regional Hubs,https://waterhardness.uk/water-hardness/fk1,/water-hardness/fk1,FK1,Water Hardness in Outcode FK1,25,Supplier: Scottish Water • Sectors: 6
Outcode Regional Hubs,https://waterhardness.uk/water-hardness/fk10,/water-hardness/fk10,FK10,Water Hardness in Outcode FK10,25,Supplier: Scottish Water • Sectors: 5
Outcode Regional Hubs,https://waterhardness.uk/water-hardness/fk11,/water-hardness/fk11,FK11,Water Hardness in Outcode FK11,25,Supplier: Scottish Water • Sectors: 1
Outcode Regional Hubs,https://waterhardness.uk/water-hardness/fk12,/water-hardness/fk12,FK12,Water Hardness in Outcode FK12,25,Supplier: Scottish Water • Sectors: 1
Outcode Regional Hubs,https://waterhardness.uk/water-hardness/fk13,/water-hardness/fk13,FK13,Water Hardness in Outcode FK13,25,Supplier: Scottish Water • Sectors: 1
Outcode Regional Hubs,https://waterhardness.uk/water-hardness/fk14,/water-hardness/fk14,FK14,Water Hardness in Outcode FK14,25,Supplier: Scottish Water • Sectors: 1
Outcode Regional Hubs,https://waterhardness.uk/water-hardness/fk15,/water-hardness/fk15,FK15,Water Hardness in Outcode FK15,25,Supplier: Scottish Water • Sectors: 3
Outcode Regional Hubs,https://waterhardness.uk/water-hardness/fk16,/water-hardness/fk16,FK16,Water Hardness in Outcode FK16,25,Supplier: Scottish Water • Sectors: 1
Outcode Regional Hubs,https://waterhardness.uk/water-hardness/fk17,/water-hardness/fk17,FK17,Water Hardness in Outcode FK17,25,Supplier: Scottish Water • Sectors: 1
Outcode Regional Hubs,https://waterhardness.uk/water-hardness/fk18,/water-hardness/fk18,FK18,Water Hardness in Outcode FK18,25,Supplier: Scottish Water • Sectors: 1
Outcode Regional Hubs,https://waterhardness.uk/water-hardness/fk19,/water-hardness/fk19,FK19,Water Hardness in Outcode FK19,25,Supplier: Scottish Water • Sectors: 1
Outcode Regional Hubs,https://waterhardness.uk/water-hardness/fk2,/water-hardness/fk2,FK2,Water Hardness in Outcode FK2,25,Supplier: Scottish Water • Sectors: 4
Outcode Regional Hubs,https://waterhardness.uk/water-hardness/fk20,/water-hardness/fk20,FK20,Water Hardness in Outcode FK20,25,Supplier: Scottish Water • Sectors: 1
Outcode Regional Hubs,https://waterhardness.uk/water-hardness/fk21,/water-hardness/fk21,FK21,Water Hardness in Outcode FK21,25,Supplier: Scottish Water • Sectors: 1
Outcode Regional Hubs,https://waterhardness.uk/water-hardness/fk3,/water-hardness/fk3,FK3,Water Hardness in Outcode FK3,25,Supplier: Scottish Water • Sectors: 4
Outcode Regional Hubs,https://waterhardness.uk/water-hardness/fk4,/water-hardness/fk4,FK4,Water Hardness in Outcode FK4,25,Supplier: Scottish Water • Sectors: 2
Outcode Regional Hubs,https://waterhardness.uk/water-hardness/fk5,/water-hardness/fk5,FK5,Water Hardness in Outcode FK5,25,Supplier: Scottish Water • Sectors: 2
Outcode Regional Hubs,https://waterhardness.uk/water-hardness/fk6,/water-hardness/fk6,FK6,Water Hardness in Outcode FK6,25,Supplier: Scottish Water • Sectors: 3
Outcode Regional Hubs,https://waterhardness.uk/water-hardness/fk7,/water-hardness/fk7,FK7,Water Hardness in Outcode FK7,25,Supplier: Scottish Water • Sectors: 5
Outcode Regional Hubs,https://waterhardness.uk/water-hardness/fk8,/water-hardness/fk8,FK8,Water Hardness in Outcode FK8,25,Supplier: Scottish Water • Sectors: 3
Outcode Regional Hubs,https://waterhardness.uk/water-hardness/fk9,/water-hardness/fk9,FK9,Water Hardness in Outcode FK9,25,Supplier: Scottish Water • Sectors: 2
Outcode Regional Hubs,https://waterhardness.uk/water-hardness/fy1,/water-hardness/fy1,FY1,Water Hardness in Outcode FY1,45,Supplier: United Utilities • Sectors: 7
Outcode Regional Hubs,https://waterhardness.uk/water-hardness/fy2,/water-hardness/fy2,FY2,Water Hardness in Outcode FY2,45,Supplier: United Utilities • Sectors: 2
Outcode Regional Hubs,https://waterhardness.uk/water-hardness/fy3,/water-hardness/fy3,FY3,Water Hardness in Outcode FY3,45,Supplier: United Utilities • Sectors: 4
Outcode Regional Hubs,https://waterhardness.uk/water-hardness/fy4,/water-hardness/fy4,FY4,Water Hardness in Outcode FY4,45,Supplier: United Utilities • Sectors: 6
Outcode Regional Hubs,https://waterhardness.uk/water-hardness/fy5,/water-hardness/fy5,FY5,Water Hardness in Outcode FY5,45,Supplier: United Utilities • Sectors: 6
Outcode Regional Hubs,https://waterhardness.uk/water-hardness/fy6,/water-hardness/fy6,FY6,Water Hardness in Outcode FY6,45,Supplier: United Utilities • Sectors: 5
Outcode Regional Hubs,https://waterhardness.uk/water-hardness/fy7,/water-hardness/fy7,FY7,Water Hardness in Outcode FY7,45,Supplier: United Utilities • Sectors: 4
Outcode Regional Hubs,https://waterhardness.uk/water-hardness/fy8,/water-hardness/fy8,FY8,Water Hardness in Outcode FY8,45,Supplier: United Utilities • Sectors: 6
Outcode Regional Hubs,https://waterhardness.uk/water-hardness/g1,/water-hardness/g1,G1,Water Hardness in Outcode G1,25,Supplier: Scottish Water • Sectors: 6
Outcode Regional Hubs,https://waterhardness.uk/water-hardness/g11,/water-hardness/g11,G11,Water Hardness in Outcode G11,25,Supplier: Scottish Water • Sectors: 4
Outcode Regional Hubs,https://waterhardness.uk/water-hardness/g12,/water-hardness/g12,G12,Water Hardness in Outcode G12,25,Supplier: Scottish Water • Sectors: 3
Outcode Regional Hubs,https://waterhardness.uk/water-hardness/g13,/water-hardness/g13,G13,Water Hardness in Outcode G13,25,Supplier: Scottish Water • Sectors: 5
Outcode Regional Hubs,https://waterhardness.uk/water-hardness/g14,/water-hardness/g14,G14,Water Hardness in Outcode G14,25,Supplier: Scottish Water • Sectors: 2
Outcode Regional Hubs,https://waterhardness.uk/water-hardness/g15,/water-hardness/g15,G15,Water Hardness in Outcode G15,25,Supplier: Scottish Water • Sectors: 4
Outcode Regional Hubs,https://waterhardness.uk/water-hardness/g2,/water-hardness/g2,G2,Water Hardness in Outcode G2,25,Supplier: Scottish Water • Sectors: 9
Outcode Regional Hubs,https://waterhardness.uk/water-hardness/g20,/water-hardness/g20,G20,Water Hardness in Outcode G20,25,Supplier: Scottish Water • Sectors: 6
Outcode Regional Hubs,https://waterhardness.uk/water-hardness/g21,/water-hardness/g21,G21,Water Hardness in Outcode G21,25,Supplier: Scottish Water • Sectors: 4
Outcode Regional Hubs,https://waterhardness.uk/water-hardness/g22,/water-hardness/g22,G22,Water Hardness in Outcode G22,25,Supplier: Scottish Water • Sectors: 4
Outcode Regional Hubs,https://waterhardness.uk/water-hardness/g23,/water-hardness/g23,G23,Water Hardness in Outcode G23,25,Supplier: Scottish Water • Sectors: 1
Outcode Regional Hubs,https://waterhardness.uk/water-hardness/g3,/water-hardness/g3,G3,Water Hardness in Outcode G3,25,Supplier: Scottish Water • Sectors: 4
Outcode Regional Hubs,https://waterhardness.uk/water-hardness/g31,/water-hardness/g31,G31,Water Hardness in Outcode G31,25,Supplier: Scottish Water • Sectors: 6
Outcode Regional Hubs,https://waterhardness.uk/water-hardness/g32,/water-hardness/g32,G32,Water Hardness in Outcode G32,25,Supplier: Scottish Water • Sectors: 6
Outcode Regional Hubs,https://waterhardness.uk/water-hardness/g33,/water-hardness/g33,G33,Water Hardness in Outcode G33,25,Supplier: Scottish Water • Sectors: 7
Outcode Regional Hubs,https://waterhardness.uk/water-hardness/g34,/water-hardness/g34,G34,Water Hardness in Outcode G34,25,Supplier: Scottish Water • Sectors: 2
Outcode Regional Hubs,https://waterhardness.uk/water-hardness/g4,/water-hardness/g4,G4,Water Hardness in Outcode G4,25,Supplier: Scottish Water • Sectors: 3
Outcode Regional Hubs,https://waterhardness.uk/water-hardness/g40,/water-hardness/g40,G40,Water Hardness in Outcode G40,25,Supplier: Scottish Water • Sectors: 5
Outcode Regional Hubs,https://waterhardness.uk/water-hardness/g41,/water-hardness/g41,G41,Water Hardness in Outcode G41,25,Supplier: Scottish Water • Sectors: 5
Outcode Regional Hubs,https://waterhardness.uk/water-hardness/g42,/water-hardness/g42,G42,Water Hardness in Outcode G42,25,Supplier: Scottish Water • Sectors: 5
Outcode Regional Hubs,https://waterhardness.uk/water-hardness/g43,/water-hardness/g43,G43,Water Hardness in Outcode G43,25,Supplier: Scottish Water • Sectors: 2
Outcode Regional Hubs,https://waterhardness.uk/water-hardness/g44,/water-hardness/g44,G44,Water Hardness in Outcode G44,25,Supplier: Scottish Water • Sectors: 4
Outcode Regional Hubs,https://waterhardness.uk/water-hardness/g45,/water-hardness/g45,G45,Water Hardness in Outcode G45,25,Supplier: Scottish Water • Sectors: 3
Outcode Regional Hubs,https://waterhardness.uk/water-hardness/g46,/water-hardness/g46,G46,Water Hardness in Outcode G46,25,Supplier: Scottish Water • Sectors: 4
Outcode Regional Hubs,https://waterhardness.uk/water-hardness/g5,/water-hardness/g5,G5,Water Hardness in Outcode G5,25,Supplier: Scottish Water • Sectors: 3
Outcode Regional Hubs,https://waterhardness.uk/water-hardness/g51,/water-hardness/g51,G51,Water Hardness in Outcode G51,25,Supplier: Scottish Water • Sectors: 5
Outcode Regional Hubs,https://waterhardness.uk/water-hardness/g52,/water-hardness/g52,G52,Water Hardness in Outcode G52,25,Supplier: Scottish Water • Sectors: 5
Outcode Regional Hubs,https://waterhardness.uk/water-hardness/g53,/water-hardness/g53,G53,Water Hardness in Outcode G53,25,Supplier: Scottish Water • Sectors: 4
Outcode Regional Hubs,https://waterhardness.uk/water-hardness/g58,/water-hardness/g58,G58,Water Hardness in Outcode G58,25,Supplier: Scottish Water • Sectors: 2
Outcode Regional Hubs,https://waterhardness.uk/water-hardness/g60,/water-hardness/g60,G60,Water Hardness in Outcode G60,25,Supplier: Scottish Water • Sectors: 2
Outcode Regional Hubs,https://waterhardness.uk/water-hardness/g61,/water-hardness/g61,G61,Water Hardness in Outcode G61,25,Supplier: Scottish Water • Sectors: 5
Outcode Regional Hubs,https://waterhardness.uk/water-hardness/g62,/water-hardness/g62,G62,Water Hardness in Outcode G62,25,Supplier: Scottish Water • Sectors: 4
Outcode Regional Hubs,https://waterhardness.uk/water-hardness/g63,/water-hardness/g63,G63,Water Hardness in Outcode G63,25,Supplier: Scottish Water • Sectors: 2
Outcode Regional Hubs,https://waterhardness.uk/water-hardness/g64,/water-hardness/g64,G64,Water Hardness in Outcode G64,25,Supplier: Scottish Water • Sectors: 5
Outcode Regional Hubs,https://waterhardness.uk/water-hardness/g65,/water-hardness/g65,G65,Water Hardness in Outcode G65,25,Supplier: Scottish Water • Sectors: 2
Outcode Regional Hubs,https://waterhardness.uk/water-hardness/g66,/water-hardness/g66,G66,Water Hardness in Outcode G66,25,Supplier: Scottish Water • Sectors: 8
Outcode Regional Hubs,https://waterhardness.uk/water-hardness/g67,/water-hardness/g67,G67,Water Hardness in Outcode G67,25,Supplier: Scottish Water • Sectors: 5
Outcode Regional Hubs,https://waterhardness.uk/water-hardness/g68,/water-hardness/g68,G68,Water Hardness in Outcode G68,25,Supplier: Scottish Water • Sectors: 2
Outcode Regional Hubs,https://waterhardness.uk/water-hardness/g69,/water-hardness/g69,G69,Water Hardness in Outcode G69,25,Supplier: Scottish Water • Sectors: 6
Outcode Regional Hubs,https://waterhardness.uk/water-hardness/g70,/water-hardness/g70,G70,Water Hardness in Outcode G70,25,Supplier: Scottish Water • Sectors: 2
Outcode Regional Hubs,https://waterhardness.uk/water-hardness/g71,/water-hardness/g71,G71,Water Hardness in Outcode G71,25,Supplier: Scottish Water • Sectors: 5
Outcode Regional Hubs,https://waterhardness.uk/water-hardness/g72,/water-hardness/g72,G72,Water Hardness in Outcode G72,25,Supplier: Scottish Water • Sectors: 5
Outcode Regional Hubs,https://waterhardness.uk/water-hardness/g73,/water-hardness/g73,G73,Water Hardness in Outcode G73,25,Supplier: Scottish Water • Sectors: 6
Outcode Regional Hubs,https://waterhardness.uk/water-hardness/g74,/water-hardness/g74,G74,Water Hardness in Outcode G74,25,Supplier: Scottish Water • Sectors: 6
Outcode Regional Hubs,https://waterhardness.uk/water-hardness/g75,/water-hardness/g75,G75,Water Hardness in Outcode G75,25,Supplier: Scottish Water • Sectors: 4
Outcode Regional Hubs,https://waterhardness.uk/water-hardness/g76,/water-hardness/g76,G76,Water Hardness in Outcode G76,25,Supplier: Scottish Water • Sectors: 5
Outcode Regional Hubs,https://waterhardness.uk/water-hardness/g77,/water-hardness/g77,G77,Water Hardness in Outcode G77,25,Supplier: Scottish Water • Sectors: 3
Outcode Regional Hubs,https://waterhardness.uk/water-hardness/g78,/water-hardness/g78,G78,Water Hardness in Outcode G78,25,Supplier: Scottish Water • Sectors: 5
Outcode Regional Hubs,https://waterhardness.uk/water-hardness/g79,/water-hardness/g79,G79,Water Hardness in Outcode G79,25,Supplier: Scottish Water • Sectors: 1
Outcode Regional Hubs,https://waterhardness.uk/water-hardness/g81,/water-hardness/g81,G81,Water Hardness in Outcode G81,25,Supplier: Scottish Water • Sectors: 6
Outcode Regional Hubs,https://waterhardness.uk/water-hardness/g82,/water-hardness/g82,G82,Water Hardness in Outcode G82,25,Supplier: Scottish Water • Sectors: 6
Outcode Regional Hubs,https://waterhardness.uk/water-hardness/g83,/water-hardness/g83,G83,Water Hardness in Outcode G83,25,Supplier: Scottish Water • Sectors: 5
Outcode Regional Hubs,https://waterhardness.uk/water-hardness/g84,/water-hardness/g84,G84,Water Hardness in Outcode G84,25,Supplier: Scottish Water • Sectors: 5
Outcode Regional Hubs,https://waterhardness.uk/water-hardness/g90,/water-hardness/g90,G90,Water Hardness in Outcode G90,25,Supplier: Scottish Water • Sectors: 1
Outcode Regional Hubs,https://waterhardness.uk/water-hardness/gir,/water-hardness/gir,GIR,Water Hardness in Outcode GIR,25,Supplier: Scottish Water • Sectors: 1
Outcode Regional Hubs,https://waterhardness.uk/water-hardness/gl1,/water-hardness/gl1,GL1,Water Hardness in Outcode GL1,25,Supplier: Scottish Water • Sectors: 6
Outcode Regional Hubs,https://waterhardness.uk/water-hardness/gl10,/water-hardness/gl10,GL10,Water Hardness in Outcode GL10,25,Supplier: Scottish Water • Sectors: 2
Outcode Regional Hubs,https://waterhardness.uk/water-hardness/gl11,/water-hardness/gl11,GL11,Water Hardness in Outcode GL11,25,Supplier: Scottish Water • Sectors: 4
Outcode Regional Hubs,https://waterhardness.uk/water-hardness/gl12,/water-hardness/gl12,GL12,Water Hardness in Outcode GL12,25,Supplier: Scottish Water • Sectors: 2
Outcode Regional Hubs,https://waterhardness.uk/water-hardness/gl13,/water-hardness/gl13,GL13,Water Hardness in Outcode GL13,25,Supplier: Scottish Water • Sectors: 1
Outcode Regional Hubs,https://waterhardness.uk/water-hardness/gl14,/water-hardness/gl14,GL14,Water Hardness in Outcode GL14,25,Supplier: Scottish Water • Sectors: 4
Outcode Regional Hubs,https://waterhardness.uk/water-hardness/gl15,/water-hardness/gl15,GL15,Water Hardness in Outcode GL15,25,Supplier: Scottish Water • Sectors: 4
Outcode Regional Hubs,https://waterhardness.uk/water-hardness/gl16,/water-hardness/gl16,GL16,Water Hardness in Outcode GL16,25,Supplier: Scottish Water • Sectors: 3
Outcode Regional Hubs,https://waterhardness.uk/water-hardness/gl17,/water-hardness/gl17,GL17,Water Hardness in Outcode GL17,25,Supplier: Scottish Water • Sectors: 3
Outcode Regional Hubs,https://waterhardness.uk/water-hardness/gl18,/water-hardness/gl18,GL18,Water Hardness in Outcode GL18,25,Supplier: Scottish Water • Sectors: 2
Outcode Regional Hubs,https://waterhardness.uk/water-hardness/gl19,/water-hardness/gl19,GL19,Water Hardness in Outcode GL19,25,Supplier: Scottish Water • Sectors: 2
Outcode Regional Hubs,https://waterhardness.uk/water-hardness/gl2,/water-hardness/gl2,GL2,Water Hardness in Outcode GL2,25,Supplier: Scottish Water • Sectors: 8
Outcode Regional Hubs,https://waterhardness.uk/water-hardness/gl20,/water-hardness/gl20,GL20,Water Hardness in Outcode GL20,25,Supplier: Scottish Water • Sectors: 5
Outcode Regional Hubs,https://waterhardness.uk/water-hardness/gl3,/water-hardness/gl3,GL3,Water Hardness in Outcode GL3,25,Supplier: Scottish Water • Sectors: 6
Outcode Regional Hubs,https://waterhardness.uk/water-hardness/gl4,/water-hardness/gl4,GL4,Water Hardness in Outcode GL4,25,Supplier: Scottish Water • Sectors: 6
Outcode Regional Hubs,https://waterhardness.uk/water-hardness/gl5,/water-hardness/gl5,GL5,Water Hardness in Outcode GL5,25,Supplier: Scottish Water • Sectors: 5
Outcode Regional Hubs,https://waterhardness.uk/water-hardness/gl50,/water-hardness/gl50,GL50,Water Hardness in Outcode GL50,25,Supplier: Scottish Water • Sectors: 5
Outcode Regional Hubs,https://waterhardness.uk/water-hardness/gl51,/water-hardness/gl51,GL51,Water Hardness in Outcode GL51,25,Supplier: Scottish Water • Sectors: 7
Outcode Regional Hubs,https://waterhardness.uk/water-hardness/gl52,/water-hardness/gl52,GL52,Water Hardness in Outcode GL52,25,Supplier: Scottish Water • Sectors: 7
Outcode Regional Hubs,https://waterhardness.uk/water-hardness/gl53,/water-hardness/gl53,GL53,Water Hardness in Outcode GL53,25,Supplier: Scottish Water • Sectors: 4
Outcode Regional Hubs,https://waterhardness.uk/water-hardness/gl54,/water-hardness/gl54,GL54,Water Hardness in Outcode GL54,25,Supplier: Scottish Water • Sectors: 5
Outcode Regional Hubs,https://waterhardness.uk/water-hardness/gl55,/water-hardness/gl55,GL55,Water Hardness in Outcode GL55,25,Supplier: Scottish Water • Sectors: 2
Outcode Regional Hubs,https://waterhardness.uk/water-hardness/gl56,/water-hardness/gl56,GL56,Water Hardness in Outcode GL56,25,Supplier: Scottish Water • Sectors: 2
Outcode Regional Hubs,https://waterhardness.uk/water-hardness/gl6,/water-hardness/gl6,GL6,Water Hardness in Outcode GL6,25,Supplier: Scottish Water • Sectors: 6
Outcode Regional Hubs,https://waterhardness.uk/water-hardness/gl7,/water-hardness/gl7,GL7,Water Hardness in Outcode GL7,25,Supplier: Scottish Water • Sectors: 9
Outcode Regional Hubs,https://waterhardness.uk/water-hardness/gl8,/water-hardness/gl8,GL8,Water Hardness in Outcode GL8,25,Supplier: Scottish Water • Sectors: 2
Outcode Regional Hubs,https://waterhardness.uk/water-hardness/gl9,/water-hardness/gl9,GL9,Water Hardness in Outcode GL9,25,Supplier: Scottish Water • Sectors: 1
Outcode Regional Hubs,https://waterhardness.uk/water-hardness/gu1,/water-hardness/gu1,GU1,Water Hardness in Outcode GU1,25,Supplier: Scottish Water • Sectors: 5
Outcode Regional Hubs,https://waterhardness.uk/water-hardness/gu10,/water-hardness/gu10,GU10,Water Hardness in Outcode GU10,25,Supplier: Scottish Water • Sectors: 5
Outcode Regional Hubs,https://waterhardness.uk/water-hardness/gu11,/water-hardness/gu11,GU11,Water Hardness in Outcode GU11,25,Supplier: Scottish Water • Sectors: 5
Outcode Regional Hubs,https://waterhardness.uk/water-hardness/gu12,/water-hardness/gu12,GU12,Water Hardness in Outcode GU12,25,Supplier: Scottish Water • Sectors: 3
Outcode Regional Hubs,https://waterhardness.uk/water-hardness/gu14,/water-hardness/gu14,GU14,Water Hardness in Outcode GU14,25,Supplier: Scottish Water • Sectors: 6
Outcode Regional Hubs,https://waterhardness.uk/water-hardness/gu15,/water-hardness/gu15,GU15,Water Hardness in Outcode GU15,25,Supplier: Scottish Water • Sectors: 5
Outcode Regional Hubs,https://waterhardness.uk/water-hardness/gu16,/water-hardness/gu16,GU16,Water Hardness in Outcode GU16,25,Supplier: Scottish Water • Sectors: 4
Outcode Regional Hubs,https://waterhardness.uk/water-hardness/gu17,/water-hardness/gu17,GU17,Water Hardness in Outcode GU17,25,Supplier: Scottish Water • Sectors: 2
Outcode Regional Hubs,https://waterhardness.uk/water-hardness/gu18,/water-hardness/gu18,GU18,Water Hardness in Outcode GU18,25,Supplier: Scottish Water • Sectors: 1
Outcode Regional Hubs,https://waterhardness.uk/water-hardness/gu19,/water-hardness/gu19,GU19,Water Hardness in Outcode GU19,25,Supplier: Scottish Water • Sectors: 1
Outcode Regional Hubs,https://waterhardness.uk/water-hardness/gu2,/water-hardness/gu2,GU2,Water Hardness in Outcode GU2,25,Supplier: Scottish Water • Sectors: 4
Outcode Regional Hubs,https://waterhardness.uk/water-hardness/gu20,/water-hardness/gu20,GU20,Water Hardness in Outcode GU20,25,Supplier: Scottish Water • Sectors: 2
Outcode Regional Hubs,https://waterhardness.uk/water-hardness/gu21,/water-hardness/gu21,GU21,Water Hardness in Outcode GU21,25,Supplier: Scottish Water • Sectors: 8
Outcode Regional Hubs,https://waterhardness.uk/water-hardness/gu22,/water-hardness/gu22,GU22,Water Hardness in Outcode GU22,25,Supplier: Scottish Water • Sectors: 5
Outcode Regional Hubs,https://waterhardness.uk/water-hardness/gu23,/water-hardness/gu23,GU23,Water Hardness in Outcode GU23,25,Supplier: Scottish Water • Sectors: 2
Outcode Regional Hubs,https://waterhardness.uk/water-hardness/gu24,/water-hardness/gu24,GU24,Water Hardness in Outcode GU24,25,Supplier: Scottish Water • Sectors: 3
Outcode Regional Hubs,https://waterhardness.uk/water-hardness/gu25,/water-hardness/gu25,GU25,Water Hardness in Outcode GU25,25,Supplier: Scottish Water • Sectors: 2
Outcode Regional Hubs,https://waterhardness.uk/water-hardness/gu26,/water-hardness/gu26,GU26,Water Hardness in Outcode GU26,25,Supplier: Scottish Water • Sectors: 1
Outcode Regional Hubs,https://waterhardness.uk/water-hardness/gu27,/water-hardness/gu27,GU27,Water Hardness in Outcode GU27,25,Supplier: Scottish Water • Sectors: 4
Outcode Regional Hubs,https://waterhardness.uk/water-hardness/gu28,/water-hardness/gu28,GU28,Water Hardness in Outcode GU28,25,Supplier: Scottish Water • Sectors: 3
Outcode Regional Hubs,https://waterhardness.uk/water-hardness/gu29,/water-hardness/gu29,GU29,Water Hardness in Outcode GU29,25,Supplier: Scottish Water • Sectors: 3
Outcode Regional Hubs,https://waterhardness.uk/water-hardness/gu3,/water-hardness/gu3,GU3,Water Hardness in Outcode GU3,25,Supplier: Scottish Water • Sectors: 3
Outcode Regional Hubs,https://waterhardness.uk/water-hardness/gu30,/water-hardness/gu30,GU30,Water Hardness in Outcode GU30,25,Supplier: Scottish Water • Sectors: 2
Outcode Regional Hubs,https://waterhardness.uk/water-hardness/gu31,/water-hardness/gu31,GU31,Water Hardness in Outcode GU31,25,Supplier: Scottish Water • Sectors: 2
Outcode Regional Hubs,https://waterhardness.uk/water-hardness/gu32,/water-hardness/gu32,GU32,Water Hardness in Outcode GU32,25,Supplier: Scottish Water • Sectors: 4
Outcode Regional Hubs,https://waterhardness.uk/water-hardness/gu33,/water-hardness/gu33,GU33,Water Hardness in Outcode GU33,25,Supplier: Scottish Water • Sectors: 2
Outcode Regional Hubs,https://waterhardness.uk/water-hardness/gu34,/water-hardness/gu34,GU34,Water Hardness in Outcode GU34,25,Supplier: Scottish Water • Sectors: 6
Outcode Regional Hubs,https://waterhardness.uk/water-hardness/gu35,/water-hardness/gu35,GU35,Water Hardness in Outcode GU35,25,Supplier: Scottish Water • Sectors: 4
Outcode Regional Hubs,https://waterhardness.uk/water-hardness/gu4,/water-hardness/gu4,GU4,Water Hardness in Outcode GU4,25,Supplier: Scottish Water • Sectors: 2
Outcode Regional Hubs,https://waterhardness.uk/water-hardness/gu46,/water-hardness/gu46,GU46,Water Hardness in Outcode GU46,25,Supplier: Scottish Water • Sectors: 2
Outcode Regional Hubs,https://waterhardness.uk/water-hardness/gu47,/water-hardness/gu47,GU47,Water Hardness in Outcode GU47,25,Supplier: Scottish Water • Sectors: 4
Outcode Regional Hubs,https://waterhardness.uk/water-hardness/gu5,/water-hardness/gu5,GU5,Water Hardness in Outcode GU5,25,Supplier: Scottish Water • Sectors: 2
Outcode Regional Hubs,https://waterhardness.uk/water-hardness/gu51,/water-hardness/gu51,GU51,Water Hardness in Outcode GU51,25,Supplier: Scottish Water • Sectors: 6
Outcode Regional Hubs,https://waterhardness.uk/water-hardness/gu52,/water-hardness/gu52,GU52,Water Hardness in Outcode GU52,25,Supplier: Scottish Water • Sectors: 5
Outcode Regional Hubs,https://waterhardness.uk/water-hardness/gu6,/water-hardness/gu6,GU6,Water Hardness in Outcode GU6,25,Supplier: Scottish Water • Sectors: 3
Outcode Regional Hubs,https://waterhardness.uk/water-hardness/gu7,/water-hardness/gu7,GU7,Water Hardness in Outcode GU7,25,Supplier: Scottish Water • Sectors: 4
Outcode Regional Hubs,https://waterhardness.uk/water-hardness/gu8,/water-hardness/gu8,GU8,Water Hardness in Outcode GU8,25,Supplier: Scottish Water • Sectors: 3
Outcode Regional Hubs,https://waterhardness.uk/water-hardness/gu9,/water-hardness/gu9,GU9,Water Hardness in Outcode GU9,25,Supplier: Scottish Water • Sectors: 5
Outcode Regional Hubs,https://waterhardness.uk/water-hardness/gy1,/water-hardness/gy1,GY1,Water Hardness in Outcode GY1,140,Supplier: Guernsey Water • Sectors: 6
Outcode Regional Hubs,https://waterhardness.uk/water-hardness/gy10,/water-hardness/gy10,GY10,Water Hardness in Outcode GY10,140,Supplier: Guernsey Water • Sectors: 1
Outcode Regional Hubs,https://waterhardness.uk/water-hardness/gy2,/water-hardness/gy2,GY2,Water Hardness in Outcode GY2,140,Supplier: Guernsey Water • Sectors: 1
Outcode Regional Hubs,https://waterhardness.uk/water-hardness/gy3,/water-hardness/gy3,GY3,Water Hardness in Outcode GY3,140,Supplier: Guernsey Water • Sectors: 1
Outcode Regional Hubs,https://waterhardness.uk/water-hardness/gy4,/water-hardness/gy4,GY4,Water Hardness in Outcode GY4,140,Supplier: Guernsey Water • Sectors: 1
Outcode Regional Hubs,https://waterhardness.uk/water-hardness/gy5,/water-hardness/gy5,GY5,Water Hardness in Outcode GY5,140,Supplier: Guernsey Water • Sectors: 1
Outcode Regional Hubs,https://waterhardness.uk/water-hardness/gy6,/water-hardness/gy6,GY6,Water Hardness in Outcode GY6,140,Supplier: Guernsey Water • Sectors: 1
Outcode Regional Hubs,https://waterhardness.uk/water-hardness/gy7,/water-hardness/gy7,GY7,Water Hardness in Outcode GY7,140,Supplier: Guernsey Water • Sectors: 1
Outcode Regional Hubs,https://waterhardness.uk/water-hardness/gy8,/water-hardness/gy8,GY8,Water Hardness in Outcode GY8,140,Supplier: Guernsey Water • Sectors: 1
Outcode Regional Hubs,https://waterhardness.uk/water-hardness/gy9,/water-hardness/gy9,GY9,Water Hardness in Outcode GY9,140,Supplier: Guernsey Water • Sectors: 1
Outcode Regional Hubs,https://waterhardness.uk/water-hardness/ha0,/water-hardness/ha0,HA0,Water Hardness in Outcode HA0,290,Supplier: Affinity Water • Sectors: 5
Outcode Regional Hubs,https://waterhardness.uk/water-hardness/ha1,/water-hardness/ha1,HA1,Water Hardness in Outcode HA1,290,Supplier: Affinity Water • Sectors: 5
Outcode Regional Hubs,https://waterhardness.uk/water-hardness/ha2,/water-hardness/ha2,HA2,Water Hardness in Outcode HA2,290,Supplier: Affinity Water • Sectors: 6
Outcode Regional Hubs,https://waterhardness.uk/water-hardness/ha3,/water-hardness/ha3,HA3,Water Hardness in Outcode HA3,290,Supplier: Affinity Water • Sectors: 7
Outcode Regional Hubs,https://waterhardness.uk/water-hardness/ha4,/water-hardness/ha4,HA4,Water Hardness in Outcode HA4,290,Supplier: Affinity Water • Sectors: 6
Outcode Regional Hubs,https://waterhardness.uk/water-hardness/ha5,/water-hardness/ha5,HA5,Water Hardness in Outcode HA5,290,Supplier: Affinity Water • Sectors: 6
Outcode Regional Hubs,https://waterhardness.uk/water-hardness/ha6,/water-hardness/ha6,HA6,Water Hardness in Outcode HA6,290,Supplier: Affinity Water • Sectors: 4
Outcode Regional Hubs,https://waterhardness.uk/water-hardness/ha7,/water-hardness/ha7,HA7,Water Hardness in Outcode HA7,290,Supplier: Affinity Water • Sectors: 5
Outcode Regional Hubs,https://waterhardness.uk/water-hardness/ha8,/water-hardness/ha8,HA8,Water Hardness in Outcode HA8,290,Supplier: Affinity Water • Sectors: 7
Outcode Regional Hubs,https://waterhardness.uk/water-hardness/ha9,/water-hardness/ha9,HA9,Water Hardness in Outcode HA9,290,Supplier: Affinity Water • Sectors: 6
Outcode Regional Hubs,https://waterhardness.uk/water-hardness/hd1,/water-hardness/hd1,HD1,Water Hardness in Outcode HD1,110,Supplier: Yorkshire Water • Sectors: 7
Outcode Regional Hubs,https://waterhardness.uk/water-hardness/hd2,/water-hardness/hd2,HD2,Water Hardness in Outcode HD2,110,Supplier: Yorkshire Water • Sectors: 2
Outcode Regional Hubs,https://waterhardness.uk/water-hardness/hd3,/water-hardness/hd3,HD3,Water Hardness in Outcode HD3,110,Supplier: Yorkshire Water • Sectors: 3
Outcode Regional Hubs,https://waterhardness.uk/water-hardness/hd4,/water-hardness/hd4,HD4,Water Hardness in Outcode HD4,110,Supplier: Yorkshire Water • Sectors: 3
Outcode Regional Hubs,https://waterhardness.uk/water-hardness/hd5,/water-hardness/hd5,HD5,Water Hardness in Outcode HD5,110,Supplier: Yorkshire Water • Sectors: 3
Outcode Regional Hubs,https://waterhardness.uk/water-hardness/hd6,/water-hardness/hd6,HD6,Water Hardness in Outcode HD6,110,Supplier: Yorkshire Water • Sectors: 5
Outcode Regional Hubs,https://waterhardness.uk/water-hardness/hd7,/water-hardness/hd7,HD7,Water Hardness in Outcode HD7,110,Supplier: Yorkshire Water • Sectors: 4
Outcode Regional Hubs,https://waterhardness.uk/water-hardness/hd8,/water-hardness/hd8,HD8,Water Hardness in Outcode HD8,110,Supplier: Yorkshire Water • Sectors: 4
Outcode Regional Hubs,https://waterhardness.uk/water-hardness/hd9,/water-hardness/hd9,HD9,Water Hardness in Outcode HD9,110,Supplier: Yorkshire Water • Sectors: 8
Outcode Regional Hubs,https://waterhardness.uk/water-hardness/hg1,/water-hardness/hg1,HG1,Water Hardness in Outcode HG1,110,Supplier: Yorkshire Water • Sectors: 6
Outcode Regional Hubs,https://waterhardness.uk/water-hardness/hg2,/water-hardness/hg2,HG2,Water Hardness in Outcode HG2,110,Supplier: Yorkshire Water • Sectors: 4
Outcode Regional Hubs,https://waterhardness.uk/water-hardness/hg3,/water-hardness/hg3,HG3,Water Hardness in Outcode HG3,110,Supplier: Yorkshire Water • Sectors: 5
Outcode Regional Hubs,https://waterhardness.uk/water-hardness/hg4,/water-hardness/hg4,HG4,Water Hardness in Outcode HG4,110,Supplier: Yorkshire Water • Sectors: 6
Outcode Regional Hubs,https://waterhardness.uk/water-hardness/hg5,/water-hardness/hg5,HG5,Water Hardness in Outcode HG5,110,Supplier: Yorkshire Water • Sectors: 4
Outcode Regional Hubs,https://waterhardness.uk/water-hardness/hp1,/water-hardness/hp1,HP1,Water Hardness in Outcode HP1,290,Supplier: Affinity Water • Sectors: 4
Outcode Regional Hubs,https://waterhardness.uk/water-hardness/hp10,/water-hardness/hp10,HP10,Water Hardness in Outcode HP10,275,Supplier: Thames Water • Sectors: 3
Outcode Regional Hubs,https://waterhardness.uk/water-hardness/hp11,/water-hardness/hp11,HP11,Water Hardness in Outcode HP11,275,Supplier: Thames Water • Sectors: 3
Outcode Regional Hubs,https://waterhardness.uk/water-hardness/hp12,/water-hardness/hp12,HP12,Water Hardness in Outcode HP12,275,Supplier: Thames Water • Sectors: 3
Outcode Regional Hubs,https://waterhardness.uk/water-hardness/hp13,/water-hardness/hp13,HP13,Water Hardness in Outcode HP13,275,Supplier: Thames Water • Sectors: 3
Outcode Regional Hubs,https://waterhardness.uk/water-hardness/hp14,/water-hardness/hp14,HP14,Water Hardness in Outcode HP14,275,Supplier: Thames Water • Sectors: 2
Outcode Regional Hubs,https://waterhardness.uk/water-hardness/hp15,/water-hardness/hp15,HP15,Water Hardness in Outcode HP15,290,Supplier: Affinity Water • Sectors: 2
Outcode Regional Hubs,https://waterhardness.uk/water-hardness/hp15,/water-hardness/hp15,HP15,Water Hardness in Outcode HP15,275,Supplier: Thames Water • Sectors: 1
Outcode Regional Hubs,https://waterhardness.uk/water-hardness/hp16,/water-hardness/hp16,HP16,Water Hardness in Outcode HP16,290,Supplier: Affinity Water • Sectors: 3
Outcode Regional Hubs,https://waterhardness.uk/water-hardness/hp17,/water-hardness/hp17,HP17,Water Hardness in Outcode HP17,275,Supplier: Thames Water • Sectors: 3
Outcode Regional Hubs,https://waterhardness.uk/water-hardness/hp18,/water-hardness/hp18,HP18,Water Hardness in Outcode HP18,275,Supplier: Thames Water • Sectors: 3
Outcode Regional Hubs,https://waterhardness.uk/water-hardness/hp19,/water-hardness/hp19,HP19,Water Hardness in Outcode HP19,275,Supplier: Thames Water • Sectors: 4
Outcode Regional Hubs,https://waterhardness.uk/water-hardness/hp2,/water-hardness/hp2,HP2,Water Hardness in Outcode HP2,290,Supplier: Affinity Water • Sectors: 4
Outcode Regional Hubs,https://waterhardness.uk/water-hardness/hp20,/water-hardness/hp20,HP20,Water Hardness in Outcode HP20,275,Supplier: Thames Water • Sectors: 3
Outcode Regional Hubs,https://waterhardness.uk/water-hardness/hp21,/water-hardness/hp21,HP21,Water Hardness in Outcode HP21,275,Supplier: Thames Water • Sectors: 3
Outcode Regional Hubs,https://waterhardness.uk/water-hardness/hp22,/water-hardness/hp22,HP22,Water Hardness in Outcode HP22,275,Supplier: Thames Water • Sectors: 7
Outcode Regional Hubs,https://waterhardness.uk/water-hardness/hp23,/water-hardness/hp23,HP23,Water Hardness in Outcode HP23,275,Supplier: Thames Water • Sectors: 4
Outcode Regional Hubs,https://waterhardness.uk/water-hardness/hp27,/water-hardness/hp27,HP27,Water Hardness in Outcode HP27,275,Supplier: Thames Water • Sectors: 3
Outcode Regional Hubs,https://waterhardness.uk/water-hardness/hp3,/water-hardness/hp3,HP3,Water Hardness in Outcode HP3,290,Supplier: Affinity Water • Sectors: 3
Outcode Regional Hubs,https://waterhardness.uk/water-hardness/hp4,/water-hardness/hp4,HP4,Water Hardness in Outcode HP4,290,Supplier: Affinity Water • Sectors: 4
Outcode Regional Hubs,https://waterhardness.uk/water-hardness/hp5,/water-hardness/hp5,HP5,Water Hardness in Outcode HP5,290,Supplier: Affinity Water • Sectors: 4
Outcode Regional Hubs,https://waterhardness.uk/water-hardness/hp6,/water-hardness/hp6,HP6,Water Hardness in Outcode HP6,290,Supplier: Affinity Water • Sectors: 3
Outcode Regional Hubs,https://waterhardness.uk/water-hardness/hp7,/water-hardness/hp7,HP7,Water Hardness in Outcode HP7,290,Supplier: Affinity Water • Sectors: 2
Outcode Regional Hubs,https://waterhardness.uk/water-hardness/hp8,/water-hardness/hp8,HP8,Water Hardness in Outcode HP8,290,Supplier: Affinity Water • Sectors: 1
Outcode Regional Hubs,https://waterhardness.uk/water-hardness/hp9,/water-hardness/hp9,HP9,Water Hardness in Outcode HP9,290,Supplier: Affinity Water • Sectors: 3
Outcode Regional Hubs,https://waterhardness.uk/water-hardness/hr1,/water-hardness/hr1,HR1,Water Hardness in Outcode HR1,150,Supplier: Severn Trent / Hafren Dyfrdwy • Sectors: 5
Outcode Regional Hubs,https://waterhardness.uk/water-hardness/hr2,/water-hardness/hr2,HR2,Water Hardness in Outcode HR2,150,Supplier: Severn Trent / Hafren Dyfrdwy • Sectors: 5
Outcode Regional Hubs,https://waterhardness.uk/water-hardness/hr3,/water-hardness/hr3,HR3,Water Hardness in Outcode HR3,150,Supplier: Severn Trent / Hafren Dyfrdwy • Sectors: 2
Outcode Regional Hubs,https://waterhardness.uk/water-hardness/hr4,/water-hardness/hr4,HR4,Water Hardness in Outcode HR4,150,Supplier: Severn Trent / Hafren Dyfrdwy • Sectors: 4
Outcode Regional Hubs,https://waterhardness.uk/water-hardness/hr5,/water-hardness/hr5,HR5,Water Hardness in Outcode HR5,150,Supplier: Severn Trent / Hafren Dyfrdwy • Sectors: 1
Outcode Regional Hubs,https://waterhardness.uk/water-hardness/hr6,/water-hardness/hr6,HR6,Water Hardness in Outcode HR6,150,Supplier: Severn Trent / Hafren Dyfrdwy • Sectors: 4
Outcode Regional Hubs,https://waterhardness.uk/water-hardness/hr7,/water-hardness/hr7,HR7,Water Hardness in Outcode HR7,150,Supplier: Severn Trent / Hafren Dyfrdwy • Sectors: 1
Outcode Regional Hubs,https://waterhardness.uk/water-hardness/hr8,/water-hardness/hr8,HR8,Water Hardness in Outcode HR8,150,Supplier: Severn Trent / Hafren Dyfrdwy • Sectors: 3
Outcode Regional Hubs,https://waterhardness.uk/water-hardness/hr9,/water-hardness/hr9,HR9,Water Hardness in Outcode HR9,150,Supplier: Severn Trent / Hafren Dyfrdwy • Sectors: 4
Outcode Regional Hubs,https://waterhardness.uk/water-hardness/hs1,/water-hardness/hs1,HS1,Water Hardness in Outcode HS1,25,Supplier: Scottish Water • Sectors: 2
Outcode Regional Hubs,https://waterhardness.uk/water-hardness/hs2,/water-hardness/hs2,HS2,Water Hardness in Outcode HS2,25,Supplier: Scottish Water • Sectors: 2
Outcode Regional Hubs,https://waterhardness.uk/water-hardness/hs3,/water-hardness/hs3,HS3,Water Hardness in Outcode HS3,25,Supplier: Scottish Water • Sectors: 1
Outcode Regional Hubs,https://waterhardness.uk/water-hardness/hs4,/water-hardness/hs4,HS4,Water Hardness in Outcode HS4,25,Supplier: Scottish Water • Sectors: 1
Outcode Regional Hubs,https://waterhardness.uk/water-hardness/hs5,/water-hardness/hs5,HS5,Water Hardness in Outcode HS5,25,Supplier: Scottish Water • Sectors: 1
Outcode Regional Hubs,https://waterhardness.uk/water-hardness/hs6,/water-hardness/hs6,HS6,Water Hardness in Outcode HS6,25,Supplier: Scottish Water • Sectors: 1
Outcode Regional Hubs,https://waterhardness.uk/water-hardness/hs7,/water-hardness/hs7,HS7,Water Hardness in Outcode HS7,25,Supplier: Scottish Water • Sectors: 1
Outcode Regional Hubs,https://waterhardness.uk/water-hardness/hs8,/water-hardness/hs8,HS8,Water Hardness in Outcode HS8,25,Supplier: Scottish Water • Sectors: 1
Outcode Regional Hubs,https://waterhardness.uk/water-hardness/hs9,/water-hardness/hs9,HS9,Water Hardness in Outcode HS9,25,Supplier: Scottish Water • Sectors: 1
Outcode Regional Hubs,https://waterhardness.uk/water-hardness/hu1,/water-hardness/hu1,HU1,Water Hardness in Outcode HU1,110,Supplier: Yorkshire Water • Sectors: 4
Outcode Regional Hubs,https://waterhardness.uk/water-hardness/hu10,/water-hardness/hu10,HU10,Water Hardness in Outcode HU10,110,Supplier: Yorkshire Water • Sectors: 3
Outcode Regional Hubs,https://waterhardness.uk/water-hardness/hu11,/water-hardness/hu11,HU11,Water Hardness in Outcode HU11,110,Supplier: Yorkshire Water • Sectors: 2
Outcode Regional Hubs,https://waterhardness.uk/water-hardness/hu12,/water-hardness/hu12,HU12,Water Hardness in Outcode HU12,110,Supplier: Yorkshire Water • Sectors: 3
Outcode Regional Hubs,https://waterhardness.uk/water-hardness/hu13,/water-hardness/hu13,HU13,Water Hardness in Outcode HU13,110,Supplier: Yorkshire Water • Sectors: 3
Outcode Regional Hubs,https://waterhardness.uk/water-hardness/hu14,/water-hardness/hu14,HU14,Water Hardness in Outcode HU14,110,Supplier: Yorkshire Water • Sectors: 2
Outcode Regional Hubs,https://waterhardness.uk/water-hardness/hu15,/water-hardness/hu15,HU15,Water Hardness in Outcode HU15,110,Supplier: Yorkshire Water • Sectors: 2
Outcode Regional Hubs,https://waterhardness.uk/water-hardness/hu16,/water-hardness/hu16,HU16,Water Hardness in Outcode HU16,110,Supplier: Yorkshire Water • Sectors: 2
Outcode Regional Hubs,https://waterhardness.uk/water-hardness/hu17,/water-hardness/hu17,HU17,Water Hardness in Outcode HU17,110,Supplier: Yorkshire Water • Sectors: 6
Outcode Regional Hubs,https://waterhardness.uk/water-hardness/hu18,/water-hardness/hu18,HU18,Water Hardness in Outcode HU18,110,Supplier: Yorkshire Water • Sectors: 1
Outcode Regional Hubs,https://waterhardness.uk/water-hardness/hu19,/water-hardness/hu19,HU19,Water Hardness in Outcode HU19,110,Supplier: Yorkshire Water • Sectors: 1
Outcode Regional Hubs,https://waterhardness.uk/water-hardness/hu2,/water-hardness/hu2,HU2,Water Hardness in Outcode HU2,110,Supplier: Yorkshire Water • Sectors: 3
Outcode Regional Hubs,https://waterhardness.uk/water-hardness/hu20,/water-hardness/hu20,HU20,Water Hardness in Outcode HU20,110,Supplier: Yorkshire Water • Sectors: 1
Outcode Regional Hubs,https://waterhardness.uk/water-hardness/hu3,/water-hardness/hu3,HU3,Water Hardness in Outcode HU3,110,Supplier: Yorkshire Water • Sectors: 6
Outcode Regional Hubs,https://waterhardness.uk/water-hardness/hu4,/water-hardness/hu4,HU4,Water Hardness in Outcode HU4,110,Supplier: Yorkshire Water • Sectors: 2
Outcode Regional Hubs,https://waterhardness.uk/water-hardness/hu5,/water-hardness/hu5,HU5,Water Hardness in Outcode HU5,110,Supplier: Yorkshire Water • Sectors: 5
Outcode Regional Hubs,https://waterhardness.uk/water-hardness/hu6,/water-hardness/hu6,HU6,Water Hardness in Outcode HU6,110,Supplier: Yorkshire Water • Sectors: 4
Outcode Regional Hubs,https://waterhardness.uk/water-hardness/hu7,/water-hardness/hu7,HU7,Water Hardness in Outcode HU7,110,Supplier: Yorkshire Water • Sectors: 6
Outcode Regional Hubs,https://waterhardness.uk/water-hardness/hu8,/water-hardness/hu8,HU8,Water Hardness in Outcode HU8,110,Supplier: Yorkshire Water • Sectors: 4
Outcode Regional Hubs,https://waterhardness.uk/water-hardness/hu9,/water-hardness/hu9,HU9,Water Hardness in Outcode HU9,110,Supplier: Yorkshire Water • Sectors: 6
Outcode Regional Hubs,https://waterhardness.uk/water-hardness/hx1,/water-hardness/hx1,HX1,Water Hardness in Outcode HX1,110,Supplier: Yorkshire Water • Sectors: 6
Outcode Regional Hubs,https://waterhardness.uk/water-hardness/hx2,/water-hardness/hx2,HX2,Water Hardness in Outcode HX2,110,Supplier: Yorkshire Water • Sectors: 5
Outcode Regional Hubs,https://waterhardness.uk/water-hardness/hx3,/water-hardness/hx3,HX3,Water Hardness in Outcode HX3,110,Supplier: Yorkshire Water • Sectors: 6
Outcode Regional Hubs,https://waterhardness.uk/water-hardness/hx4,/water-hardness/hx4,HX4,Water Hardness in Outcode HX4,110,Supplier: Yorkshire Water • Sectors: 3
Outcode Regional Hubs,https://waterhardness.uk/water-hardness/hx5,/water-hardness/hx5,HX5,Water Hardness in Outcode HX5,110,Supplier: Yorkshire Water • Sectors: 2
Outcode Regional Hubs,https://waterhardness.uk/water-hardness/hx6,/water-hardness/hx6,HX6,Water Hardness in Outcode HX6,110,Supplier: Yorkshire Water • Sectors: 4
Outcode Regional Hubs,https://waterhardness.uk/water-hardness/hx7,/water-hardness/hx7,HX7,Water Hardness in Outcode HX7,110,Supplier: Yorkshire Water • Sectors: 5
Outcode Regional Hubs,https://waterhardness.uk/water-hardness/ig1,/water-hardness/ig1,IG1,Water Hardness in Outcode IG1,320,Supplier: Essex and Suffolk Water • Sectors: 5
Outcode Regional Hubs,https://waterhardness.uk/water-hardness/ig1,/water-hardness/ig1,IG1,Water Hardness in Outcode IG1,275,Supplier: Thames Water • Sectors: 1
Outcode Regional Hubs,https://waterhardness.uk/water-hardness/ig10,/water-hardness/ig10,IG10,Water Hardness in Outcode IG10,275,Supplier: Thames Water • Sectors: 5
Outcode Regional Hubs,https://waterhardness.uk/water-hardness/ig11,/water-hardness/ig11,IG11,Water Hardness in Outcode IG11,320,Supplier: Essex and Suffolk Water • Sectors: 5
Outcode Regional Hubs,https://waterhardness.uk/water-hardness/ig2,/water-hardness/ig2,IG2,Water Hardness in Outcode IG2,320,Supplier: Essex and Suffolk Water • Sectors: 2
Outcode Regional Hubs,https://waterhardness.uk/water-hardness/ig3,/water-hardness/ig3,IG3,Water Hardness in Outcode IG3,320,Supplier: Essex and Suffolk Water • Sectors: 2
Outcode Regional Hubs,https://waterhardness.uk/water-hardness/ig4,/water-hardness/ig4,IG4,Water Hardness in Outcode IG4,275,Supplier: Thames Water • Sectors: 1
Outcode Regional Hubs,https://waterhardness.uk/water-hardness/ig5,/water-hardness/ig5,IG5,Water Hardness in Outcode IG5,275,Supplier: Thames Water • Sectors: 1
Outcode Regional Hubs,https://waterhardness.uk/water-hardness/ig6,/water-hardness/ig6,IG6,Water Hardness in Outcode IG6,320,Supplier: Essex and Suffolk Water • Sectors: 2
Outcode Regional Hubs,https://waterhardness.uk/water-hardness/ig6,/water-hardness/ig6,IG6,Water Hardness in Outcode IG6,275,Supplier: Thames Water • Sectors: 1
Outcode Regional Hubs,https://waterhardness.uk/water-hardness/ig7,/water-hardness/ig7,IG7,Water Hardness in Outcode IG7,275,Supplier: Thames Water • Sectors: 3
Outcode Regional Hubs,https://waterhardness.uk/water-hardness/ig8,/water-hardness/ig8,IG8,Water Hardness in Outcode IG8,275,Supplier: Thames Water • Sectors: 5
Outcode Regional Hubs,https://waterhardness.uk/water-hardness/ig9,/water-hardness/ig9,IG9,Water Hardness in Outcode IG9,275,Supplier: Thames Water • Sectors: 2
Outcode Regional Hubs,https://waterhardness.uk/water-hardness/im1,/water-hardness/im1,IM1,Water Hardness in Outcode IM1,30,Supplier: Manx Utilities • Sectors: 5
Outcode Regional Hubs,https://waterhardness.uk/water-hardness/im2,/water-hardness/im2,IM2,Water Hardness in Outcode IM2,30,Supplier: Manx Utilities • Sectors: 7
Outcode Regional Hubs,https://waterhardness.uk/water-hardness/im3,/water-hardness/im3,IM3,Water Hardness in Outcode IM3,30,Supplier: Manx Utilities • Sectors: 4
Outcode Regional Hubs,https://waterhardness.uk/water-hardness/im4,/water-hardness/im4,IM4,Water Hardness in Outcode IM4,30,Supplier: Manx Utilities • Sectors: 7
Outcode Regional Hubs,https://waterhardness.uk/water-hardness/im5,/water-hardness/im5,IM5,Water Hardness in Outcode IM5,30,Supplier: Manx Utilities • Sectors: 3
Outcode Regional Hubs,https://waterhardness.uk/water-hardness/im6,/water-hardness/im6,IM6,Water Hardness in Outcode IM6,30,Supplier: Manx Utilities • Sectors: 2
Outcode Regional Hubs,https://waterhardness.uk/water-hardness/im7,/water-hardness/im7,IM7,Water Hardness in Outcode IM7,30,Supplier: Manx Utilities • Sectors: 5
Outcode Regional Hubs,https://waterhardness.uk/water-hardness/im8,/water-hardness/im8,IM8,Water Hardness in Outcode IM8,30,Supplier: Manx Utilities • Sectors: 3
Outcode Regional Hubs,https://waterhardness.uk/water-hardness/im9,/water-hardness/im9,IM9,Water Hardness in Outcode IM9,30,Supplier: Manx Utilities • Sectors: 6
Outcode Regional Hubs,https://waterhardness.uk/water-hardness/im99,/water-hardness/im99,IM99,Water Hardness in Outcode IM99,30,Supplier: Manx Utilities • Sectors: 8
Outcode Regional Hubs,https://waterhardness.uk/water-hardness/ip1,/water-hardness/ip1,IP1,Water Hardness in Outcode IP1,310,Supplier: Anglian Water • Sectors: 7
Outcode Regional Hubs,https://waterhardness.uk/water-hardness/ip10,/water-hardness/ip10,IP10,Water Hardness in Outcode IP10,310,Supplier: Anglian Water • Sectors: 1
Outcode Regional Hubs,https://waterhardness.uk/water-hardness/ip11,/water-hardness/ip11,IP11,Water Hardness in Outcode IP11,310,Supplier: Anglian Water • Sectors: 8
Outcode Regional Hubs,https://waterhardness.uk/water-hardness/ip12,/water-hardness/ip12,IP12,Water Hardness in Outcode IP12,310,Supplier: Anglian Water • Sectors: 5
Outcode Regional Hubs,https://waterhardness.uk/water-hardness/ip13,/water-hardness/ip13,IP13,Water Hardness in Outcode IP13,310,Supplier: Anglian Water • Sectors: 2
Outcode Regional Hubs,https://waterhardness.uk/water-hardness/ip13,/water-hardness/ip13,IP13,Water Hardness in Outcode IP13,320,Supplier: Essex and Suffolk Water • Sectors: 3
Outcode Regional Hubs,https://waterhardness.uk/water-hardness/ip14,/water-hardness/ip14,IP14,Water Hardness in Outcode IP14,310,Supplier: Anglian Water • Sectors: 6
Outcode Regional Hubs,https://waterhardness.uk/water-hardness/ip14,/water-hardness/ip14,IP14,Water Hardness in Outcode IP14,320,Supplier: Essex and Suffolk Water • Sectors: 1
Outcode Regional Hubs,https://waterhardness.uk/water-hardness/ip15,/water-hardness/ip15,IP15,Water Hardness in Outcode IP15,320,Supplier: Essex and Suffolk Water • Sectors: 1
Outcode Regional Hubs,https://waterhardness.uk/water-hardness/ip16,/water-hardness/ip16,IP16,Water Hardness in Outcode IP16,320,Supplier: Essex and Suffolk Water • Sectors: 1
Outcode Regional Hubs,https://waterhardness.uk/water-hardness/ip17,/water-hardness/ip17,IP17,Water Hardness in Outcode IP17,320,Supplier: Essex and Suffolk Water • Sectors: 4
Outcode Regional Hubs,https://waterhardness.uk/water-hardness/ip18,/water-hardness/ip18,IP18,Water Hardness in Outcode IP18,320,Supplier: Essex and Suffolk Water • Sectors: 1
Outcode Regional Hubs,https://waterhardness.uk/water-hardness/ip19,/water-hardness/ip19,IP19,Water Hardness in Outcode IP19,320,Supplier: Essex and Suffolk Water • Sectors: 4
Outcode Regional Hubs,https://waterhardness.uk/water-hardness/ip2,/water-hardness/ip2,IP2,Water Hardness in Outcode IP2,310,Supplier: Anglian Water • Sectors: 3
Outcode Regional Hubs,https://waterhardness.uk/water-hardness/ip20,/water-hardness/ip20,IP20,Water Hardness in Outcode IP20,310,Supplier: Anglian Water • Sectors: 1
Outcode Regional Hubs,https://waterhardness.uk/water-hardness/ip20,/water-hardness/ip20,IP20,Water Hardness in Outcode IP20,320,Supplier: Essex and Suffolk Water • Sectors: 1
Outcode Regional Hubs,https://waterhardness.uk/water-hardness/ip21,/water-hardness/ip21,IP21,Water Hardness in Outcode IP21,310,Supplier: Anglian Water • Sectors: 1
Outcode Regional Hubs,https://waterhardness.uk/water-hardness/ip21,/water-hardness/ip21,IP21,Water Hardness in Outcode IP21,320,Supplier: Essex and Suffolk Water • Sectors: 1
Outcode Regional Hubs,https://waterhardness.uk/water-hardness/ip22,/water-hardness/ip22,IP22,Water Hardness in Outcode IP22,310,Supplier: Anglian Water • Sectors: 4
Outcode Regional Hubs,https://waterhardness.uk/water-hardness/ip22,/water-hardness/ip22,IP22,Water Hardness in Outcode IP22,320,Supplier: Essex and Suffolk Water • Sectors: 1
Outcode Regional Hubs,https://waterhardness.uk/water-hardness/ip23,/water-hardness/ip23,IP23,Water Hardness in Outcode IP23,310,Supplier: Anglian Water • Sectors: 1
Outcode Regional Hubs,https://waterhardness.uk/water-hardness/ip23,/water-hardness/ip23,IP23,Water Hardness in Outcode IP23,320,Supplier: Essex and Suffolk Water • Sectors: 2
Outcode Regional Hubs,https://waterhardness.uk/water-hardness/ip24,/water-hardness/ip24,IP24,Water Hardness in Outcode IP24,310,Supplier: Anglian Water • Sectors: 4
Outcode Regional Hubs,https://waterhardness.uk/water-hardness/ip25,/water-hardness/ip25,IP25,Water Hardness in Outcode IP25,310,Supplier: Anglian Water • Sectors: 3
Outcode Regional Hubs,https://waterhardness.uk/water-hardness/ip26,/water-hardness/ip26,IP26,Water Hardness in Outcode IP26,310,Supplier: Anglian Water • Sectors: 2
Outcode Regional Hubs,https://waterhardness.uk/water-hardness/ip27,/water-hardness/ip27,IP27,Water Hardness in Outcode IP27,310,Supplier: Anglian Water • Sectors: 3
Outcode Regional Hubs,https://waterhardness.uk/water-hardness/ip28,/water-hardness/ip28,IP28,Water Hardness in Outcode IP28,310,Supplier: Anglian Water • Sectors: 7
Outcode Regional Hubs,https://waterhardness.uk/water-hardness/ip29,/water-hardness/ip29,IP29,Water Hardness in Outcode IP29,310,Supplier: Anglian Water • Sectors: 2
Outcode Regional Hubs,https://waterhardness.uk/water-hardness/ip3,/water-hardness/ip3,IP3,Water Hardness in Outcode IP3,310,Supplier: Anglian Water • Sectors: 3
Outcode Regional Hubs,https://waterhardness.uk/water-hardness/ip30,/water-hardness/ip30,IP30,Water Hardness in Outcode IP30,310,Supplier: Anglian Water • Sectors: 2
Outcode Regional Hubs,https://waterhardness.uk/water-hardness/ip31,/water-hardness/ip31,IP31,Water Hardness in Outcode IP31,310,Supplier: Anglian Water • Sectors: 3
Outcode Regional Hubs,https://waterhardness.uk/water-hardness/ip32,/water-hardness/ip32,IP32,Water Hardness in Outcode IP32,310,Supplier: Anglian Water • Sectors: 2
Outcode Regional Hubs,https://waterhardness.uk/water-hardness/ip33,/water-hardness/ip33,IP33,Water Hardness in Outcode IP33,310,Supplier: Anglian Water • Sectors: 4
Outcode Regional Hubs,https://waterhardness.uk/water-hardness/ip4,/water-hardness/ip4,IP4,Water Hardness in Outcode IP4,310,Supplier: Anglian Water • Sectors: 5
Outcode Regional Hubs,https://waterhardness.uk/water-hardness/ip5,/water-hardness/ip5,IP5,Water Hardness in Outcode IP5,310,Supplier: Anglian Water • Sectors: 4
Outcode Regional Hubs,https://waterhardness.uk/water-hardness/ip6,/water-hardness/ip6,IP6,Water Hardness in Outcode IP6,310,Supplier: Anglian Water • Sectors: 3
Outcode Regional Hubs,https://waterhardness.uk/water-hardness/ip7,/water-hardness/ip7,IP7,Water Hardness in Outcode IP7,310,Supplier: Anglian Water • Sectors: 4
Outcode Regional Hubs,https://waterhardness.uk/water-hardness/ip8,/water-hardness/ip8,IP8,Water Hardness in Outcode IP8,310,Supplier: Anglian Water • Sectors: 2
Outcode Regional Hubs,https://waterhardness.uk/water-hardness/ip9,/water-hardness/ip9,IP9,Water Hardness in Outcode IP9,310,Supplier: Anglian Water • Sectors: 2
Outcode Regional Hubs,https://waterhardness.uk/water-hardness/ip98,/water-hardness/ip98,IP98,Water Hardness in Outcode IP98,310,Supplier: Anglian Water • Sectors: 2
Outcode Regional Hubs,https://waterhardness.uk/water-hardness/iv1,/water-hardness/iv1,IV1,Water Hardness in Outcode IV1,25,Supplier: Scottish Water • Sectors: 3
Outcode Regional Hubs,https://waterhardness.uk/water-hardness/iv10,/water-hardness/iv10,IV10,Water Hardness in Outcode IV10,25,Supplier: Scottish Water • Sectors: 1
Outcode Regional Hubs,https://waterhardness.uk/water-hardness/iv11,/water-hardness/iv11,IV11,Water Hardness in Outcode IV11,25,Supplier: Scottish Water • Sectors: 1
Outcode Regional Hubs,https://waterhardness.uk/water-hardness/iv12,/water-hardness/iv12,IV12,Water Hardness in Outcode IV12,25,Supplier: Scottish Water • Sectors: 2
Outcode Regional Hubs,https://waterhardness.uk/water-hardness/iv13,/water-hardness/iv13,IV13,Water Hardness in Outcode IV13,25,Supplier: Scottish Water • Sectors: 1
Outcode Regional Hubs,https://waterhardness.uk/water-hardness/iv14,/water-hardness/iv14,IV14,Water Hardness in Outcode IV14,25,Supplier: Scottish Water • Sectors: 1
Outcode Regional Hubs,https://waterhardness.uk/water-hardness/iv15,/water-hardness/iv15,IV15,Water Hardness in Outcode IV15,25,Supplier: Scottish Water • Sectors: 2
Outcode Regional Hubs,https://waterhardness.uk/water-hardness/iv16,/water-hardness/iv16,IV16,Water Hardness in Outcode IV16,25,Supplier: Scottish Water • Sectors: 1
Outcode Regional Hubs,https://waterhardness.uk/water-hardness/iv17,/water-hardness/iv17,IV17,Water Hardness in Outcode IV17,25,Supplier: Scottish Water • Sectors: 1
Outcode Regional Hubs,https://waterhardness.uk/water-hardness/iv18,/water-hardness/iv18,IV18,Water Hardness in Outcode IV18,25,Supplier: Scottish Water • Sectors: 1
Outcode Regional Hubs,https://waterhardness.uk/water-hardness/iv19,/water-hardness/iv19,IV19,Water Hardness in Outcode IV19,25,Supplier: Scottish Water • Sectors: 2
Outcode Regional Hubs,https://waterhardness.uk/water-hardness/iv2,/water-hardness/iv2,IV2,Water Hardness in Outcode IV2,25,Supplier: Scottish Water • Sectors: 6
Outcode Regional Hubs,https://waterhardness.uk/water-hardness/iv20,/water-hardness/iv20,IV20,Water Hardness in Outcode IV20,25,Supplier: Scottish Water • Sectors: 1
Outcode Regional Hubs,https://waterhardness.uk/water-hardness/iv21,/water-hardness/iv21,IV21,Water Hardness in Outcode IV21,25,Supplier: Scottish Water • Sectors: 1
Outcode Regional Hubs,https://waterhardness.uk/water-hardness/iv22,/water-hardness/iv22,IV22,Water Hardness in Outcode IV22,25,Supplier: Scottish Water • Sectors: 1
Outcode Regional Hubs,https://waterhardness.uk/water-hardness/iv23,/water-hardness/iv23,IV23,Water Hardness in Outcode IV23,25,Supplier: Scottish Water • Sectors: 1
Outcode Regional Hubs,https://waterhardness.uk/water-hardness/iv24,/water-hardness/iv24,IV24,Water Hardness in Outcode IV24,25,Supplier: Scottish Water • Sectors: 1
Outcode Regional Hubs,https://waterhardness.uk/water-hardness/iv25,/water-hardness/iv25,IV25,Water Hardness in Outcode IV25,25,Supplier: Scottish Water • Sectors: 1
Outcode Regional Hubs,https://waterhardness.uk/water-hardness/iv26,/water-hardness/iv26,IV26,Water Hardness in Outcode IV26,25,Supplier: Scottish Water • Sectors: 1
Outcode Regional Hubs,https://waterhardness.uk/water-hardness/iv27,/water-hardness/iv27,IV27,Water Hardness in Outcode IV27,25,Supplier: Scottish Water • Sectors: 2
Outcode Regional Hubs,https://waterhardness.uk/water-hardness/iv28,/water-hardness/iv28,IV28,Water Hardness in Outcode IV28,25,Supplier: Scottish Water • Sectors: 1
Outcode Regional Hubs,https://waterhardness.uk/water-hardness/iv3,/water-hardness/iv3,IV3,Water Hardness in Outcode IV3,25,Supplier: Scottish Water • Sectors: 2
Outcode Regional Hubs,https://waterhardness.uk/water-hardness/iv30,/water-hardness/iv30,IV30,Water Hardness in Outcode IV30,25,Supplier: Scottish Water • Sectors: 6
Outcode Regional Hubs,https://waterhardness.uk/water-hardness/iv31,/water-hardness/iv31,IV31,Water Hardness in Outcode IV31,25,Supplier: Scottish Water • Sectors: 1
Outcode Regional Hubs,https://waterhardness.uk/water-hardness/iv32,/water-hardness/iv32,IV32,Water Hardness in Outcode IV32,25,Supplier: Scottish Water • Sectors: 1
Outcode Regional Hubs,https://waterhardness.uk/water-hardness/iv36,/water-hardness/iv36,IV36,Water Hardness in Outcode IV36,25,Supplier: Scottish Water • Sectors: 4
Outcode Regional Hubs,https://waterhardness.uk/water-hardness/iv4,/water-hardness/iv4,IV4,Water Hardness in Outcode IV4,25,Supplier: Scottish Water • Sectors: 1
Outcode Regional Hubs,https://waterhardness.uk/water-hardness/iv40,/water-hardness/iv40,IV40,Water Hardness in Outcode IV40,25,Supplier: Scottish Water • Sectors: 1
Outcode Regional Hubs,https://waterhardness.uk/water-hardness/iv41,/water-hardness/iv41,IV41,Water Hardness in Outcode IV41,25,Supplier: Scottish Water • Sectors: 1
Outcode Regional Hubs,https://waterhardness.uk/water-hardness/iv42,/water-hardness/iv42,IV42,Water Hardness in Outcode IV42,25,Supplier: Scottish Water • Sectors: 1
Outcode Regional Hubs,https://waterhardness.uk/water-hardness/iv43,/water-hardness/iv43,IV43,Water Hardness in Outcode IV43,25,Supplier: Scottish Water • Sectors: 1
Outcode Regional Hubs,https://waterhardness.uk/water-hardness/iv44,/water-hardness/iv44,IV44,Water Hardness in Outcode IV44,25,Supplier: Scottish Water • Sectors: 1
Outcode Regional Hubs,https://waterhardness.uk/water-hardness/iv45,/water-hardness/iv45,IV45,Water Hardness in Outcode IV45,25,Supplier: Scottish Water • Sectors: 1
Outcode Regional Hubs,https://waterhardness.uk/water-hardness/iv46,/water-hardness/iv46,IV46,Water Hardness in Outcode IV46,25,Supplier: Scottish Water • Sectors: 1
Outcode Regional Hubs,https://waterhardness.uk/water-hardness/iv47,/water-hardness/iv47,IV47,Water Hardness in Outcode IV47,25,Supplier: Scottish Water • Sectors: 1
Outcode Regional Hubs,https://waterhardness.uk/water-hardness/iv48,/water-hardness/iv48,IV48,Water Hardness in Outcode IV48,25,Supplier: Scottish Water • Sectors: 1
Outcode Regional Hubs,https://waterhardness.uk/water-hardness/iv49,/water-hardness/iv49,IV49,Water Hardness in Outcode IV49,25,Supplier: Scottish Water • Sectors: 1
Outcode Regional Hubs,https://waterhardness.uk/water-hardness/iv5,/water-hardness/iv5,IV5,Water Hardness in Outcode IV5,25,Supplier: Scottish Water • Sectors: 1
Outcode Regional Hubs,https://waterhardness.uk/water-hardness/iv51,/water-hardness/iv51,IV51,Water Hardness in Outcode IV51,25,Supplier: Scottish Water • Sectors: 2
Outcode Regional Hubs,https://waterhardness.uk/water-hardness/iv52,/water-hardness/iv52,IV52,Water Hardness in Outcode IV52,25,Supplier: Scottish Water • Sectors: 1
Outcode Regional Hubs,https://waterhardness.uk/water-hardness/iv53,/water-hardness/iv53,IV53,Water Hardness in Outcode IV53,25,Supplier: Scottish Water • Sectors: 1
Outcode Regional Hubs,https://waterhardness.uk/water-hardness/iv54,/water-hardness/iv54,IV54,Water Hardness in Outcode IV54,25,Supplier: Scottish Water • Sectors: 1
Outcode Regional Hubs,https://waterhardness.uk/water-hardness/iv55,/water-hardness/iv55,IV55,Water Hardness in Outcode IV55,25,Supplier: Scottish Water • Sectors: 1
Outcode Regional Hubs,https://waterhardness.uk/water-hardness/iv56,/water-hardness/iv56,IV56,Water Hardness in Outcode IV56,25,Supplier: Scottish Water • Sectors: 1
Outcode Regional Hubs,https://waterhardness.uk/water-hardness/iv6,/water-hardness/iv6,IV6,Water Hardness in Outcode IV6,25,Supplier: Scottish Water • Sectors: 1
Outcode Regional Hubs,https://waterhardness.uk/water-hardness/iv63,/water-hardness/iv63,IV63,Water Hardness in Outcode IV63,25,Supplier: Scottish Water • Sectors: 2
Outcode Regional Hubs,https://waterhardness.uk/water-hardness/iv7,/water-hardness/iv7,IV7,Water Hardness in Outcode IV7,25,Supplier: Scottish Water • Sectors: 1
Outcode Regional Hubs,https://waterhardness.uk/water-hardness/iv8,/water-hardness/iv8,IV8,Water Hardness in Outcode IV8,25,Supplier: Scottish Water • Sectors: 1
Outcode Regional Hubs,https://waterhardness.uk/water-hardness/iv9,/water-hardness/iv9,IV9,Water Hardness in Outcode IV9,25,Supplier: Scottish Water • Sectors: 1
Outcode Regional Hubs,https://waterhardness.uk/water-hardness/iv99,/water-hardness/iv99,IV99,Water Hardness in Outcode IV99,25,Supplier: Scottish Water • Sectors: 1
Outcode Regional Hubs,https://waterhardness.uk/water-hardness/je1,/water-hardness/je1,JE1,Water Hardness in Outcode JE1,160,Supplier: Jersey Water • Sectors: 10
Outcode Regional Hubs,https://waterhardness.uk/water-hardness/je2,/water-hardness/je2,JE2,Water Hardness in Outcode JE2,160,Supplier: Jersey Water • Sectors: 4
Outcode Regional Hubs,https://waterhardness.uk/water-hardness/je3,/water-hardness/je3,JE3,Water Hardness in Outcode JE3,160,Supplier: Jersey Water • Sectors: 9
Outcode Regional Hubs,https://waterhardness.uk/water-hardness/je4,/water-hardness/je4,JE4,Water Hardness in Outcode JE4,160,Supplier: Jersey Water • Sectors: 5
Outcode Regional Hubs,https://waterhardness.uk/water-hardness/ka1,/water-hardness/ka1,KA1,Water Hardness in Outcode KA1,25,Supplier: Scottish Water • Sectors: 6
Outcode Regional Hubs,https://waterhardness.uk/water-hardness/ka10,/water-hardness/ka10,KA10,Water Hardness in Outcode KA10,25,Supplier: Scottish Water • Sectors: 3
Outcode Regional Hubs,https://waterhardness.uk/water-hardness/ka11,/water-hardness/ka11,KA11,Water Hardness in Outcode KA11,25,Supplier: Scottish Water • Sectors: 5
Outcode Regional Hubs,https://waterhardness.uk/water-hardness/ka12,/water-hardness/ka12,KA12,Water Hardness in Outcode KA12,25,Supplier: Scottish Water • Sectors: 4
Outcode Regional Hubs,https://waterhardness.uk/water-hardness/ka13,/water-hardness/ka13,KA13,Water Hardness in Outcode KA13,25,Supplier: Scottish Water • Sectors: 3
Outcode Regional Hubs,https://waterhardness.uk/water-hardness/ka14,/water-hardness/ka14,KA14,Water Hardness in Outcode KA14,25,Supplier: Scottish Water • Sectors: 1
Outcode Regional Hubs,https://waterhardness.uk/water-hardness/ka15,/water-hardness/ka15,KA15,Water Hardness in Outcode KA15,25,Supplier: Scottish Water • Sectors: 2
Outcode Regional Hubs,https://waterhardness.uk/water-hardness/ka16,/water-hardness/ka16,KA16,Water Hardness in Outcode KA16,25,Supplier: Scottish Water • Sectors: 1
Outcode Regional Hubs,https://waterhardness.uk/water-hardness/ka17,/water-hardness/ka17,KA17,Water Hardness in Outcode KA17,25,Supplier: Scottish Water • Sectors: 1
Outcode Regional Hubs,https://waterhardness.uk/water-hardness/ka18,/water-hardness/ka18,KA18,Water Hardness in Outcode KA18,25,Supplier: Scottish Water • Sectors: 5
Outcode Regional Hubs,https://waterhardness.uk/water-hardness/ka19,/water-hardness/ka19,KA19,Water Hardness in Outcode KA19,25,Supplier: Scottish Water • Sectors: 2
Outcode Regional Hubs,https://waterhardness.uk/water-hardness/ka2,/water-hardness/ka2,KA2,Water Hardness in Outcode KA2,25,Supplier: Scottish Water • Sectors: 2
Outcode Regional Hubs,https://waterhardness.uk/water-hardness/ka20,/water-hardness/ka20,KA20,Water Hardness in Outcode KA20,25,Supplier: Scottish Water • Sectors: 2
Outcode Regional Hubs,https://waterhardness.uk/water-hardness/ka21,/water-hardness/ka21,KA21,Water Hardness in Outcode KA21,25,Supplier: Scottish Water • Sectors: 3
Outcode Regional Hubs,https://waterhardness.uk/water-hardness/ka22,/water-hardness/ka22,KA22,Water Hardness in Outcode KA22,25,Supplier: Scottish Water • Sectors: 2
Outcode Regional Hubs,https://waterhardness.uk/water-hardness/ka23,/water-hardness/ka23,KA23,Water Hardness in Outcode KA23,25,Supplier: Scottish Water • Sectors: 1
Outcode Regional Hubs,https://waterhardness.uk/water-hardness/ka24,/water-hardness/ka24,KA24,Water Hardness in Outcode KA24,25,Supplier: Scottish Water • Sectors: 3
Outcode Regional Hubs,https://waterhardness.uk/water-hardness/ka25,/water-hardness/ka25,KA25,Water Hardness in Outcode KA25,25,Supplier: Scottish Water • Sectors: 2
Outcode Regional Hubs,https://waterhardness.uk/water-hardness/ka26,/water-hardness/ka26,KA26,Water Hardness in Outcode KA26,25,Supplier: Scottish Water • Sectors: 3
Outcode Regional Hubs,https://waterhardness.uk/water-hardness/ka27,/water-hardness/ka27,KA27,Water Hardness in Outcode KA27,25,Supplier: Scottish Water • Sectors: 1
Outcode Regional Hubs,https://waterhardness.uk/water-hardness/ka28,/water-hardness/ka28,KA28,Water Hardness in Outcode KA28,25,Supplier: Scottish Water • Sectors: 1
Outcode Regional Hubs,https://waterhardness.uk/water-hardness/ka29,/water-hardness/ka29,KA29,Water Hardness in Outcode KA29,25,Supplier: Scottish Water • Sectors: 1
Outcode Regional Hubs,https://waterhardness.uk/water-hardness/ka3,/water-hardness/ka3,KA3,Water Hardness in Outcode KA3,25,Supplier: Scottish Water • Sectors: 7
Outcode Regional Hubs,https://waterhardness.uk/water-hardness/ka30,/water-hardness/ka30,KA30,Water Hardness in Outcode KA30,25,Supplier: Scottish Water • Sectors: 2
Outcode Regional Hubs,https://waterhardness.uk/water-hardness/ka4,/water-hardness/ka4,KA4,Water Hardness in Outcode KA4,25,Supplier: Scottish Water • Sectors: 1
Outcode Regional Hubs,https://waterhardness.uk/water-hardness/ka5,/water-hardness/ka5,KA5,Water Hardness in Outcode KA5,25,Supplier: Scottish Water • Sectors: 2
Outcode Regional Hubs,https://waterhardness.uk/water-hardness/ka6,/water-hardness/ka6,KA6,Water Hardness in Outcode KA6,25,Supplier: Scottish Water • Sectors: 3
Outcode Regional Hubs,https://waterhardness.uk/water-hardness/ka7,/water-hardness/ka7,KA7,Water Hardness in Outcode KA7,25,Supplier: Scottish Water • Sectors: 5
Outcode Regional Hubs,https://waterhardness.uk/water-hardness/ka8,/water-hardness/ka8,KA8,Water Hardness in Outcode KA8,25,Supplier: Scottish Water • Sectors: 3
Outcode Regional Hubs,https://waterhardness.uk/water-hardness/ka9,/water-hardness/ka9,KA9,Water Hardness in Outcode KA9,25,Supplier: Scottish Water • Sectors: 3
Outcode Regional Hubs,https://waterhardness.uk/water-hardness/kt1,/water-hardness/kt1,KT1,Water Hardness in Outcode KT1,275,Supplier: Thames Water • Sectors: 5
Outcode Regional Hubs,https://waterhardness.uk/water-hardness/kt10,/water-hardness/kt10,KT10,Water Hardness in Outcode KT10,275,Supplier: Thames Water • Sectors: 4
Outcode Regional Hubs,https://waterhardness.uk/water-hardness/kt11,/water-hardness/kt11,KT11,Water Hardness in Outcode KT11,290,Supplier: Affinity Water • Sectors: 1
Outcode Regional Hubs,https://waterhardness.uk/water-hardness/kt11,/water-hardness/kt11,KT11,Water Hardness in Outcode KT11,260,Supplier: SES Water • Sectors: 3
Outcode Regional Hubs,https://waterhardness.uk/water-hardness/kt12,/water-hardness/kt12,KT12,Water Hardness in Outcode KT12,290,Supplier: Affinity Water • Sectors: 6
Outcode Regional Hubs,https://waterhardness.uk/water-hardness/kt13,/water-hardness/kt13,KT13,Water Hardness in Outcode KT13,290,Supplier: Affinity Water • Sectors: 4
Outcode Regional Hubs,https://waterhardness.uk/water-hardness/kt14,/water-hardness/kt14,KT14,Water Hardness in Outcode KT14,290,Supplier: Affinity Water • Sectors: 3
Outcode Regional Hubs,https://waterhardness.uk/water-hardness/kt15,/water-hardness/kt15,KT15,Water Hardness in Outcode KT15,290,Supplier: Affinity Water • Sectors: 4
Outcode Regional Hubs,https://waterhardness.uk/water-hardness/kt16,/water-hardness/kt16,KT16,Water Hardness in Outcode KT16,290,Supplier: Affinity Water • Sectors: 4
Outcode Regional Hubs,https://waterhardness.uk/water-hardness/kt17,/water-hardness/kt17,KT17,Water Hardness in Outcode KT17,260,Supplier: SES Water • Sectors: 3
Outcode Regional Hubs,https://waterhardness.uk/water-hardness/kt17,/water-hardness/kt17,KT17,Water Hardness in Outcode KT17,275,Supplier: Thames Water • Sectors: 2
Outcode Regional Hubs,https://waterhardness.uk/water-hardness/kt18,/water-hardness/kt18,KT18,Water Hardness in Outcode KT18,260,Supplier: SES Water • Sectors: 1
Outcode Regional Hubs,https://waterhardness.uk/water-hardness/kt18,/water-hardness/kt18,KT18,Water Hardness in Outcode KT18,275,Supplier: Thames Water • Sectors: 2
Outcode Regional Hubs,https://waterhardness.uk/water-hardness/kt19,/water-hardness/kt19,KT19,Water Hardness in Outcode KT19,260,Supplier: SES Water • Sectors: 2
Outcode Regional Hubs,https://waterhardness.uk/water-hardness/kt19,/water-hardness/kt19,KT19,Water Hardness in Outcode KT19,275,Supplier: Thames Water • Sectors: 2
Outcode Regional Hubs,https://waterhardness.uk/water-hardness/kt2,/water-hardness/kt2,KT2,Water Hardness in Outcode KT2,275,Supplier: Thames Water • Sectors: 3
Outcode Regional Hubs,https://waterhardness.uk/water-hardness/kt20,/water-hardness/kt20,KT20,Water Hardness in Outcode KT20,260,Supplier: SES Water • Sectors: 4
Outcode Regional Hubs,https://waterhardness.uk/water-hardness/kt21,/water-hardness/kt21,KT21,Water Hardness in Outcode KT21,260,Supplier: SES Water • Sectors: 3
Outcode Regional Hubs,https://waterhardness.uk/water-hardness/kt22,/water-hardness/kt22,KT22,Water Hardness in Outcode KT22,260,Supplier: SES Water • Sectors: 5
Outcode Regional Hubs,https://waterhardness.uk/water-hardness/kt23,/water-hardness/kt23,KT23,Water Hardness in Outcode KT23,260,Supplier: SES Water • Sectors: 2
Outcode Regional Hubs,https://waterhardness.uk/water-hardness/kt24,/water-hardness/kt24,KT24,Water Hardness in Outcode KT24,290,Supplier: Affinity Water • Sectors: 1
Outcode Regional Hubs,https://waterhardness.uk/water-hardness/kt24,/water-hardness/kt24,KT24,Water Hardness in Outcode KT24,260,Supplier: SES Water • Sectors: 1
Outcode Regional Hubs,https://waterhardness.uk/water-hardness/kt3,/water-hardness/kt3,KT3,Water Hardness in Outcode KT3,275,Supplier: Thames Water • Sectors: 5
Outcode Regional Hubs,https://waterhardness.uk/water-hardness/kt4,/water-hardness/kt4,KT4,Water Hardness in Outcode KT4,260,Supplier: SES Water • Sectors: 1
Outcode Regional Hubs,https://waterhardness.uk/water-hardness/kt4,/water-hardness/kt4,KT4,Water Hardness in Outcode KT4,275,Supplier: Thames Water • Sectors: 2
Outcode Regional Hubs,https://waterhardness.uk/water-hardness/kt5,/water-hardness/kt5,KT5,Water Hardness in Outcode KT5,275,Supplier: Thames Water • Sectors: 2
Outcode Regional Hubs,https://waterhardness.uk/water-hardness/kt6,/water-hardness/kt6,KT6,Water Hardness in Outcode KT6,275,Supplier: Thames Water • Sectors: 4
Outcode Regional Hubs,https://waterhardness.uk/water-hardness/kt7,/water-hardness/kt7,KT7,Water Hardness in Outcode KT7,275,Supplier: Thames Water • Sectors: 1
Outcode Regional Hubs,https://waterhardness.uk/water-hardness/kt8,/water-hardness/kt8,KT8,Water Hardness in Outcode KT8,275,Supplier: Thames Water • Sectors: 5
Outcode Regional Hubs,https://waterhardness.uk/water-hardness/kt9,/water-hardness/kt9,KT9,Water Hardness in Outcode KT9,275,Supplier: Thames Water • Sectors: 3
Outcode Regional Hubs,https://waterhardness.uk/water-hardness/kw1,/water-hardness/kw1,KW1,Water Hardness in Outcode KW1,25,Supplier: Scottish Water • Sectors: 2
Outcode Regional Hubs,https://waterhardness.uk/water-hardness/kw10,/water-hardness/kw10,KW10,Water Hardness in Outcode KW10,25,Supplier: Scottish Water • Sectors: 1
Outcode Regional Hubs,https://waterhardness.uk/water-hardness/kw11,/water-hardness/kw11,KW11,Water Hardness in Outcode KW11,25,Supplier: Scottish Water • Sectors: 1
Outcode Regional Hubs,https://waterhardness.uk/water-hardness/kw12,/water-hardness/kw12,KW12,Water Hardness in Outcode KW12,25,Supplier: Scottish Water • Sectors: 1
Outcode Regional Hubs,https://waterhardness.uk/water-hardness/kw13,/water-hardness/kw13,KW13,Water Hardness in Outcode KW13,25,Supplier: Scottish Water • Sectors: 1
Outcode Regional Hubs,https://waterhardness.uk/water-hardness/kw14,/water-hardness/kw14,KW14,Water Hardness in Outcode KW14,25,Supplier: Scottish Water • Sectors: 3
Outcode Regional Hubs,https://waterhardness.uk/water-hardness/kw15,/water-hardness/kw15,KW15,Water Hardness in Outcode KW15,25,Supplier: Scottish Water • Sectors: 2
Outcode Regional Hubs,https://waterhardness.uk/water-hardness/kw16,/water-hardness/kw16,KW16,Water Hardness in Outcode KW16,25,Supplier: Scottish Water • Sectors: 1
Outcode Regional Hubs,https://waterhardness.uk/water-hardness/kw17,/water-hardness/kw17,KW17,Water Hardness in Outcode KW17,25,Supplier: Scottish Water • Sectors: 1
Outcode Regional Hubs,https://waterhardness.uk/water-hardness/kw2,/water-hardness/kw2,KW2,Water Hardness in Outcode KW2,25,Supplier: Scottish Water • Sectors: 1
Outcode Regional Hubs,https://waterhardness.uk/water-hardness/kw3,/water-hardness/kw3,KW3,Water Hardness in Outcode KW3,25,Supplier: Scottish Water • Sectors: 1
Outcode Regional Hubs,https://waterhardness.uk/water-hardness/kw5,/water-hardness/kw5,KW5,Water Hardness in Outcode KW5,25,Supplier: Scottish Water • Sectors: 1
Outcode Regional Hubs,https://waterhardness.uk/water-hardness/kw6,/water-hardness/kw6,KW6,Water Hardness in Outcode KW6,25,Supplier: Scottish Water • Sectors: 1
Outcode Regional Hubs,https://waterhardness.uk/water-hardness/kw7,/water-hardness/kw7,KW7,Water Hardness in Outcode KW7,25,Supplier: Scottish Water • Sectors: 1
Outcode Regional Hubs,https://waterhardness.uk/water-hardness/kw8,/water-hardness/kw8,KW8,Water Hardness in Outcode KW8,25,Supplier: Scottish Water • Sectors: 1
Outcode Regional Hubs,https://waterhardness.uk/water-hardness/kw9,/water-hardness/kw9,KW9,Water Hardness in Outcode KW9,25,Supplier: Scottish Water • Sectors: 1
Outcode Regional Hubs,https://waterhardness.uk/water-hardness/ky1,/water-hardness/ky1,KY1,Water Hardness in Outcode KY1,25,Supplier: Scottish Water • Sectors: 4
Outcode Regional Hubs,https://waterhardness.uk/water-hardness/ky10,/water-hardness/ky10,KY10,Water Hardness in Outcode KY10,25,Supplier: Scottish Water • Sectors: 3
Outcode Regional Hubs,https://waterhardness.uk/water-hardness/ky11,/water-hardness/ky11,KY11,Water Hardness in Outcode KY11,25,Supplier: Scottish Water • Sectors: 7
Outcode Regional Hubs,https://waterhardness.uk/water-hardness/ky12,/water-hardness/ky12,KY12,Water Hardness in Outcode KY12,25,Supplier: Scottish Water • Sectors: 5
Outcode Regional Hubs,https://waterhardness.uk/water-hardness/ky13,/water-hardness/ky13,KY13,Water Hardness in Outcode KY13,25,Supplier: Scottish Water • Sectors: 4
Outcode Regional Hubs,https://waterhardness.uk/water-hardness/ky14,/water-hardness/ky14,KY14,Water Hardness in Outcode KY14,25,Supplier: Scottish Water • Sectors: 2
Outcode Regional Hubs,https://waterhardness.uk/water-hardness/ky15,/water-hardness/ky15,KY15,Water Hardness in Outcode KY15,25,Supplier: Scottish Water • Sectors: 4
Outcode Regional Hubs,https://waterhardness.uk/water-hardness/ky16,/water-hardness/ky16,KY16,Water Hardness in Outcode KY16,25,Supplier: Scottish Water • Sectors: 4
Outcode Regional Hubs,https://waterhardness.uk/water-hardness/ky2,/water-hardness/ky2,KY2,Water Hardness in Outcode KY2,25,Supplier: Scottish Water • Sectors: 3
Outcode Regional Hubs,https://waterhardness.uk/water-hardness/ky3,/water-hardness/ky3,KY3,Water Hardness in Outcode KY3,25,Supplier: Scottish Water • Sectors: 2
Outcode Regional Hubs,https://waterhardness.uk/water-hardness/ky4,/water-hardness/ky4,KY4,Water Hardness in Outcode KY4,25,Supplier: Scottish Water • Sectors: 4
Outcode Regional Hubs,https://waterhardness.uk/water-hardness/ky5,/water-hardness/ky5,KY5,Water Hardness in Outcode KY5,25,Supplier: Scottish Water • Sectors: 4
Outcode Regional Hubs,https://waterhardness.uk/water-hardness/ky6,/water-hardness/ky6,KY6,Water Hardness in Outcode KY6,25,Supplier: Scottish Water • Sectors: 3
Outcode Regional Hubs,https://waterhardness.uk/water-hardness/ky7,/water-hardness/ky7,KY7,Water Hardness in Outcode KY7,25,Supplier: Scottish Water • Sectors: 4
Outcode Regional Hubs,https://waterhardness.uk/water-hardness/ky8,/water-hardness/ky8,KY8,Water Hardness in Outcode KY8,25,Supplier: Scottish Water • Sectors: 7
Outcode Regional Hubs,https://waterhardness.uk/water-hardness/ky9,/water-hardness/ky9,KY9,Water Hardness in Outcode KY9,25,Supplier: Scottish Water • Sectors: 1
Outcode Regional Hubs,https://waterhardness.uk/water-hardness/ky99,/water-hardness/ky99,KY99,Water Hardness in Outcode KY99,25,Supplier: Scottish Water • Sectors: 10
Outcode Regional Hubs,https://waterhardness.uk/water-hardness/l1,/water-hardness/l1,L1,Water Hardness in Outcode L1,45,Supplier: United Utilities • Sectors: 10
Outcode Regional Hubs,https://waterhardness.uk/water-hardness/l10,/water-hardness/l10,L10,Water Hardness in Outcode L10,45,Supplier: United Utilities • Sectors: 10
Outcode Regional Hubs,https://waterhardness.uk/water-hardness/l11,/water-hardness/l11,L11,Water Hardness in Outcode L11,45,Supplier: United Utilities • Sectors: 10
Outcode Regional Hubs,https://waterhardness.uk/water-hardness/l12,/water-hardness/l12,L12,Water Hardness in Outcode L12,45,Supplier: United Utilities • Sectors: 10
Outcode Regional Hubs,https://waterhardness.uk/water-hardness/l13,/water-hardness/l13,L13,Water Hardness in Outcode L13,45,Supplier: United Utilities • Sectors: 10
Outcode Regional Hubs,https://waterhardness.uk/water-hardness/l14,/water-hardness/l14,L14,Water Hardness in Outcode L14,45,Supplier: United Utilities • Sectors: 10
Outcode Regional Hubs,https://waterhardness.uk/water-hardness/l15,/water-hardness/l15,L15,Water Hardness in Outcode L15,45,Supplier: United Utilities • Sectors: 10
Outcode Regional Hubs,https://waterhardness.uk/water-hardness/l16,/water-hardness/l16,L16,Water Hardness in Outcode L16,45,Supplier: United Utilities • Sectors: 10
Outcode Regional Hubs,https://waterhardness.uk/water-hardness/l17,/water-hardness/l17,L17,Water Hardness in Outcode L17,45,Supplier: United Utilities • Sectors: 10
Outcode Regional Hubs,https://waterhardness.uk/water-hardness/l18,/water-hardness/l18,L18,Water Hardness in Outcode L18,45,Supplier: United Utilities • Sectors: 10
Outcode Regional Hubs,https://waterhardness.uk/water-hardness/l19,/water-hardness/l19,L19,Water Hardness in Outcode L19,45,Supplier: United Utilities • Sectors: 10
Outcode Regional Hubs,https://waterhardness.uk/water-hardness/l2,/water-hardness/l2,L2,Water Hardness in Outcode L2,45,Supplier: United Utilities • Sectors: 10
Outcode Regional Hubs,https://waterhardness.uk/water-hardness/l20,/water-hardness/l20,L20,Water Hardness in Outcode L20,45,Supplier: United Utilities • Sectors: 10
Outcode Regional Hubs,https://waterhardness.uk/water-hardness/l21,/water-hardness/l21,L21,Water Hardness in Outcode L21,45,Supplier: United Utilities • Sectors: 10
Outcode Regional Hubs,https://waterhardness.uk/water-hardness/l22,/water-hardness/l22,L22,Water Hardness in Outcode L22,45,Supplier: United Utilities • Sectors: 10
Outcode Regional Hubs,https://waterhardness.uk/water-hardness/l23,/water-hardness/l23,L23,Water Hardness in Outcode L23,45,Supplier: United Utilities • Sectors: 10
Outcode Regional Hubs,https://waterhardness.uk/water-hardness/l24,/water-hardness/l24,L24,Water Hardness in Outcode L24,45,Supplier: United Utilities • Sectors: 10
Outcode Regional Hubs,https://waterhardness.uk/water-hardness/l25,/water-hardness/l25,L25,Water Hardness in Outcode L25,45,Supplier: United Utilities • Sectors: 10
Outcode Regional Hubs,https://waterhardness.uk/water-hardness/l26,/water-hardness/l26,L26,Water Hardness in Outcode L26,45,Supplier: United Utilities • Sectors: 10
Outcode Regional Hubs,https://waterhardness.uk/water-hardness/l27,/water-hardness/l27,L27,Water Hardness in Outcode L27,45,Supplier: United Utilities • Sectors: 9
Outcode Regional Hubs,https://waterhardness.uk/water-hardness/l28,/water-hardness/l28,L28,Water Hardness in Outcode L28,45,Supplier: United Utilities • Sectors: 8
Outcode Regional Hubs,https://waterhardness.uk/water-hardness/l29,/water-hardness/l29,L29,Water Hardness in Outcode L29,45,Supplier: United Utilities • Sectors: 7
Outcode Regional Hubs,https://waterhardness.uk/water-hardness/l3,/water-hardness/l3,L3,Water Hardness in Outcode L3,45,Supplier: United Utilities • Sectors: 10
Outcode Regional Hubs,https://waterhardness.uk/water-hardness/l30,/water-hardness/l30,L30,Water Hardness in Outcode L30,45,Supplier: United Utilities • Sectors: 10
Outcode Regional Hubs,https://waterhardness.uk/water-hardness/l31,/water-hardness/l31,L31,Water Hardness in Outcode L31,45,Supplier: United Utilities • Sectors: 10
Outcode Regional Hubs,https://waterhardness.uk/water-hardness/l32,/water-hardness/l32,L32,Water Hardness in Outcode L32,45,Supplier: United Utilities • Sectors: 10
Outcode Regional Hubs,https://waterhardness.uk/water-hardness/l33,/water-hardness/l33,L33,Water Hardness in Outcode L33,45,Supplier: United Utilities • Sectors: 10
Outcode Regional Hubs,https://waterhardness.uk/water-hardness/l34,/water-hardness/l34,L34,Water Hardness in Outcode L34,45,Supplier: United Utilities • Sectors: 10
Outcode Regional Hubs,https://waterhardness.uk/water-hardness/l35,/water-hardness/l35,L35,Water Hardness in Outcode L35,45,Supplier: United Utilities • Sectors: 10
Outcode Regional Hubs,https://waterhardness.uk/water-hardness/l36,/water-hardness/l36,L36,Water Hardness in Outcode L36,45,Supplier: United Utilities • Sectors: 10
Outcode Regional Hubs,https://waterhardness.uk/water-hardness/l37,/water-hardness/l37,L37,Water Hardness in Outcode L37,45,Supplier: United Utilities • Sectors: 10
Outcode Regional Hubs,https://waterhardness.uk/water-hardness/l38,/water-hardness/l38,L38,Water Hardness in Outcode L38,45,Supplier: United Utilities • Sectors: 9
Outcode Regional Hubs,https://waterhardness.uk/water-hardness/l39,/water-hardness/l39,L39,Water Hardness in Outcode L39,45,Supplier: United Utilities • Sectors: 10
Outcode Regional Hubs,https://waterhardness.uk/water-hardness/l4,/water-hardness/l4,L4,Water Hardness in Outcode L4,45,Supplier: United Utilities • Sectors: 10
Outcode Regional Hubs,https://waterhardness.uk/water-hardness/l40,/water-hardness/l40,L40,Water Hardness in Outcode L40,45,Supplier: United Utilities • Sectors: 10
Outcode Regional Hubs,https://waterhardness.uk/water-hardness/l5,/water-hardness/l5,L5,Water Hardness in Outcode L5,45,Supplier: United Utilities • Sectors: 10
Outcode Regional Hubs,https://waterhardness.uk/water-hardness/l6,/water-hardness/l6,L6,Water Hardness in Outcode L6,45,Supplier: United Utilities • Sectors: 10
Outcode Regional Hubs,https://waterhardness.uk/water-hardness/l67,/water-hardness/l67,L67,Water Hardness in Outcode L67,45,Supplier: United Utilities • Sectors: 1
Outcode Regional Hubs,https://waterhardness.uk/water-hardness/l68,/water-hardness/l68,L68,Water Hardness in Outcode L68,45,Supplier: United Utilities • Sectors: 1
Outcode Regional Hubs,https://waterhardness.uk/water-hardness/l69,/water-hardness/l69,L69,Water Hardness in Outcode L69,45,Supplier: United Utilities • Sectors: 8
Outcode Regional Hubs,https://waterhardness.uk/water-hardness/l7,/water-hardness/l7,L7,Water Hardness in Outcode L7,45,Supplier: United Utilities • Sectors: 10
Outcode Regional Hubs,https://waterhardness.uk/water-hardness/l70,/water-hardness/l70,L70,Water Hardness in Outcode L70,45,Supplier: United Utilities • Sectors: 4
Outcode Regional Hubs,https://waterhardness.uk/water-hardness/l71,/water-hardness/l71,L71,Water Hardness in Outcode L71,45,Supplier: United Utilities • Sectors: 1
Outcode Regional Hubs,https://waterhardness.uk/water-hardness/l72,/water-hardness/l72,L72,Water Hardness in Outcode L72,45,Supplier: United Utilities • Sectors: 3
Outcode Regional Hubs,https://waterhardness.uk/water-hardness/l74,/water-hardness/l74,L74,Water Hardness in Outcode L74,45,Supplier: United Utilities • Sectors: 1
Outcode Regional Hubs,https://waterhardness.uk/water-hardness/l75,/water-hardness/l75,L75,Water Hardness in Outcode L75,45,Supplier: United Utilities • Sectors: 2
Outcode Regional Hubs,https://waterhardness.uk/water-hardness/l8,/water-hardness/l8,L8,Water Hardness in Outcode L8,45,Supplier: United Utilities • Sectors: 10
Outcode Regional Hubs,https://waterhardness.uk/water-hardness/l9,/water-hardness/l9,L9,Water Hardness in Outcode L9,45,Supplier: United Utilities • Sectors: 10
Outcode Regional Hubs,https://waterhardness.uk/water-hardness/la1,/water-hardness/la1,LA1,Water Hardness in Outcode LA1,45,Supplier: United Utilities • Sectors: 6
Outcode Regional Hubs,https://waterhardness.uk/water-hardness/la10,/water-hardness/la10,LA10,Water Hardness in Outcode LA10,45,Supplier: United Utilities • Sectors: 1
Outcode Regional Hubs,https://waterhardness.uk/water-hardness/la11,/water-hardness/la11,LA11,Water Hardness in Outcode LA11,45,Supplier: United Utilities • Sectors: 3
Outcode Regional Hubs,https://waterhardness.uk/water-hardness/la12,/water-hardness/la12,LA12,Water Hardness in Outcode LA12,45,Supplier: United Utilities • Sectors: 5
Outcode Regional Hubs,https://waterhardness.uk/water-hardness/la13,/water-hardness/la13,LA13,Water Hardness in Outcode LA13,45,Supplier: United Utilities • Sectors: 2
Outcode Regional Hubs,https://waterhardness.uk/water-hardness/la14,/water-hardness/la14,LA14,Water Hardness in Outcode LA14,45,Supplier: United Utilities • Sectors: 6
Outcode Regional Hubs,https://waterhardness.uk/water-hardness/la15,/water-hardness/la15,LA15,Water Hardness in Outcode LA15,45,Supplier: United Utilities • Sectors: 1
Outcode Regional Hubs,https://waterhardness.uk/water-hardness/la16,/water-hardness/la16,LA16,Water Hardness in Outcode LA16,45,Supplier: United Utilities • Sectors: 1
Outcode Regional Hubs,https://waterhardness.uk/water-hardness/la17,/water-hardness/la17,LA17,Water Hardness in Outcode LA17,45,Supplier: United Utilities • Sectors: 1
Outcode Regional Hubs,https://waterhardness.uk/water-hardness/la18,/water-hardness/la18,LA18,Water Hardness in Outcode LA18,45,Supplier: United Utilities • Sectors: 3
Outcode Regional Hubs,https://waterhardness.uk/water-hardness/la19,/water-hardness/la19,LA19,Water Hardness in Outcode LA19,45,Supplier: United Utilities • Sectors: 1
Outcode Regional Hubs,https://waterhardness.uk/water-hardness/la2,/water-hardness/la2,LA2,Water Hardness in Outcode LA2,45,Supplier: United Utilities • Sectors: 3
Outcode Regional Hubs,https://waterhardness.uk/water-hardness/la2,/water-hardness/la2,LA2,Water Hardness in Outcode LA2,110,Supplier: Yorkshire Water • Sectors: 2
Outcode Regional Hubs,https://waterhardness.uk/water-hardness/la20,/water-hardness/la20,LA20,Water Hardness in Outcode LA20,45,Supplier: United Utilities • Sectors: 1
Outcode Regional Hubs,https://waterhardness.uk/water-hardness/la21,/water-hardness/la21,LA21,Water Hardness in Outcode LA21,45,Supplier: United Utilities • Sectors: 1
Outcode Regional Hubs,https://waterhardness.uk/water-hardness/la22,/water-hardness/la22,LA22,Water Hardness in Outcode LA22,45,Supplier: United Utilities • Sectors: 2
Outcode Regional Hubs,https://waterhardness.uk/water-hardness/la23,/water-hardness/la23,LA23,Water Hardness in Outcode LA23,45,Supplier: United Utilities • Sectors: 4
Outcode Regional Hubs,https://waterhardness.uk/water-hardness/la3,/water-hardness/la3,LA3,Water Hardness in Outcode LA3,45,Supplier: United Utilities • Sectors: 3
Outcode Regional Hubs,https://waterhardness.uk/water-hardness/la4,/water-hardness/la4,LA4,Water Hardness in Outcode LA4,45,Supplier: United Utilities • Sectors: 4
Outcode Regional Hubs,https://waterhardness.uk/water-hardness/la5,/water-hardness/la5,LA5,Water Hardness in Outcode LA5,45,Supplier: United Utilities • Sectors: 4
Outcode Regional Hubs,https://waterhardness.uk/water-hardness/la6,/water-hardness/la6,LA6,Water Hardness in Outcode LA6,45,Supplier: United Utilities • Sectors: 2
Outcode Regional Hubs,https://waterhardness.uk/water-hardness/la6,/water-hardness/la6,LA6,Water Hardness in Outcode LA6,110,Supplier: Yorkshire Water • Sectors: 1
Outcode Regional Hubs,https://waterhardness.uk/water-hardness/la7,/water-hardness/la7,LA7,Water Hardness in Outcode LA7,45,Supplier: United Utilities • Sectors: 1
Outcode Regional Hubs,https://waterhardness.uk/water-hardness/la8,/water-hardness/la8,LA8,Water Hardness in Outcode LA8,45,Supplier: United Utilities • Sectors: 3
Outcode Regional Hubs,https://waterhardness.uk/water-hardness/la9,/water-hardness/la9,LA9,Water Hardness in Outcode LA9,45,Supplier: United Utilities • Sectors: 5
Outcode Regional Hubs,https://waterhardness.uk/water-hardness/ld1,/water-hardness/ld1,LD1,Water Hardness in Outcode LD1,45,Supplier: Dŵr Cymru Welsh Water • Sectors: 2
Outcode Regional Hubs,https://waterhardness.uk/water-hardness/ld1,/water-hardness/ld1,LD1,Water Hardness in Outcode LD1,140,Supplier: Hafren Dyfrdwy • Sectors: 1
Outcode Regional Hubs,https://waterhardness.uk/water-hardness/ld2,/water-hardness/ld2,LD2,Water Hardness in Outcode LD2,45,Supplier: Dŵr Cymru Welsh Water • Sectors: 2
Outcode Regional Hubs,https://waterhardness.uk/water-hardness/ld3,/water-hardness/ld3,LD3,Water Hardness in Outcode LD3,45,Supplier: Dŵr Cymru Welsh Water • Sectors: 5
Outcode Regional Hubs,https://waterhardness.uk/water-hardness/ld4,/water-hardness/ld4,LD4,Water Hardness in Outcode LD4,45,Supplier: Dŵr Cymru Welsh Water • Sectors: 1
Outcode Regional Hubs,https://waterhardness.uk/water-hardness/ld5,/water-hardness/ld5,LD5,Water Hardness in Outcode LD5,140,Supplier: Hafren Dyfrdwy • Sectors: 1
Outcode Regional Hubs,https://waterhardness.uk/water-hardness/ld6,/water-hardness/ld6,LD6,Water Hardness in Outcode LD6,140,Supplier: Hafren Dyfrdwy • Sectors: 1
Outcode Regional Hubs,https://waterhardness.uk/water-hardness/ld7,/water-hardness/ld7,LD7,Water Hardness in Outcode LD7,45,Supplier: Dŵr Cymru Welsh Water • Sectors: 2
Outcode Regional Hubs,https://waterhardness.uk/water-hardness/ld8,/water-hardness/ld8,LD8,Water Hardness in Outcode LD8,45,Supplier: Dŵr Cymru Welsh Water • Sectors: 1
Outcode Regional Hubs,https://waterhardness.uk/water-hardness/le1,/water-hardness/le1,LE1,Water Hardness in Outcode LE1,160,Supplier: Severn Trent Water • Sectors: 9
Outcode Regional Hubs,https://waterhardness.uk/water-hardness/le10,/water-hardness/le10,LE10,Water Hardness in Outcode LE10,160,Supplier: Severn Trent Water • Sectors: 5
Outcode Regional Hubs,https://waterhardness.uk/water-hardness/le11,/water-hardness/le11,LE11,Water Hardness in Outcode LE11,160,Supplier: Severn Trent Water • Sectors: 6
Outcode Regional Hubs,https://waterhardness.uk/water-hardness/le12,/water-hardness/le12,LE12,Water Hardness in Outcode LE12,160,Supplier: Severn Trent Water • Sectors: 5
Outcode Regional Hubs,https://waterhardness.uk/water-hardness/le13,/water-hardness/le13,LE13,Water Hardness in Outcode LE13,160,Supplier: Severn Trent Water • Sectors: 3
Outcode Regional Hubs,https://waterhardness.uk/water-hardness/le14,/water-hardness/le14,LE14,Water Hardness in Outcode LE14,160,Supplier: Severn Trent Water • Sectors: 3
Outcode Regional Hubs,https://waterhardness.uk/water-hardness/le15,/water-hardness/le15,LE15,Water Hardness in Outcode LE15,160,Supplier: Severn Trent Water • Sectors: 5
Outcode Regional Hubs,https://waterhardness.uk/water-hardness/le16,/water-hardness/le16,LE16,Water Hardness in Outcode LE16,310,Supplier: Anglian Water • Sectors: 1
Outcode Regional Hubs,https://waterhardness.uk/water-hardness/le16,/water-hardness/le16,LE16,Water Hardness in Outcode LE16,160,Supplier: Severn Trent Water • Sectors: 3
Outcode Regional Hubs,https://waterhardness.uk/water-hardness/le17,/water-hardness/le17,LE17,Water Hardness in Outcode LE17,160,Supplier: Severn Trent Water • Sectors: 4
Outcode Regional Hubs,https://waterhardness.uk/water-hardness/le18,/water-hardness/le18,LE18,Water Hardness in Outcode LE18,160,Supplier: Severn Trent Water • Sectors: 5
Outcode Regional Hubs,https://waterhardness.uk/water-hardness/le19,/water-hardness/le19,LE19,Water Hardness in Outcode LE19,160,Supplier: Severn Trent Water • Sectors: 6
Outcode Regional Hubs,https://waterhardness.uk/water-hardness/le2,/water-hardness/le2,LE2,Water Hardness in Outcode LE2,160,Supplier: Severn Trent Water • Sectors: 10
Outcode Regional Hubs,https://waterhardness.uk/water-hardness/le21,/water-hardness/le21,LE21,Water Hardness in Outcode LE21,160,Supplier: Severn Trent Water • Sectors: 3
Outcode Regional Hubs,https://waterhardness.uk/water-hardness/le3,/water-hardness/le3,LE3,Water Hardness in Outcode LE3,160,Supplier: Severn Trent Water • Sectors: 10
Outcode Regional Hubs,https://waterhardness.uk/water-hardness/le4,/water-hardness/le4,LE4,Water Hardness in Outcode LE4,160,Supplier: Severn Trent Water • Sectors: 10
Outcode Regional Hubs,https://waterhardness.uk/water-hardness/le41,/water-hardness/le41,LE41,Water Hardness in Outcode LE41,160,Supplier: Severn Trent Water • Sectors: 1
Outcode Regional Hubs,https://waterhardness.uk/water-hardness/le5,/water-hardness/le5,LE5,Water Hardness in Outcode LE5,160,Supplier: Severn Trent Water • Sectors: 8
Outcode Regional Hubs,https://waterhardness.uk/water-hardness/le6,/water-hardness/le6,LE6,Water Hardness in Outcode LE6,160,Supplier: Severn Trent Water • Sectors: 1
Outcode Regional Hubs,https://waterhardness.uk/water-hardness/le65,/water-hardness/le65,LE65,Water Hardness in Outcode LE65,160,Supplier: Severn Trent Water • Sectors: 3
Outcode Regional Hubs,https://waterhardness.uk/water-hardness/le67,/water-hardness/le67,LE67,Water Hardness in Outcode LE67,160,Supplier: Severn Trent Water • Sectors: 9
Outcode Regional Hubs,https://waterhardness.uk/water-hardness/le7,/water-hardness/le7,LE7,Water Hardness in Outcode LE7,160,Supplier: Severn Trent Water • Sectors: 7
Outcode Regional Hubs,https://waterhardness.uk/water-hardness/le8,/water-hardness/le8,LE8,Water Hardness in Outcode LE8,160,Supplier: Severn Trent Water • Sectors: 6
Outcode Regional Hubs,https://waterhardness.uk/water-hardness/le87,/water-hardness/le87,LE87,Water Hardness in Outcode LE87,160,Supplier: Severn Trent Water • Sectors: 2
Outcode Regional Hubs,https://waterhardness.uk/water-hardness/le9,/water-hardness/le9,LE9,Water Hardness in Outcode LE9,160,Supplier: Severn Trent Water • Sectors: 9
Outcode Regional Hubs,https://waterhardness.uk/water-hardness/le94,/water-hardness/le94,LE94,Water Hardness in Outcode LE94,160,Supplier: Severn Trent Water • Sectors: 1
Outcode Regional Hubs,https://waterhardness.uk/water-hardness/le95,/water-hardness/le95,LE95,Water Hardness in Outcode LE95,160,Supplier: Severn Trent Water • Sectors: 1
Outcode Regional Hubs,https://waterhardness.uk/water-hardness/ll11,/water-hardness/ll11,LL11,Water Hardness in Outcode LL11,140,Supplier: Hafren Dyfrdwy • Sectors: 7
Outcode Regional Hubs,https://waterhardness.uk/water-hardness/ll12,/water-hardness/ll12,LL12,Water Hardness in Outcode LL12,140,Supplier: Hafren Dyfrdwy • Sectors: 4
Outcode Regional Hubs,https://waterhardness.uk/water-hardness/ll13,/water-hardness/ll13,LL13,Water Hardness in Outcode LL13,140,Supplier: Hafren Dyfrdwy • Sectors: 4
Outcode Regional Hubs,https://waterhardness.uk/water-hardness/ll14,/water-hardness/ll14,LL14,Water Hardness in Outcode LL14,140,Supplier: Hafren Dyfrdwy • Sectors: 6
Outcode Regional Hubs,https://waterhardness.uk/water-hardness/ll15,/water-hardness/ll15,LL15,Water Hardness in Outcode LL15,45,Supplier: Dŵr Cymru Welsh Water • Sectors: 3
Outcode Regional Hubs,https://waterhardness.uk/water-hardness/ll16,/water-hardness/ll16,LL16,Water Hardness in Outcode LL16,45,Supplier: Dŵr Cymru Welsh Water • Sectors: 4
Outcode Regional Hubs,https://waterhardness.uk/water-hardness/ll17,/water-hardness/ll17,LL17,Water Hardness in Outcode LL17,45,Supplier: Dŵr Cymru Welsh Water • Sectors: 1
Outcode Regional Hubs,https://waterhardness.uk/water-hardness/ll18,/water-hardness/ll18,LL18,Water Hardness in Outcode LL18,45,Supplier: Dŵr Cymru Welsh Water • Sectors: 7
Outcode Regional Hubs,https://waterhardness.uk/water-hardness/ll19,/water-hardness/ll19,LL19,Water Hardness in Outcode LL19,45,Supplier: Dŵr Cymru Welsh Water • Sectors: 4
Outcode Regional Hubs,https://waterhardness.uk/water-hardness/ll20,/water-hardness/ll20,LL20,Water Hardness in Outcode LL20,140,Supplier: Hafren Dyfrdwy • Sectors: 3
Outcode Regional Hubs,https://waterhardness.uk/water-hardness/ll21,/water-hardness/ll21,LL21,Water Hardness in Outcode LL21,45,Supplier: Dŵr Cymru Welsh Water • Sectors: 2
Outcode Regional Hubs,https://waterhardness.uk/water-hardness/ll22,/water-hardness/ll22,LL22,Water Hardness in Outcode LL22,45,Supplier: Dŵr Cymru Welsh Water • Sectors: 3
Outcode Regional Hubs,https://waterhardness.uk/water-hardness/ll23,/water-hardness/ll23,LL23,Water Hardness in Outcode LL23,140,Supplier: Hafren Dyfrdwy • Sectors: 1
Outcode Regional Hubs,https://waterhardness.uk/water-hardness/ll24,/water-hardness/ll24,LL24,Water Hardness in Outcode LL24,45,Supplier: Dŵr Cymru Welsh Water • Sectors: 1
Outcode Regional Hubs,https://waterhardness.uk/water-hardness/ll25,/water-hardness/ll25,LL25,Water Hardness in Outcode LL25,45,Supplier: Dŵr Cymru Welsh Water • Sectors: 1
Outcode Regional Hubs,https://waterhardness.uk/water-hardness/ll26,/water-hardness/ll26,LL26,Water Hardness in Outcode LL26,45,Supplier: Dŵr Cymru Welsh Water • Sectors: 2
Outcode Regional Hubs,https://waterhardness.uk/water-hardness/ll27,/water-hardness/ll27,LL27,Water Hardness in Outcode LL27,45,Supplier: Dŵr Cymru Welsh Water • Sectors: 1
Outcode Regional Hubs,https://waterhardness.uk/water-hardness/ll28,/water-hardness/ll28,LL28,Water Hardness in Outcode LL28,45,Supplier: Dŵr Cymru Welsh Water • Sectors: 2
Outcode Regional Hubs,https://waterhardness.uk/water-hardness/ll29,/water-hardness/ll29,LL29,Water Hardness in Outcode LL29,45,Supplier: Dŵr Cymru Welsh Water • Sectors: 5
Outcode Regional Hubs,https://waterhardness.uk/water-hardness/ll30,/water-hardness/ll30,LL30,Water Hardness in Outcode LL30,45,Supplier: Dŵr Cymru Welsh Water • Sectors: 4
Outcode Regional Hubs,https://waterhardness.uk/water-hardness/ll31,/water-hardness/ll31,LL31,Water Hardness in Outcode LL31,45,Supplier: Dŵr Cymru Welsh Water • Sectors: 1
Outcode Regional Hubs,https://waterhardness.uk/water-hardness/ll32,/water-hardness/ll32,LL32,Water Hardness in Outcode LL32,45,Supplier: Dŵr Cymru Welsh Water • Sectors: 1
Outcode Regional Hubs,https://waterhardness.uk/water-hardness/ll33,/water-hardness/ll33,LL33,Water Hardness in Outcode LL33,45,Supplier: Dŵr Cymru Welsh Water • Sectors: 1
Outcode Regional Hubs,https://waterhardness.uk/water-hardness/ll34,/water-hardness/ll34,LL34,Water Hardness in Outcode LL34,45,Supplier: Dŵr Cymru Welsh Water • Sectors: 1
Outcode Regional Hubs,https://waterhardness.uk/water-hardness/ll35,/water-hardness/ll35,LL35,Water Hardness in Outcode LL35,140,Supplier: Hafren Dyfrdwy • Sectors: 1
Outcode Regional Hubs,https://waterhardness.uk/water-hardness/ll36,/water-hardness/ll36,LL36,Water Hardness in Outcode LL36,140,Supplier: Hafren Dyfrdwy • Sectors: 2
Outcode Regional Hubs,https://waterhardness.uk/water-hardness/ll37,/water-hardness/ll37,LL37,Water Hardness in Outcode LL37,140,Supplier: Hafren Dyfrdwy • Sectors: 1
Outcode Regional Hubs,https://waterhardness.uk/water-hardness/ll38,/water-hardness/ll38,LL38,Water Hardness in Outcode LL38,140,Supplier: Hafren Dyfrdwy • Sectors: 1
Outcode Regional Hubs,https://waterhardness.uk/water-hardness/ll39,/water-hardness/ll39,LL39,Water Hardness in Outcode LL39,140,Supplier: Hafren Dyfrdwy • Sectors: 1
Outcode Regional Hubs,https://waterhardness.uk/water-hardness/ll40,/water-hardness/ll40,LL40,Water Hardness in Outcode LL40,140,Supplier: Hafren Dyfrdwy • Sectors: 2
Outcode Regional Hubs,https://waterhardness.uk/water-hardness/ll41,/water-hardness/ll41,LL41,Water Hardness in Outcode LL41,45,Supplier: Dŵr Cymru Welsh Water • Sectors: 2
Outcode Regional Hubs,https://waterhardness.uk/water-hardness/ll41,/water-hardness/ll41,LL41,Water Hardness in Outcode LL41,140,Supplier: Hafren Dyfrdwy • Sectors: 1
Outcode Regional Hubs,https://waterhardness.uk/water-hardness/ll42,/water-hardness/ll42,LL42,Water Hardness in Outcode LL42,140,Supplier: Hafren Dyfrdwy • Sectors: 1
Outcode Regional Hubs,https://waterhardness.uk/water-hardness/ll43,/water-hardness/ll43,LL43,Water Hardness in Outcode LL43,140,Supplier: Hafren Dyfrdwy • Sectors: 1
Outcode Regional Hubs,https://waterhardness.uk/water-hardness/ll44,/water-hardness/ll44,LL44,Water Hardness in Outcode LL44,140,Supplier: Hafren Dyfrdwy • Sectors: 1
Outcode Regional Hubs,https://waterhardness.uk/water-hardness/ll45,/water-hardness/ll45,LL45,Water Hardness in Outcode LL45,140,Supplier: Hafren Dyfrdwy • Sectors: 1
Outcode Regional Hubs,https://waterhardness.uk/water-hardness/ll46,/water-hardness/ll46,LL46,Water Hardness in Outcode LL46,140,Supplier: Hafren Dyfrdwy • Sectors: 1
Outcode Regional Hubs,https://waterhardness.uk/water-hardness/ll47,/water-hardness/ll47,LL47,Water Hardness in Outcode LL47,140,Supplier: Hafren Dyfrdwy • Sectors: 1
Outcode Regional Hubs,https://waterhardness.uk/water-hardness/ll48,/water-hardness/ll48,LL48,Water Hardness in Outcode LL48,140,Supplier: Hafren Dyfrdwy • Sectors: 1
Outcode Regional Hubs,https://waterhardness.uk/water-hardness/ll49,/water-hardness/ll49,LL49,Water Hardness in Outcode LL49,140,Supplier: Hafren Dyfrdwy • Sectors: 1
Outcode Regional Hubs,https://waterhardness.uk/water-hardness/ll51,/water-hardness/ll51,LL51,Water Hardness in Outcode LL51,140,Supplier: Hafren Dyfrdwy • Sectors: 1
Outcode Regional Hubs,https://waterhardness.uk/water-hardness/ll52,/water-hardness/ll52,LL52,Water Hardness in Outcode LL52,140,Supplier: Hafren Dyfrdwy • Sectors: 1
Outcode Regional Hubs,https://waterhardness.uk/water-hardness/ll53,/water-hardness/ll53,LL53,Water Hardness in Outcode LL53,140,Supplier: Hafren Dyfrdwy • Sectors: 5
Outcode Regional Hubs,https://waterhardness.uk/water-hardness/ll54,/water-hardness/ll54,LL54,Water Hardness in Outcode LL54,140,Supplier: Hafren Dyfrdwy • Sectors: 3
Outcode Regional Hubs,https://waterhardness.uk/water-hardness/ll55,/water-hardness/ll55,LL55,Water Hardness in Outcode LL55,45,Supplier: Dŵr Cymru Welsh Water • Sectors: 5
Outcode Regional Hubs,https://waterhardness.uk/water-hardness/ll56,/water-hardness/ll56,LL56,Water Hardness in Outcode LL56,45,Supplier: Dŵr Cymru Welsh Water • Sectors: 1
Outcode Regional Hubs,https://waterhardness.uk/water-hardness/ll57,/water-hardness/ll57,LL57,Water Hardness in Outcode LL57,45,Supplier: Dŵr Cymru Welsh Water • Sectors: 5
Outcode Regional Hubs,https://waterhardness.uk/water-hardness/ll58,/water-hardness/ll58,LL58,Water Hardness in Outcode LL58,45,Supplier: Dŵr Cymru Welsh Water • Sectors: 1
Outcode Regional Hubs,https://waterhardness.uk/water-hardness/ll59,/water-hardness/ll59,LL59,Water Hardness in Outcode LL59,45,Supplier: Dŵr Cymru Welsh Water • Sectors: 1
Outcode Regional Hubs,https://waterhardness.uk/water-hardness/ll60,/water-hardness/ll60,LL60,Water Hardness in Outcode LL60,45,Supplier: Dŵr Cymru Welsh Water • Sectors: 1
Outcode Regional Hubs,https://waterhardness.uk/water-hardness/ll61,/water-hardness/ll61,LL61,Water Hardness in Outcode LL61,45,Supplier: Dŵr Cymru Welsh Water • Sectors: 2
Outcode Regional Hubs,https://waterhardness.uk/water-hardness/ll62,/water-hardness/ll62,LL62,Water Hardness in Outcode LL62,45,Supplier: Dŵr Cymru Welsh Water • Sectors: 1
Outcode Regional Hubs,https://waterhardness.uk/water-hardness/ll63,/water-hardness/ll63,LL63,Water Hardness in Outcode LL63,45,Supplier: Dŵr Cymru Welsh Water • Sectors: 1
Outcode Regional Hubs,https://waterhardness.uk/water-hardness/ll64,/water-hardness/ll64,LL64,Water Hardness in Outcode LL64,45,Supplier: Dŵr Cymru Welsh Water • Sectors: 1
Outcode Regional Hubs,https://waterhardness.uk/water-hardness/ll65,/water-hardness/ll65,LL65,Water Hardness in Outcode LL65,45,Supplier: Dŵr Cymru Welsh Water • Sectors: 4
Outcode Regional Hubs,https://waterhardness.uk/water-hardness/ll66,/water-hardness/ll66,LL66,Water Hardness in Outcode LL66,45,Supplier: Dŵr Cymru Welsh Water • Sectors: 2
Outcode Regional Hubs,https://waterhardness.uk/water-hardness/ll67,/water-hardness/ll67,LL67,Water Hardness in Outcode LL67,45,Supplier: Dŵr Cymru Welsh Water • Sectors: 1
Outcode Regional Hubs,https://waterhardness.uk/water-hardness/ll68,/water-hardness/ll68,LL68,Water Hardness in Outcode LL68,45,Supplier: Dŵr Cymru Welsh Water • Sectors: 2
Outcode Regional Hubs,https://waterhardness.uk/water-hardness/ll69,/water-hardness/ll69,LL69,Water Hardness in Outcode LL69,45,Supplier: Dŵr Cymru Welsh Water • Sectors: 1
Outcode Regional Hubs,https://waterhardness.uk/water-hardness/ll70,/water-hardness/ll70,LL70,Water Hardness in Outcode LL70,45,Supplier: Dŵr Cymru Welsh Water • Sectors: 1
Outcode Regional Hubs,https://waterhardness.uk/water-hardness/ll71,/water-hardness/ll71,LL71,Water Hardness in Outcode LL71,45,Supplier: Dŵr Cymru Welsh Water • Sectors: 2
Outcode Regional Hubs,https://waterhardness.uk/water-hardness/ll72,/water-hardness/ll72,LL72,Water Hardness in Outcode LL72,45,Supplier: Dŵr Cymru Welsh Water • Sectors: 1
Outcode Regional Hubs,https://waterhardness.uk/water-hardness/ll73,/water-hardness/ll73,LL73,Water Hardness in Outcode LL73,45,Supplier: Dŵr Cymru Welsh Water • Sectors: 1
Outcode Regional Hubs,https://waterhardness.uk/water-hardness/ll74,/water-hardness/ll74,LL74,Water Hardness in Outcode LL74,45,Supplier: Dŵr Cymru Welsh Water • Sectors: 1
Outcode Regional Hubs,https://waterhardness.uk/water-hardness/ll75,/water-hardness/ll75,LL75,Water Hardness in Outcode LL75,45,Supplier: Dŵr Cymru Welsh Water • Sectors: 2
Outcode Regional Hubs,https://waterhardness.uk/water-hardness/ll76,/water-hardness/ll76,LL76,Water Hardness in Outcode LL76,45,Supplier: Dŵr Cymru Welsh Water • Sectors: 1
Outcode Regional Hubs,https://waterhardness.uk/water-hardness/ll77,/water-hardness/ll77,LL77,Water Hardness in Outcode LL77,45,Supplier: Dŵr Cymru Welsh Water • Sectors: 3
Outcode Regional Hubs,https://waterhardness.uk/water-hardness/ll78,/water-hardness/ll78,LL78,Water Hardness in Outcode LL78,45,Supplier: Dŵr Cymru Welsh Water • Sectors: 2
Outcode Regional Hubs,https://waterhardness.uk/water-hardness/ln1,/water-hardness/ln1,LN1,Water Hardness in Outcode LN1,310,Supplier: Anglian Water • Sectors: 6
Outcode Regional Hubs,https://waterhardness.uk/water-hardness/ln10,/water-hardness/ln10,LN10,Water Hardness in Outcode LN10,310,Supplier: Anglian Water • Sectors: 2
Outcode Regional Hubs,https://waterhardness.uk/water-hardness/ln11,/water-hardness/ln11,LN11,Water Hardness in Outcode LN11,310,Supplier: Anglian Water • Sectors: 5
Outcode Regional Hubs,https://waterhardness.uk/water-hardness/ln12,/water-hardness/ln12,LN12,Water Hardness in Outcode LN12,310,Supplier: Anglian Water • Sectors: 3
Outcode Regional Hubs,https://waterhardness.uk/water-hardness/ln13,/water-hardness/ln13,LN13,Water Hardness in Outcode LN13,310,Supplier: Anglian Water • Sectors: 3
Outcode Regional Hubs,https://waterhardness.uk/water-hardness/ln2,/water-hardness/ln2,LN2,Water Hardness in Outcode LN2,310,Supplier: Anglian Water • Sectors: 5
Outcode Regional Hubs,https://waterhardness.uk/water-hardness/ln3,/water-hardness/ln3,LN3,Water Hardness in Outcode LN3,310,Supplier: Anglian Water • Sectors: 2
Outcode Regional Hubs,https://waterhardness.uk/water-hardness/ln4,/water-hardness/ln4,LN4,Water Hardness in Outcode LN4,310,Supplier: Anglian Water • Sectors: 4
Outcode Regional Hubs,https://waterhardness.uk/water-hardness/ln5,/water-hardness/ln5,LN5,Water Hardness in Outcode LN5,310,Supplier: Anglian Water • Sectors: 5
Outcode Regional Hubs,https://waterhardness.uk/water-hardness/ln6,/water-hardness/ln6,LN6,Water Hardness in Outcode LN6,310,Supplier: Anglian Water • Sectors: 8
Outcode Regional Hubs,https://waterhardness.uk/water-hardness/ln7,/water-hardness/ln7,LN7,Water Hardness in Outcode LN7,310,Supplier: Anglian Water • Sectors: 1
Outcode Regional Hubs,https://waterhardness.uk/water-hardness/ln8,/water-hardness/ln8,LN8,Water Hardness in Outcode LN8,310,Supplier: Anglian Water • Sectors: 5
Outcode Regional Hubs,https://waterhardness.uk/water-hardness/ln9,/water-hardness/ln9,LN9,Water Hardness in Outcode LN9,310,Supplier: Anglian Water • Sectors: 3
Outcode Regional Hubs,https://waterhardness.uk/water-hardness/ls1,/water-hardness/ls1,LS1,Water Hardness in Outcode LS1,110,Supplier: Yorkshire Water • Sectors: 9
Outcode Regional Hubs,https://waterhardness.uk/water-hardness/ls10,/water-hardness/ls10,LS10,Water Hardness in Outcode LS10,110,Supplier: Yorkshire Water • Sectors: 5
Outcode Regional Hubs,https://waterhardness.uk/water-hardness/ls11,/water-hardness/ls11,LS11,Water Hardness in Outcode LS11,110,Supplier: Yorkshire Water • Sectors: 7
Outcode Regional Hubs,https://waterhardness.uk/water-hardness/ls12,/water-hardness/ls12,LS12,Water Hardness in Outcode LS12,110,Supplier: Yorkshire Water • Sectors: 7
Outcode Regional Hubs,https://waterhardness.uk/water-hardness/ls13,/water-hardness/ls13,LS13,Water Hardness in Outcode LS13,110,Supplier: Yorkshire Water • Sectors: 5
Outcode Regional Hubs,https://waterhardness.uk/water-hardness/ls14,/water-hardness/ls14,LS14,Water Hardness in Outcode LS14,110,Supplier: Yorkshire Water • Sectors: 6
Outcode Regional Hubs,https://waterhardness.uk/water-hardness/ls15,/water-hardness/ls15,LS15,Water Hardness in Outcode LS15,110,Supplier: Yorkshire Water • Sectors: 6
Outcode Regional Hubs,https://waterhardness.uk/water-hardness/ls16,/water-hardness/ls16,LS16,Water Hardness in Outcode LS16,110,Supplier: Yorkshire Water • Sectors: 6
Outcode Regional Hubs,https://waterhardness.uk/water-hardness/ls17,/water-hardness/ls17,LS17,Water Hardness in Outcode LS17,110,Supplier: Yorkshire Water • Sectors: 7
Outcode Regional Hubs,https://waterhardness.uk/water-hardness/ls18,/water-hardness/ls18,LS18,Water Hardness in Outcode LS18,110,Supplier: Yorkshire Water • Sectors: 2
Outcode Regional Hubs,https://waterhardness.uk/water-hardness/ls19,/water-hardness/ls19,LS19,Water Hardness in Outcode LS19,110,Supplier: Yorkshire Water • Sectors: 3
Outcode Regional Hubs,https://waterhardness.uk/water-hardness/ls2,/water-hardness/ls2,LS2,Water Hardness in Outcode LS2,110,Supplier: Yorkshire Water • Sectors: 4
Outcode Regional Hubs,https://waterhardness.uk/water-hardness/ls20,/water-hardness/ls20,LS20,Water Hardness in Outcode LS20,110,Supplier: Yorkshire Water • Sectors: 2
Outcode Regional Hubs,https://waterhardness.uk/water-hardness/ls21,/water-hardness/ls21,LS21,Water Hardness in Outcode LS21,110,Supplier: Yorkshire Water • Sectors: 4
Outcode Regional Hubs,https://waterhardness.uk/water-hardness/ls22,/water-hardness/ls22,LS22,Water Hardness in Outcode LS22,110,Supplier: Yorkshire Water • Sectors: 5
Outcode Regional Hubs,https://waterhardness.uk/water-hardness/ls23,/water-hardness/ls23,LS23,Water Hardness in Outcode LS23,110,Supplier: Yorkshire Water • Sectors: 2
Outcode Regional Hubs,https://waterhardness.uk/water-hardness/ls24,/water-hardness/ls24,LS24,Water Hardness in Outcode LS24,110,Supplier: Yorkshire Water • Sectors: 3
Outcode Regional Hubs,https://waterhardness.uk/water-hardness/ls25,/water-hardness/ls25,LS25,Water Hardness in Outcode LS25,110,Supplier: Yorkshire Water • Sectors: 8
Outcode Regional Hubs,https://waterhardness.uk/water-hardness/ls26,/water-hardness/ls26,LS26,Water Hardness in Outcode LS26,110,Supplier: Yorkshire Water • Sectors: 4
Outcode Regional Hubs,https://waterhardness.uk/water-hardness/ls27,/water-hardness/ls27,LS27,Water Hardness in Outcode LS27,110,Supplier: Yorkshire Water • Sectors: 5
Outcode Regional Hubs,https://waterhardness.uk/water-hardness/ls28,/water-hardness/ls28,LS28,Water Hardness in Outcode LS28,110,Supplier: Yorkshire Water • Sectors: 6
Outcode Regional Hubs,https://waterhardness.uk/water-hardness/ls29,/water-hardness/ls29,LS29,Water Hardness in Outcode LS29,110,Supplier: Yorkshire Water • Sectors: 6
Outcode Regional Hubs,https://waterhardness.uk/water-hardness/ls3,/water-hardness/ls3,LS3,Water Hardness in Outcode LS3,110,Supplier: Yorkshire Water • Sectors: 1
Outcode Regional Hubs,https://waterhardness.uk/water-hardness/ls4,/water-hardness/ls4,LS4,Water Hardness in Outcode LS4,110,Supplier: Yorkshire Water • Sectors: 1
Outcode Regional Hubs,https://waterhardness.uk/water-hardness/ls5,/water-hardness/ls5,LS5,Water Hardness in Outcode LS5,110,Supplier: Yorkshire Water • Sectors: 2
Outcode Regional Hubs,https://waterhardness.uk/water-hardness/ls6,/water-hardness/ls6,LS6,Water Hardness in Outcode LS6,110,Supplier: Yorkshire Water • Sectors: 5
Outcode Regional Hubs,https://waterhardness.uk/water-hardness/ls7,/water-hardness/ls7,LS7,Water Hardness in Outcode LS7,110,Supplier: Yorkshire Water • Sectors: 5
Outcode Regional Hubs,https://waterhardness.uk/water-hardness/ls78,/water-hardness/ls78,LS78,Water Hardness in Outcode LS78,130,Supplier: Northumbrian Water • Sectors: 1
Outcode Regional Hubs,https://waterhardness.uk/water-hardness/ls8,/water-hardness/ls8,LS8,Water Hardness in Outcode LS8,110,Supplier: Yorkshire Water • Sectors: 6
Outcode Regional Hubs,https://waterhardness.uk/water-hardness/ls88,/water-hardness/ls88,LS88,Water Hardness in Outcode LS88,110,Supplier: Yorkshire Water • Sectors: 1
Outcode Regional Hubs,https://waterhardness.uk/water-hardness/ls9,/water-hardness/ls9,LS9,Water Hardness in Outcode LS9,110,Supplier: Yorkshire Water • Sectors: 6
Outcode Regional Hubs,https://waterhardness.uk/water-hardness/ls98,/water-hardness/ls98,LS98,Water Hardness in Outcode LS98,110,Supplier: Yorkshire Water • Sectors: 1
Outcode Regional Hubs,https://waterhardness.uk/water-hardness/ls99,/water-hardness/ls99,LS99,Water Hardness in Outcode LS99,110,Supplier: Yorkshire Water • Sectors: 2
Outcode Regional Hubs,https://waterhardness.uk/water-hardness/lu1,/water-hardness/lu1,LU1,Water Hardness in Outcode LU1,290,Supplier: Affinity Water • Sectors: 6
Outcode Regional Hubs,https://waterhardness.uk/water-hardness/lu2,/water-hardness/lu2,LU2,Water Hardness in Outcode LU2,290,Supplier: Affinity Water • Sectors: 4
Outcode Regional Hubs,https://waterhardness.uk/water-hardness/lu3,/water-hardness/lu3,LU3,Water Hardness in Outcode LU3,290,Supplier: Affinity Water • Sectors: 5
Outcode Regional Hubs,https://waterhardness.uk/water-hardness/lu4,/water-hardness/lu4,LU4,Water Hardness in Outcode LU4,290,Supplier: Affinity Water • Sectors: 3
Outcode Regional Hubs,https://waterhardness.uk/water-hardness/lu5,/water-hardness/lu5,LU5,Water Hardness in Outcode LU5,290,Supplier: Affinity Water • Sectors: 3
Outcode Regional Hubs,https://waterhardness.uk/water-hardness/lu5,/water-hardness/lu5,LU5,Water Hardness in Outcode LU5,310,Supplier: Anglian Water • Sectors: 1
Outcode Regional Hubs,https://waterhardness.uk/water-hardness/lu6,/water-hardness/lu6,LU6,Water Hardness in Outcode LU6,290,Supplier: Affinity Water • Sectors: 4
Outcode Regional Hubs,https://waterhardness.uk/water-hardness/lu7,/water-hardness/lu7,LU7,Water Hardness in Outcode LU7,310,Supplier: Anglian Water • Sectors: 7
Outcode Regional Hubs,https://waterhardness.uk/water-hardness/m1,/water-hardness/m1,M1,Water Hardness in Outcode M1,45,Supplier: United Utilities • Sectors: 7
Outcode Regional Hubs,https://waterhardness.uk/water-hardness/m11,/water-hardness/m11,M11,Water Hardness in Outcode M11,45,Supplier: United Utilities • Sectors: 4
Outcode Regional Hubs,https://waterhardness.uk/water-hardness/m12,/water-hardness/m12,M12,Water Hardness in Outcode M12,45,Supplier: United Utilities • Sectors: 4
Outcode Regional Hubs,https://waterhardness.uk/water-hardness/m13,/water-hardness/m13,M13,Water Hardness in Outcode M13,45,Supplier: United Utilities • Sectors: 2
Outcode Regional Hubs,https://waterhardness.uk/water-hardness/m14,/water-hardness/m14,M14,Water Hardness in Outcode M14,45,Supplier: United Utilities • Sectors: 5
Outcode Regional Hubs,https://waterhardness.uk/water-hardness/m15,/water-hardness/m15,M15,Water Hardness in Outcode M15,45,Supplier: United Utilities • Sectors: 3
Outcode Regional Hubs,https://waterhardness.uk/water-hardness/m16,/water-hardness/m16,M16,Water Hardness in Outcode M16,45,Supplier: United Utilities • Sectors: 5
Outcode Regional Hubs,https://waterhardness.uk/water-hardness/m17,/water-hardness/m17,M17,Water Hardness in Outcode M17,45,Supplier: United Utilities • Sectors: 2
Outcode Regional Hubs,https://waterhardness.uk/water-hardness/m18,/water-hardness/m18,M18,Water Hardness in Outcode M18,45,Supplier: United Utilities • Sectors: 2
Outcode Regional Hubs,https://waterhardness.uk/water-hardness/m19,/water-hardness/m19,M19,Water Hardness in Outcode M19,45,Supplier: United Utilities • Sectors: 3
Outcode Regional Hubs,https://waterhardness.uk/water-hardness/m2,/water-hardness/m2,M2,Water Hardness in Outcode M2,45,Supplier: United Utilities • Sectors: 7
Outcode Regional Hubs,https://waterhardness.uk/water-hardness/m20,/water-hardness/m20,M20,Water Hardness in Outcode M20,45,Supplier: United Utilities • Sectors: 6
Outcode Regional Hubs,https://waterhardness.uk/water-hardness/m21,/water-hardness/m21,M21,Water Hardness in Outcode M21,45,Supplier: United Utilities • Sectors: 5
Outcode Regional Hubs,https://waterhardness.uk/water-hardness/m22,/water-hardness/m22,M22,Water Hardness in Outcode M22,45,Supplier: United Utilities • Sectors: 7
Outcode Regional Hubs,https://waterhardness.uk/water-hardness/m23,/water-hardness/m23,M23,Water Hardness in Outcode M23,45,Supplier: United Utilities • Sectors: 4
Outcode Regional Hubs,https://waterhardness.uk/water-hardness/m24,/water-hardness/m24,M24,Water Hardness in Outcode M24,45,Supplier: United Utilities • Sectors: 6
Outcode Regional Hubs,https://waterhardness.uk/water-hardness/m25,/water-hardness/m25,M25,Water Hardness in Outcode M25,45,Supplier: United Utilities • Sectors: 5
Outcode Regional Hubs,https://waterhardness.uk/water-hardness/m26,/water-hardness/m26,M26,Water Hardness in Outcode M26,45,Supplier: United Utilities • Sectors: 5
Outcode Regional Hubs,https://waterhardness.uk/water-hardness/m27,/water-hardness/m27,M27,Water Hardness in Outcode M27,45,Supplier: United Utilities • Sectors: 6
Outcode Regional Hubs,https://waterhardness.uk/water-hardness/m28,/water-hardness/m28,M28,Water Hardness in Outcode M28,45,Supplier: United Utilities • Sectors: 6
Outcode Regional Hubs,https://waterhardness.uk/water-hardness/m29,/water-hardness/m29,M29,Water Hardness in Outcode M29,45,Supplier: United Utilities • Sectors: 3
Outcode Regional Hubs,https://waterhardness.uk/water-hardness/m3,/water-hardness/m3,M3,Water Hardness in Outcode M3,45,Supplier: United Utilities • Sectors: 7
Outcode Regional Hubs,https://waterhardness.uk/water-hardness/m30,/water-hardness/m30,M30,Water Hardness in Outcode M30,45,Supplier: United Utilities • Sectors: 5
Outcode Regional Hubs,https://waterhardness.uk/water-hardness/m31,/water-hardness/m31,M31,Water Hardness in Outcode M31,45,Supplier: United Utilities • Sectors: 1
Outcode Regional Hubs,https://waterhardness.uk/water-hardness/m32,/water-hardness/m32,M32,Water Hardness in Outcode M32,45,Supplier: United Utilities • Sectors: 4
Outcode Regional Hubs,https://waterhardness.uk/water-hardness/m33,/water-hardness/m33,M33,Water Hardness in Outcode M33,45,Supplier: United Utilities • Sectors: 7
Outcode Regional Hubs,https://waterhardness.uk/water-hardness/m34,/water-hardness/m34,M34,Water Hardness in Outcode M34,45,Supplier: United Utilities • Sectors: 6
Outcode Regional Hubs,https://waterhardness.uk/water-hardness/m35,/water-hardness/m35,M35,Water Hardness in Outcode M35,130,Supplier: Northumbrian Water • Sectors: 1
Outcode Regional Hubs,https://waterhardness.uk/water-hardness/m35,/water-hardness/m35,M35,Water Hardness in Outcode M35,45,Supplier: United Utilities • Sectors: 2
Outcode Regional Hubs,https://waterhardness.uk/water-hardness/m38,/water-hardness/m38,M38,Water Hardness in Outcode M38,45,Supplier: United Utilities • Sectors: 2
Outcode Regional Hubs,https://waterhardness.uk/water-hardness/m4,/water-hardness/m4,M4,Water Hardness in Outcode M4,45,Supplier: United Utilities • Sectors: 7
Outcode Regional Hubs,https://waterhardness.uk/water-hardness/m40,/water-hardness/m40,M40,Water Hardness in Outcode M40,45,Supplier: United Utilities • Sectors: 9
Outcode Regional Hubs,https://waterhardness.uk/water-hardness/m41,/water-hardness/m41,M41,Water Hardness in Outcode M41,45,Supplier: United Utilities • Sectors: 7
Outcode Regional Hubs,https://waterhardness.uk/water-hardness/m43,/water-hardness/m43,M43,Water Hardness in Outcode M43,45,Supplier: United Utilities • Sectors: 3
Outcode Regional Hubs,https://waterhardness.uk/water-hardness/m44,/water-hardness/m44,M44,Water Hardness in Outcode M44,45,Supplier: United Utilities • Sectors: 3
Outcode Regional Hubs,https://waterhardness.uk/water-hardness/m45,/water-hardness/m45,M45,Water Hardness in Outcode M45,45,Supplier: United Utilities • Sectors: 4
Outcode Regional Hubs,https://waterhardness.uk/water-hardness/m46,/water-hardness/m46,M46,Water Hardness in Outcode M46,45,Supplier: United Utilities • Sectors: 3
Outcode Regional Hubs,https://waterhardness.uk/water-hardness/m5,/water-hardness/m5,M5,Water Hardness in Outcode M5,45,Supplier: United Utilities • Sectors: 4
Outcode Regional Hubs,https://waterhardness.uk/water-hardness/m50,/water-hardness/m50,M50,Water Hardness in Outcode M50,45,Supplier: United Utilities • Sectors: 3
Outcode Regional Hubs,https://waterhardness.uk/water-hardness/m6,/water-hardness/m6,M6,Water Hardness in Outcode M6,45,Supplier: United Utilities • Sectors: 4
Outcode Regional Hubs,https://waterhardness.uk/water-hardness/m60,/water-hardness/m60,M60,Water Hardness in Outcode M60,45,Supplier: United Utilities • Sectors: 8
Outcode Regional Hubs,https://waterhardness.uk/water-hardness/m61,/water-hardness/m61,M61,Water Hardness in Outcode M61,45,Supplier: United Utilities • Sectors: 1
Outcode Regional Hubs,https://waterhardness.uk/water-hardness/m7,/water-hardness/m7,M7,Water Hardness in Outcode M7,45,Supplier: United Utilities • Sectors: 4
Outcode Regional Hubs,https://waterhardness.uk/water-hardness/m8,/water-hardness/m8,M8,Water Hardness in Outcode M8,45,Supplier: United Utilities • Sectors: 6
Outcode Regional Hubs,https://waterhardness.uk/water-hardness/m9,/water-hardness/m9,M9,Water Hardness in Outcode M9,45,Supplier: United Utilities • Sectors: 7
Outcode Regional Hubs,https://waterhardness.uk/water-hardness/m90,/water-hardness/m90,M90,Water Hardness in Outcode M90,45,Supplier: United Utilities • Sectors: 5
Outcode Regional Hubs,https://waterhardness.uk/water-hardness/m99,/water-hardness/m99,M99,Water Hardness in Outcode M99,45,Supplier: United Utilities • Sectors: 2
Outcode Regional Hubs,https://waterhardness.uk/water-hardness/me1,/water-hardness/me1,ME1,Water Hardness in Outcode ME1,280,Supplier: Southern Water • Sectors: 4
Outcode Regional Hubs,https://waterhardness.uk/water-hardness/me10,/water-hardness/me10,ME10,Water Hardness in Outcode ME10,280,Supplier: Southern Water • Sectors: 6
Outcode Regional Hubs,https://waterhardness.uk/water-hardness/me11,/water-hardness/me11,ME11,Water Hardness in Outcode ME11,280,Supplier: Southern Water • Sectors: 1
Outcode Regional Hubs,https://waterhardness.uk/water-hardness/me12,/water-hardness/me12,ME12,Water Hardness in Outcode ME12,280,Supplier: Southern Water • Sectors: 6
Outcode Regional Hubs,https://waterhardness.uk/water-hardness/me13,/water-hardness/me13,ME13,Water Hardness in Outcode ME13,270,Supplier: South East Water • Sectors: 5
Outcode Regional Hubs,https://waterhardness.uk/water-hardness/me14,/water-hardness/me14,ME14,Water Hardness in Outcode ME14,270,Supplier: South East Water • Sectors: 6
Outcode Regional Hubs,https://waterhardness.uk/water-hardness/me15,/water-hardness/me15,ME15,Water Hardness in Outcode ME15,270,Supplier: South East Water • Sectors: 5
Outcode Regional Hubs,https://waterhardness.uk/water-hardness/me16,/water-hardness/me16,ME16,Water Hardness in Outcode ME16,270,Supplier: South East Water • Sectors: 3
Outcode Regional Hubs,https://waterhardness.uk/water-hardness/me17,/water-hardness/me17,ME17,Water Hardness in Outcode ME17,270,Supplier: South East Water • Sectors: 4
Outcode Regional Hubs,https://waterhardness.uk/water-hardness/me18,/water-hardness/me18,ME18,Water Hardness in Outcode ME18,270,Supplier: South East Water • Sectors: 2
Outcode Regional Hubs,https://waterhardness.uk/water-hardness/me19,/water-hardness/me19,ME19,Water Hardness in Outcode ME19,270,Supplier: South East Water • Sectors: 3
Outcode Regional Hubs,https://waterhardness.uk/water-hardness/me2,/water-hardness/me2,ME2,Water Hardness in Outcode ME2,270,Supplier: South East Water • Sectors: 1
Outcode Regional Hubs,https://waterhardness.uk/water-hardness/me2,/water-hardness/me2,ME2,Water Hardness in Outcode ME2,280,Supplier: Southern Water • Sectors: 3
Outcode Regional Hubs,https://waterhardness.uk/water-hardness/me20,/water-hardness/me20,ME20,Water Hardness in Outcode ME20,270,Supplier: South East Water • Sectors: 2
Outcode Regional Hubs,https://waterhardness.uk/water-hardness/me3,/water-hardness/me3,ME3,Water Hardness in Outcode ME3,280,Supplier: Southern Water • Sectors: 4
Outcode Regional Hubs,https://waterhardness.uk/water-hardness/me4,/water-hardness/me4,ME4,Water Hardness in Outcode ME4,280,Supplier: Southern Water • Sectors: 5
Outcode Regional Hubs,https://waterhardness.uk/water-hardness/me5,/water-hardness/me5,ME5,Water Hardness in Outcode ME5,280,Supplier: Southern Water • Sectors: 4
Outcode Regional Hubs,https://waterhardness.uk/water-hardness/me6,/water-hardness/me6,ME6,Water Hardness in Outcode ME6,270,Supplier: South East Water • Sectors: 2
Outcode Regional Hubs,https://waterhardness.uk/water-hardness/me7,/water-hardness/me7,ME7,Water Hardness in Outcode ME7,280,Supplier: Southern Water • Sectors: 6
Outcode Regional Hubs,https://waterhardness.uk/water-hardness/me8,/water-hardness/me8,ME8,Water Hardness in Outcode ME8,280,Supplier: Southern Water • Sectors: 6
Outcode Regional Hubs,https://waterhardness.uk/water-hardness/me9,/water-hardness/me9,ME9,Water Hardness in Outcode ME9,270,Supplier: South East Water • Sectors: 2
Outcode Regional Hubs,https://waterhardness.uk/water-hardness/me9,/water-hardness/me9,ME9,Water Hardness in Outcode ME9,280,Supplier: Southern Water • Sectors: 2
Outcode Regional Hubs,https://waterhardness.uk/water-hardness/mk1,/water-hardness/mk1,MK1,Water Hardness in Outcode MK1,310,Supplier: Anglian Water • Sectors: 2
Outcode Regional Hubs,https://waterhardness.uk/water-hardness/mk10,/water-hardness/mk10,MK10,Water Hardness in Outcode MK10,310,Supplier: Anglian Water • Sectors: 4
Outcode Regional Hubs,https://waterhardness.uk/water-hardness/mk11,/water-hardness/mk11,MK11,Water Hardness in Outcode MK11,310,Supplier: Anglian Water • Sectors: 5
Outcode Regional Hubs,https://waterhardness.uk/water-hardness/mk12,/water-hardness/mk12,MK12,Water Hardness in Outcode MK12,310,Supplier: Anglian Water • Sectors: 2
Outcode Regional Hubs,https://waterhardness.uk/water-hardness/mk13,/water-hardness/mk13,MK13,Water Hardness in Outcode MK13,310,Supplier: Anglian Water • Sectors: 4
Outcode Regional Hubs,https://waterhardness.uk/water-hardness/mk14,/water-hardness/mk14,MK14,Water Hardness in Outcode MK14,310,Supplier: Anglian Water • Sectors: 3
Outcode Regional Hubs,https://waterhardness.uk/water-hardness/mk15,/water-hardness/mk15,MK15,Water Hardness in Outcode MK15,310,Supplier: Anglian Water • Sectors: 3
Outcode Regional Hubs,https://waterhardness.uk/water-hardness/mk16,/water-hardness/mk16,MK16,Water Hardness in Outcode MK16,310,Supplier: Anglian Water • Sectors: 4
Outcode Regional Hubs,https://waterhardness.uk/water-hardness/mk17,/water-hardness/mk17,MK17,Water Hardness in Outcode MK17,310,Supplier: Anglian Water • Sectors: 4
Outcode Regional Hubs,https://waterhardness.uk/water-hardness/mk18,/water-hardness/mk18,MK18,Water Hardness in Outcode MK18,310,Supplier: Anglian Water • Sectors: 9
Outcode Regional Hubs,https://waterhardness.uk/water-hardness/mk19,/water-hardness/mk19,MK19,Water Hardness in Outcode MK19,310,Supplier: Anglian Water • Sectors: 2
Outcode Regional Hubs,https://waterhardness.uk/water-hardness/mk2,/water-hardness/mk2,MK2,Water Hardness in Outcode MK2,310,Supplier: Anglian Water • Sectors: 2
Outcode Regional Hubs,https://waterhardness.uk/water-hardness/mk20,/water-hardness/mk20,MK20,Water Hardness in Outcode MK20,310,Supplier: Anglian Water • Sectors: 1
Outcode Regional Hubs,https://waterhardness.uk/water-hardness/mk3,/water-hardness/mk3,MK3,Water Hardness in Outcode MK3,310,Supplier: Anglian Water • Sectors: 4
Outcode Regional Hubs,https://waterhardness.uk/water-hardness/mk4,/water-hardness/mk4,MK4,Water Hardness in Outcode MK4,310,Supplier: Anglian Water • Sectors: 4
Outcode Regional Hubs,https://waterhardness.uk/water-hardness/mk40,/water-hardness/mk40,MK40,Water Hardness in Outcode MK40,310,Supplier: Anglian Water • Sectors: 5
Outcode Regional Hubs,https://waterhardness.uk/water-hardness/mk41,/water-hardness/mk41,MK41,Water Hardness in Outcode MK41,310,Supplier: Anglian Water • Sectors: 6
Outcode Regional Hubs,https://waterhardness.uk/water-hardness/mk42,/water-hardness/mk42,MK42,Water Hardness in Outcode MK42,310,Supplier: Anglian Water • Sectors: 6
Outcode Regional Hubs,https://waterhardness.uk/water-hardness/mk43,/water-hardness/mk43,MK43,Water Hardness in Outcode MK43,310,Supplier: Anglian Water • Sectors: 7
Outcode Regional Hubs,https://waterhardness.uk/water-hardness/mk44,/water-hardness/mk44,MK44,Water Hardness in Outcode MK44,310,Supplier: Anglian Water • Sectors: 4
Outcode Regional Hubs,https://waterhardness.uk/water-hardness/mk45,/water-hardness/mk45,MK45,Water Hardness in Outcode MK45,310,Supplier: Anglian Water • Sectors: 7
Outcode Regional Hubs,https://waterhardness.uk/water-hardness/mk46,/water-hardness/mk46,MK46,Water Hardness in Outcode MK46,310,Supplier: Anglian Water • Sectors: 2
Outcode Regional Hubs,https://waterhardness.uk/water-hardness/mk5,/water-hardness/mk5,MK5,Water Hardness in Outcode MK5,310,Supplier: Anglian Water • Sectors: 3
Outcode Regional Hubs,https://waterhardness.uk/water-hardness/mk6,/water-hardness/mk6,MK6,Water Hardness in Outcode MK6,310,Supplier: Anglian Water • Sectors: 5
Outcode Regional Hubs,https://waterhardness.uk/water-hardness/mk7,/water-hardness/mk7,MK7,Water Hardness in Outcode MK7,310,Supplier: Anglian Water • Sectors: 3
Outcode Regional Hubs,https://waterhardness.uk/water-hardness/mk77,/water-hardness/mk77,MK77,Water Hardness in Outcode MK77,310,Supplier: Anglian Water • Sectors: 1
Outcode Regional Hubs,https://waterhardness.uk/water-hardness/mk8,/water-hardness/mk8,MK8,Water Hardness in Outcode MK8,310,Supplier: Anglian Water • Sectors: 4
Outcode Regional Hubs,https://waterhardness.uk/water-hardness/mk9,/water-hardness/mk9,MK9,Water Hardness in Outcode MK9,310,Supplier: Anglian Water • Sectors: 4
Outcode Regional Hubs,https://waterhardness.uk/water-hardness/ml1,/water-hardness/ml1,ML1,Water Hardness in Outcode ML1,45,Supplier: United Utilities • Sectors: 6
Outcode Regional Hubs,https://waterhardness.uk/water-hardness/ml10,/water-hardness/ml10,ML10,Water Hardness in Outcode ML10,45,Supplier: United Utilities • Sectors: 2
Outcode Regional Hubs,https://waterhardness.uk/water-hardness/ml11,/water-hardness/ml11,ML11,Water Hardness in Outcode ML11,45,Supplier: United Utilities • Sectors: 5
Outcode Regional Hubs,https://waterhardness.uk/water-hardness/ml12,/water-hardness/ml12,ML12,Water Hardness in Outcode ML12,45,Supplier: United Utilities • Sectors: 2
Outcode Regional Hubs,https://waterhardness.uk/water-hardness/ml2,/water-hardness/ml2,ML2,Water Hardness in Outcode ML2,45,Supplier: United Utilities • Sectors: 5
Outcode Regional Hubs,https://waterhardness.uk/water-hardness/ml3,/water-hardness/ml3,ML3,Water Hardness in Outcode ML3,45,Supplier: United Utilities • Sectors: 6
Outcode Regional Hubs,https://waterhardness.uk/water-hardness/ml4,/water-hardness/ml4,ML4,Water Hardness in Outcode ML4,45,Supplier: United Utilities • Sectors: 4
Outcode Regional Hubs,https://waterhardness.uk/water-hardness/ml5,/water-hardness/ml5,ML5,Water Hardness in Outcode ML5,45,Supplier: United Utilities • Sectors: 6
Outcode Regional Hubs,https://waterhardness.uk/water-hardness/ml6,/water-hardness/ml6,ML6,Water Hardness in Outcode ML6,45,Supplier: United Utilities • Sectors: 6
Outcode Regional Hubs,https://waterhardness.uk/water-hardness/ml7,/water-hardness/ml7,ML7,Water Hardness in Outcode ML7,45,Supplier: United Utilities • Sectors: 3
Outcode Regional Hubs,https://waterhardness.uk/water-hardness/ml8,/water-hardness/ml8,ML8,Water Hardness in Outcode ML8,45,Supplier: United Utilities • Sectors: 2
Outcode Regional Hubs,https://waterhardness.uk/water-hardness/ml9,/water-hardness/ml9,ML9,Water Hardness in Outcode ML9,45,Supplier: United Utilities • Sectors: 4
Outcode Regional Hubs,https://waterhardness.uk/water-hardness/n1,/water-hardness/n1,N1,Water Hardness in Outcode N1,275,Supplier: Thames Water • Sectors: 10
Outcode Regional Hubs,https://waterhardness.uk/water-hardness/n10,/water-hardness/n10,N10,Water Hardness in Outcode N10,290,Supplier: Affinity Water • Sectors: 1
Outcode Regional Hubs,https://waterhardness.uk/water-hardness/n10,/water-hardness/n10,N10,Water Hardness in Outcode N10,275,Supplier: Thames Water • Sectors: 3
Outcode Regional Hubs,https://waterhardness.uk/water-hardness/n11,/water-hardness/n11,N11,Water Hardness in Outcode N11,290,Supplier: Affinity Water • Sectors: 2
Outcode Regional Hubs,https://waterhardness.uk/water-hardness/n11,/water-hardness/n11,N11,Water Hardness in Outcode N11,275,Supplier: Thames Water • Sectors: 2
Outcode Regional Hubs,https://waterhardness.uk/water-hardness/n12,/water-hardness/n12,N12,Water Hardness in Outcode N12,290,Supplier: Affinity Water • Sectors: 5
Outcode Regional Hubs,https://waterhardness.uk/water-hardness/n13,/water-hardness/n13,N13,Water Hardness in Outcode N13,275,Supplier: Thames Water • Sectors: 4
Outcode Regional Hubs,https://waterhardness.uk/water-hardness/n14,/water-hardness/n14,N14,Water Hardness in Outcode N14,290,Supplier: Affinity Water • Sectors: 1
Outcode Regional Hubs,https://waterhardness.uk/water-hardness/n14,/water-hardness/n14,N14,Water Hardness in Outcode N14,275,Supplier: Thames Water • Sectors: 4
Outcode Regional Hubs,https://waterhardness.uk/water-hardness/n15,/water-hardness/n15,N15,Water Hardness in Outcode N15,275,Supplier: Thames Water • Sectors: 5
Outcode Regional Hubs,https://waterhardness.uk/water-hardness/n16,/water-hardness/n16,N16,Water Hardness in Outcode N16,275,Supplier: Thames Water • Sectors: 7
Outcode Regional Hubs,https://waterhardness.uk/water-hardness/n17,/water-hardness/n17,N17,Water Hardness in Outcode N17,275,Supplier: Thames Water • Sectors: 6
Outcode Regional Hubs,https://waterhardness.uk/water-hardness/n18,/water-hardness/n18,N18,Water Hardness in Outcode N18,275,Supplier: Thames Water • Sectors: 4
Outcode Regional Hubs,https://waterhardness.uk/water-hardness/n19,/water-hardness/n19,N19,Water Hardness in Outcode N19,275,Supplier: Thames Water • Sectors: 4
Outcode Regional Hubs,https://waterhardness.uk/water-hardness/n1c,/water-hardness/n1c,N1C,Water Hardness in Outcode N1C,275,Supplier: Thames Water • Sectors: 1
Outcode Regional Hubs,https://waterhardness.uk/water-hardness/n1p,/water-hardness/n1p,N1P,Water Hardness in Outcode N1P,130,Supplier: Northumbrian Water • Sectors: 1
Outcode Regional Hubs,https://waterhardness.uk/water-hardness/n1p,/water-hardness/n1p,N1P,Water Hardness in Outcode N1P,275,Supplier: Thames Water • Sectors: 2
Outcode Regional Hubs,https://waterhardness.uk/water-hardness/n2,/water-hardness/n2,N2,Water Hardness in Outcode N2,290,Supplier: Affinity Water • Sectors: 4
Outcode Regional Hubs,https://waterhardness.uk/water-hardness/n20,/water-hardness/n20,N20,Water Hardness in Outcode N20,290,Supplier: Affinity Water • Sectors: 4
Outcode Regional Hubs,https://waterhardness.uk/water-hardness/n21,/water-hardness/n21,N21,Water Hardness in Outcode N21,275,Supplier: Thames Water • Sectors: 4
Outcode Regional Hubs,https://waterhardness.uk/water-hardness/n22,/water-hardness/n22,N22,Water Hardness in Outcode N22,275,Supplier: Thames Water • Sectors: 5
Outcode Regional Hubs,https://waterhardness.uk/water-hardness/n3,/water-hardness/n3,N3,Water Hardness in Outcode N3,290,Supplier: Affinity Water • Sectors: 4
Outcode Regional Hubs,https://waterhardness.uk/water-hardness/n4,/water-hardness/n4,N4,Water Hardness in Outcode N4,275,Supplier: Thames Water • Sectors: 5
Outcode Regional Hubs,https://waterhardness.uk/water-hardness/n5,/water-hardness/n5,N5,Water Hardness in Outcode N5,275,Supplier: Thames Water • Sectors: 3
Outcode Regional Hubs,https://waterhardness.uk/water-hardness/n6,/water-hardness/n6,N6,Water Hardness in Outcode N6,275,Supplier: Thames Water • Sectors: 4
Outcode Regional Hubs,https://waterhardness.uk/water-hardness/n7,/water-hardness/n7,N7,Water Hardness in Outcode N7,275,Supplier: Thames Water • Sectors: 6
Outcode Regional Hubs,https://waterhardness.uk/water-hardness/n8,/water-hardness/n8,N8,Water Hardness in Outcode N8,275,Supplier: Thames Water • Sectors: 5
Outcode Regional Hubs,https://waterhardness.uk/water-hardness/n81,/water-hardness/n81,N81,Water Hardness in Outcode N81,275,Supplier: Thames Water • Sectors: 1
Outcode Regional Hubs,https://waterhardness.uk/water-hardness/n9,/water-hardness/n9,N9,Water Hardness in Outcode N9,275,Supplier: Thames Water • Sectors: 5
Outcode Regional Hubs,https://waterhardness.uk/water-hardness/ne1,/water-hardness/ne1,NE1,Water Hardness in Outcode NE1,130,Supplier: Northumbrian Water • Sectors: 8
Outcode Regional Hubs,https://waterhardness.uk/water-hardness/ne10,/water-hardness/ne10,NE10,Water Hardness in Outcode NE10,130,Supplier: Northumbrian Water • Sectors: 3
Outcode Regional Hubs,https://waterhardness.uk/water-hardness/ne11,/water-hardness/ne11,NE11,Water Hardness in Outcode NE11,130,Supplier: Northumbrian Water • Sectors: 2
Outcode Regional Hubs,https://waterhardness.uk/water-hardness/ne12,/water-hardness/ne12,NE12,Water Hardness in Outcode NE12,130,Supplier: Northumbrian Water • Sectors: 6
Outcode Regional Hubs,https://waterhardness.uk/water-hardness/ne13,/water-hardness/ne13,NE13,Water Hardness in Outcode NE13,130,Supplier: Northumbrian Water • Sectors: 4
Outcode Regional Hubs,https://waterhardness.uk/water-hardness/ne15,/water-hardness/ne15,NE15,Water Hardness in Outcode NE15,130,Supplier: Northumbrian Water • Sectors: 5
Outcode Regional Hubs,https://waterhardness.uk/water-hardness/ne16,/water-hardness/ne16,NE16,Water Hardness in Outcode NE16,130,Supplier: Northumbrian Water • Sectors: 5
Outcode Regional Hubs,https://waterhardness.uk/water-hardness/ne17,/water-hardness/ne17,NE17,Water Hardness in Outcode NE17,130,Supplier: Northumbrian Water • Sectors: 2
Outcode Regional Hubs,https://waterhardness.uk/water-hardness/ne18,/water-hardness/ne18,NE18,Water Hardness in Outcode NE18,130,Supplier: Northumbrian Water • Sectors: 1
Outcode Regional Hubs,https://waterhardness.uk/water-hardness/ne19,/water-hardness/ne19,NE19,Water Hardness in Outcode NE19,130,Supplier: Northumbrian Water • Sectors: 2
Outcode Regional Hubs,https://waterhardness.uk/water-hardness/ne2,/water-hardness/ne2,NE2,Water Hardness in Outcode NE2,130,Supplier: Northumbrian Water • Sectors: 4
Outcode Regional Hubs,https://waterhardness.uk/water-hardness/ne20,/water-hardness/ne20,NE20,Water Hardness in Outcode NE20,130,Supplier: Northumbrian Water • Sectors: 3
Outcode Regional Hubs,https://waterhardness.uk/water-hardness/ne21,/water-hardness/ne21,NE21,Water Hardness in Outcode NE21,130,Supplier: Northumbrian Water • Sectors: 3
Outcode Regional Hubs,https://waterhardness.uk/water-hardness/ne22,/water-hardness/ne22,NE22,Water Hardness in Outcode NE22,130,Supplier: Northumbrian Water • Sectors: 3
Outcode Regional Hubs,https://waterhardness.uk/water-hardness/ne23,/water-hardness/ne23,NE23,Water Hardness in Outcode NE23,130,Supplier: Northumbrian Water • Sectors: 7
Outcode Regional Hubs,https://waterhardness.uk/water-hardness/ne24,/water-hardness/ne24,NE24,Water Hardness in Outcode NE24,130,Supplier: Northumbrian Water • Sectors: 6
Outcode Regional Hubs,https://waterhardness.uk/water-hardness/ne25,/water-hardness/ne25,NE25,Water Hardness in Outcode NE25,130,Supplier: Northumbrian Water • Sectors: 3
Outcode Regional Hubs,https://waterhardness.uk/water-hardness/ne26,/water-hardness/ne26,NE26,Water Hardness in Outcode NE26,130,Supplier: Northumbrian Water • Sectors: 5
Outcode Regional Hubs,https://waterhardness.uk/water-hardness/ne27,/water-hardness/ne27,NE27,Water Hardness in Outcode NE27,130,Supplier: Northumbrian Water • Sectors: 2
Outcode Regional Hubs,https://waterhardness.uk/water-hardness/ne28,/water-hardness/ne28,NE28,Water Hardness in Outcode NE28,130,Supplier: Northumbrian Water • Sectors: 6
Outcode Regional Hubs,https://waterhardness.uk/water-hardness/ne29,/water-hardness/ne29,NE29,Water Hardness in Outcode NE29,130,Supplier: Northumbrian Water • Sectors: 6
Outcode Regional Hubs,https://waterhardness.uk/water-hardness/ne3,/water-hardness/ne3,NE3,Water Hardness in Outcode NE3,130,Supplier: Northumbrian Water • Sectors: 6
Outcode Regional Hubs,https://waterhardness.uk/water-hardness/ne30,/water-hardness/ne30,NE30,Water Hardness in Outcode NE30,130,Supplier: Northumbrian Water • Sectors: 4
Outcode Regional Hubs,https://waterhardness.uk/water-hardness/ne31,/water-hardness/ne31,NE31,Water Hardness in Outcode NE31,130,Supplier: Northumbrian Water • Sectors: 3
Outcode Regional Hubs,https://waterhardness.uk/water-hardness/ne32,/water-hardness/ne32,NE32,Water Hardness in Outcode NE32,130,Supplier: Northumbrian Water • Sectors: 4
Outcode Regional Hubs,https://waterhardness.uk/water-hardness/ne33,/water-hardness/ne33,NE33,Water Hardness in Outcode NE33,130,Supplier: Northumbrian Water • Sectors: 6
Outcode Regional Hubs,https://waterhardness.uk/water-hardness/ne34,/water-hardness/ne34,NE34,Water Hardness in Outcode NE34,130,Supplier: Northumbrian Water • Sectors: 5
Outcode Regional Hubs,https://waterhardness.uk/water-hardness/ne35,/water-hardness/ne35,NE35,Water Hardness in Outcode NE35,130,Supplier: Northumbrian Water • Sectors: 2
Outcode Regional Hubs,https://waterhardness.uk/water-hardness/ne36,/water-hardness/ne36,NE36,Water Hardness in Outcode NE36,130,Supplier: Northumbrian Water • Sectors: 1
Outcode Regional Hubs,https://waterhardness.uk/water-hardness/ne37,/water-hardness/ne37,NE37,Water Hardness in Outcode NE37,130,Supplier: Northumbrian Water • Sectors: 4
Outcode Regional Hubs,https://waterhardness.uk/water-hardness/ne38,/water-hardness/ne38,NE38,Water Hardness in Outcode NE38,130,Supplier: Northumbrian Water • Sectors: 4
Outcode Regional Hubs,https://waterhardness.uk/water-hardness/ne39,/water-hardness/ne39,NE39,Water Hardness in Outcode NE39,130,Supplier: Northumbrian Water • Sectors: 3
Outcode Regional Hubs,https://waterhardness.uk/water-hardness/ne4,/water-hardness/ne4,NE4,Water Hardness in Outcode NE4,130,Supplier: Northumbrian Water • Sectors: 5
Outcode Regional Hubs,https://waterhardness.uk/water-hardness/ne40,/water-hardness/ne40,NE40,Water Hardness in Outcode NE40,130,Supplier: Northumbrian Water • Sectors: 3
Outcode Regional Hubs,https://waterhardness.uk/water-hardness/ne41,/water-hardness/ne41,NE41,Water Hardness in Outcode NE41,130,Supplier: Northumbrian Water • Sectors: 1
Outcode Regional Hubs,https://waterhardness.uk/water-hardness/ne42,/water-hardness/ne42,NE42,Water Hardness in Outcode NE42,130,Supplier: Northumbrian Water • Sectors: 3
Outcode Regional Hubs,https://waterhardness.uk/water-hardness/ne43,/water-hardness/ne43,NE43,Water Hardness in Outcode NE43,130,Supplier: Northumbrian Water • Sectors: 1
Outcode Regional Hubs,https://waterhardness.uk/water-hardness/ne44,/water-hardness/ne44,NE44,Water Hardness in Outcode NE44,130,Supplier: Northumbrian Water • Sectors: 1
Outcode Regional Hubs,https://waterhardness.uk/water-hardness/ne45,/water-hardness/ne45,NE45,Water Hardness in Outcode NE45,130,Supplier: Northumbrian Water • Sectors: 1
Outcode Regional Hubs,https://waterhardness.uk/water-hardness/ne46,/water-hardness/ne46,NE46,Water Hardness in Outcode NE46,130,Supplier: Northumbrian Water • Sectors: 5
Outcode Regional Hubs,https://waterhardness.uk/water-hardness/ne47,/water-hardness/ne47,NE47,Water Hardness in Outcode NE47,130,Supplier: Northumbrian Water • Sectors: 6
Outcode Regional Hubs,https://waterhardness.uk/water-hardness/ne48,/water-hardness/ne48,NE48,Water Hardness in Outcode NE48,130,Supplier: Northumbrian Water • Sectors: 4
Outcode Regional Hubs,https://waterhardness.uk/water-hardness/ne49,/water-hardness/ne49,NE49,Water Hardness in Outcode NE49,130,Supplier: Northumbrian Water • Sectors: 2
Outcode Regional Hubs,https://waterhardness.uk/water-hardness/ne5,/water-hardness/ne5,NE5,Water Hardness in Outcode NE5,130,Supplier: Northumbrian Water • Sectors: 6
Outcode Regional Hubs,https://waterhardness.uk/water-hardness/ne6,/water-hardness/ne6,NE6,Water Hardness in Outcode NE6,130,Supplier: Northumbrian Water • Sectors: 6
Outcode Regional Hubs,https://waterhardness.uk/water-hardness/ne61,/water-hardness/ne61,NE61,Water Hardness in Outcode NE61,130,Supplier: Northumbrian Water • Sectors: 7
Outcode Regional Hubs,https://waterhardness.uk/water-hardness/ne62,/water-hardness/ne62,NE62,Water Hardness in Outcode NE62,130,Supplier: Northumbrian Water • Sectors: 1
Outcode Regional Hubs,https://waterhardness.uk/water-hardness/ne63,/water-hardness/ne63,NE63,Water Hardness in Outcode NE63,130,Supplier: Northumbrian Water • Sectors: 4
Outcode Regional Hubs,https://waterhardness.uk/water-hardness/ne64,/water-hardness/ne64,NE64,Water Hardness in Outcode NE64,130,Supplier: Northumbrian Water • Sectors: 1
Outcode Regional Hubs,https://waterhardness.uk/water-hardness/ne65,/water-hardness/ne65,NE65,Water Hardness in Outcode NE65,130,Supplier: Northumbrian Water • Sectors: 4
Outcode Regional Hubs,https://waterhardness.uk/water-hardness/ne66,/water-hardness/ne66,NE66,Water Hardness in Outcode NE66,130,Supplier: Northumbrian Water • Sectors: 6
Outcode Regional Hubs,https://waterhardness.uk/water-hardness/ne67,/water-hardness/ne67,NE67,Water Hardness in Outcode NE67,130,Supplier: Northumbrian Water • Sectors: 1
Outcode Regional Hubs,https://waterhardness.uk/water-hardness/ne68,/water-hardness/ne68,NE68,Water Hardness in Outcode NE68,130,Supplier: Northumbrian Water • Sectors: 1
Outcode Regional Hubs,https://waterhardness.uk/water-hardness/ne69,/water-hardness/ne69,NE69,Water Hardness in Outcode NE69,130,Supplier: Northumbrian Water • Sectors: 1
Outcode Regional Hubs,https://waterhardness.uk/water-hardness/ne7,/water-hardness/ne7,NE7,Water Hardness in Outcode NE7,130,Supplier: Northumbrian Water • Sectors: 1
Outcode Regional Hubs,https://waterhardness.uk/water-hardness/ne70,/water-hardness/ne70,NE70,Water Hardness in Outcode NE70,130,Supplier: Northumbrian Water • Sectors: 1
Outcode Regional Hubs,https://waterhardness.uk/water-hardness/ne71,/water-hardness/ne71,NE71,Water Hardness in Outcode NE71,130,Supplier: Northumbrian Water • Sectors: 1
Outcode Regional Hubs,https://waterhardness.uk/water-hardness/ne8,/water-hardness/ne8,NE8,Water Hardness in Outcode NE8,130,Supplier: Northumbrian Water • Sectors: 5
Outcode Regional Hubs,https://waterhardness.uk/water-hardness/ne85,/water-hardness/ne85,NE85,Water Hardness in Outcode NE85,130,Supplier: Northumbrian Water • Sectors: 2
Outcode Regional Hubs,https://waterhardness.uk/water-hardness/ne88,/water-hardness/ne88,NE88,Water Hardness in Outcode NE88,130,Supplier: Northumbrian Water • Sectors: 1
Outcode Regional Hubs,https://waterhardness.uk/water-hardness/ne9,/water-hardness/ne9,NE9,Water Hardness in Outcode NE9,130,Supplier: Northumbrian Water • Sectors: 4
Outcode Regional Hubs,https://waterhardness.uk/water-hardness/ne92,/water-hardness/ne92,NE92,Water Hardness in Outcode NE92,130,Supplier: Northumbrian Water • Sectors: 1
Outcode Regional Hubs,https://waterhardness.uk/water-hardness/ne98,/water-hardness/ne98,NE98,Water Hardness in Outcode NE98,130,Supplier: Northumbrian Water • Sectors: 1
Outcode Regional Hubs,https://waterhardness.uk/water-hardness/ne99,/water-hardness/ne99,NE99,Water Hardness in Outcode NE99,130,Supplier: Northumbrian Water • Sectors: 4
Outcode Regional Hubs,https://waterhardness.uk/water-hardness/ng1,/water-hardness/ng1,NG1,Water Hardness in Outcode NG1,160,Supplier: Severn Trent Water • Sectors: 8
Outcode Regional Hubs,https://waterhardness.uk/water-hardness/ng10,/water-hardness/ng10,NG10,Water Hardness in Outcode NG10,160,Supplier: Severn Trent Water • Sectors: 6
Outcode Regional Hubs,https://waterhardness.uk/water-hardness/ng11,/water-hardness/ng11,NG11,Water Hardness in Outcode NG11,160,Supplier: Severn Trent Water • Sectors: 7
Outcode Regional Hubs,https://waterhardness.uk/water-hardness/ng12,/water-hardness/ng12,NG12,Water Hardness in Outcode NG12,160,Supplier: Severn Trent Water • Sectors: 5
Outcode Regional Hubs,https://waterhardness.uk/water-hardness/ng13,/water-hardness/ng13,NG13,Water Hardness in Outcode NG13,160,Supplier: Severn Trent Water • Sectors: 4
Outcode Regional Hubs,https://waterhardness.uk/water-hardness/ng14,/water-hardness/ng14,NG14,Water Hardness in Outcode NG14,160,Supplier: Severn Trent Water • Sectors: 3
Outcode Regional Hubs,https://waterhardness.uk/water-hardness/ng15,/water-hardness/ng15,NG15,Water Hardness in Outcode NG15,160,Supplier: Severn Trent Water • Sectors: 6
Outcode Regional Hubs,https://waterhardness.uk/water-hardness/ng16,/water-hardness/ng16,NG16,Water Hardness in Outcode NG16,160,Supplier: Severn Trent Water • Sectors: 7
Outcode Regional Hubs,https://waterhardness.uk/water-hardness/ng17,/water-hardness/ng17,NG17,Water Hardness in Outcode NG17,160,Supplier: Severn Trent Water • Sectors: 10
Outcode Regional Hubs,https://waterhardness.uk/water-hardness/ng18,/water-hardness/ng18,NG18,Water Hardness in Outcode NG18,160,Supplier: Severn Trent Water • Sectors: 7
Outcode Regional Hubs,https://waterhardness.uk/water-hardness/ng19,/water-hardness/ng19,NG19,Water Hardness in Outcode NG19,160,Supplier: Severn Trent Water • Sectors: 5
Outcode Regional Hubs,https://waterhardness.uk/water-hardness/ng2,/water-hardness/ng2,NG2,Water Hardness in Outcode NG2,160,Supplier: Severn Trent Water • Sectors: 8
Outcode Regional Hubs,https://waterhardness.uk/water-hardness/ng20,/water-hardness/ng20,NG20,Water Hardness in Outcode NG20,160,Supplier: Severn Trent Water • Sectors: 3
Outcode Regional Hubs,https://waterhardness.uk/water-hardness/ng21,/water-hardness/ng21,NG21,Water Hardness in Outcode NG21,160,Supplier: Severn Trent Water • Sectors: 2
Outcode Regional Hubs,https://waterhardness.uk/water-hardness/ng22,/water-hardness/ng22,NG22,Water Hardness in Outcode NG22,310,Supplier: Anglian Water • Sectors: 1
Outcode Regional Hubs,https://waterhardness.uk/water-hardness/ng22,/water-hardness/ng22,NG22,Water Hardness in Outcode NG22,160,Supplier: Severn Trent Water • Sectors: 2
Outcode Regional Hubs,https://waterhardness.uk/water-hardness/ng23,/water-hardness/ng23,NG23,Water Hardness in Outcode NG23,310,Supplier: Anglian Water • Sectors: 1
Outcode Regional Hubs,https://waterhardness.uk/water-hardness/ng23,/water-hardness/ng23,NG23,Water Hardness in Outcode NG23,160,Supplier: Severn Trent Water • Sectors: 2
Outcode Regional Hubs,https://waterhardness.uk/water-hardness/ng24,/water-hardness/ng24,NG24,Water Hardness in Outcode NG24,160,Supplier: Severn Trent Water • Sectors: 7
Outcode Regional Hubs,https://waterhardness.uk/water-hardness/ng25,/water-hardness/ng25,NG25,Water Hardness in Outcode NG25,160,Supplier: Severn Trent Water • Sectors: 1
Outcode Regional Hubs,https://waterhardness.uk/water-hardness/ng3,/water-hardness/ng3,NG3,Water Hardness in Outcode NG3,160,Supplier: Severn Trent Water • Sectors: 7
Outcode Regional Hubs,https://waterhardness.uk/water-hardness/ng31,/water-hardness/ng31,NG31,Water Hardness in Outcode NG31,310,Supplier: Anglian Water • Sectors: 5
Outcode Regional Hubs,https://waterhardness.uk/water-hardness/ng32,/water-hardness/ng32,NG32,Water Hardness in Outcode NG32,310,Supplier: Anglian Water • Sectors: 3
Outcode Regional Hubs,https://waterhardness.uk/water-hardness/ng33,/water-hardness/ng33,NG33,Water Hardness in Outcode NG33,310,Supplier: Anglian Water • Sectors: 2
Outcode Regional Hubs,https://waterhardness.uk/water-hardness/ng34,/water-hardness/ng34,NG34,Water Hardness in Outcode NG34,310,Supplier: Anglian Water • Sectors: 6
Outcode Regional Hubs,https://waterhardness.uk/water-hardness/ng4,/water-hardness/ng4,NG4,Water Hardness in Outcode NG4,160,Supplier: Severn Trent Water • Sectors: 5
Outcode Regional Hubs,https://waterhardness.uk/water-hardness/ng5,/water-hardness/ng5,NG5,Water Hardness in Outcode NG5,160,Supplier: Severn Trent Water • Sectors: 10
Outcode Regional Hubs,https://waterhardness.uk/water-hardness/ng6,/water-hardness/ng6,NG6,Water Hardness in Outcode NG6,160,Supplier: Severn Trent Water • Sectors: 5
Outcode Regional Hubs,https://waterhardness.uk/water-hardness/ng7,/water-hardness/ng7,NG7,Water Hardness in Outcode NG7,160,Supplier: Severn Trent Water • Sectors: 7
Outcode Regional Hubs,https://waterhardness.uk/water-hardness/ng8,/water-hardness/ng8,NG8,Water Hardness in Outcode NG8,160,Supplier: Severn Trent Water • Sectors: 7
Outcode Regional Hubs,https://waterhardness.uk/water-hardness/ng80,/water-hardness/ng80,NG80,Water Hardness in Outcode NG80,160,Supplier: Severn Trent Water • Sectors: 3
Outcode Regional Hubs,https://waterhardness.uk/water-hardness/ng9,/water-hardness/ng9,NG9,Water Hardness in Outcode NG9,160,Supplier: Severn Trent Water • Sectors: 9
Outcode Regional Hubs,https://waterhardness.uk/water-hardness/ng90,/water-hardness/ng90,NG90,Water Hardness in Outcode NG90,160,Supplier: Severn Trent Water • Sectors: 6
Outcode Regional Hubs,https://waterhardness.uk/water-hardness/nn1,/water-hardness/nn1,NN1,Water Hardness in Outcode NN1,310,Supplier: Anglian Water • Sectors: 6
Outcode Regional Hubs,https://waterhardness.uk/water-hardness/nn10,/water-hardness/nn10,NN10,Water Hardness in Outcode NN10,310,Supplier: Anglian Water • Sectors: 5
Outcode Regional Hubs,https://waterhardness.uk/water-hardness/nn11,/water-hardness/nn11,NN11,Water Hardness in Outcode NN11,310,Supplier: Anglian Water • Sectors: 9
Outcode Regional Hubs,https://waterhardness.uk/water-hardness/nn12,/water-hardness/nn12,NN12,Water Hardness in Outcode NN12,310,Supplier: Anglian Water • Sectors: 4
Outcode Regional Hubs,https://waterhardness.uk/water-hardness/nn13,/water-hardness/nn13,NN13,Water Hardness in Outcode NN13,310,Supplier: Anglian Water • Sectors: 4
Outcode Regional Hubs,https://waterhardness.uk/water-hardness/nn14,/water-hardness/nn14,NN14,Water Hardness in Outcode NN14,310,Supplier: Anglian Water • Sectors: 5
Outcode Regional Hubs,https://waterhardness.uk/water-hardness/nn15,/water-hardness/nn15,NN15,Water Hardness in Outcode NN15,310,Supplier: Anglian Water • Sectors: 4
Outcode Regional Hubs,https://waterhardness.uk/water-hardness/nn16,/water-hardness/nn16,NN16,Water Hardness in Outcode NN16,310,Supplier: Anglian Water • Sectors: 4
Outcode Regional Hubs,https://waterhardness.uk/water-hardness/nn17,/water-hardness/nn17,NN17,Water Hardness in Outcode NN17,310,Supplier: Anglian Water • Sectors: 6
Outcode Regional Hubs,https://waterhardness.uk/water-hardness/nn18,/water-hardness/nn18,NN18,Water Hardness in Outcode NN18,310,Supplier: Anglian Water • Sectors: 3
Outcode Regional Hubs,https://waterhardness.uk/water-hardness/nn2,/water-hardness/nn2,NN2,Water Hardness in Outcode NN2,310,Supplier: Anglian Water • Sectors: 4
Outcode Regional Hubs,https://waterhardness.uk/water-hardness/nn29,/water-hardness/nn29,NN29,Water Hardness in Outcode NN29,310,Supplier: Anglian Water • Sectors: 1
Outcode Regional Hubs,https://waterhardness.uk/water-hardness/nn3,/water-hardness/nn3,NN3,Water Hardness in Outcode NN3,310,Supplier: Anglian Water • Sectors: 8
Outcode Regional Hubs,https://waterhardness.uk/water-hardness/nn4,/water-hardness/nn4,NN4,Water Hardness in Outcode NN4,310,Supplier: Anglian Water • Sectors: 8
Outcode Regional Hubs,https://waterhardness.uk/water-hardness/nn5,/water-hardness/nn5,NN5,Water Hardness in Outcode NN5,310,Supplier: Anglian Water • Sectors: 5
Outcode Regional Hubs,https://waterhardness.uk/water-hardness/nn6,/water-hardness/nn6,NN6,Water Hardness in Outcode NN6,310,Supplier: Anglian Water • Sectors: 5
Outcode Regional Hubs,https://waterhardness.uk/water-hardness/nn7,/water-hardness/nn7,NN7,Water Hardness in Outcode NN7,310,Supplier: Anglian Water • Sectors: 5
Outcode Regional Hubs,https://waterhardness.uk/water-hardness/nn8,/water-hardness/nn8,NN8,Water Hardness in Outcode NN8,310,Supplier: Anglian Water • Sectors: 7
Outcode Regional Hubs,https://waterhardness.uk/water-hardness/nn9,/water-hardness/nn9,NN9,Water Hardness in Outcode NN9,310,Supplier: Anglian Water • Sectors: 2
Outcode Regional Hubs,https://waterhardness.uk/water-hardness/np10,/water-hardness/np10,NP10,Water Hardness in Outcode NP10,45,Supplier: Dŵr Cymru Welsh Water • Sectors: 3
Outcode Regional Hubs,https://waterhardness.uk/water-hardness/np11,/water-hardness/np11,NP11,Water Hardness in Outcode NP11,45,Supplier: Dŵr Cymru Welsh Water • Sectors: 6
Outcode Regional Hubs,https://waterhardness.uk/water-hardness/np12,/water-hardness/np12,NP12,Water Hardness in Outcode NP12,45,Supplier: Dŵr Cymru Welsh Water • Sectors: 6
Outcode Regional Hubs,https://waterhardness.uk/water-hardness/np13,/water-hardness/np13,NP13,Water Hardness in Outcode NP13,45,Supplier: Dŵr Cymru Welsh Water • Sectors: 4
Outcode Regional Hubs,https://waterhardness.uk/water-hardness/np15,/water-hardness/np15,NP15,Water Hardness in Outcode NP15,45,Supplier: Dŵr Cymru Welsh Water • Sectors: 3
Outcode Regional Hubs,https://waterhardness.uk/water-hardness/np16,/water-hardness/np16,NP16,Water Hardness in Outcode NP16,45,Supplier: Dŵr Cymru Welsh Water • Sectors: 4
Outcode Regional Hubs,https://waterhardness.uk/water-hardness/np18,/water-hardness/np18,NP18,Water Hardness in Outcode NP18,45,Supplier: Dŵr Cymru Welsh Water • Sectors: 3
Outcode Regional Hubs,https://waterhardness.uk/water-hardness/np19,/water-hardness/np19,NP19,Water Hardness in Outcode NP19,45,Supplier: Dŵr Cymru Welsh Water • Sectors: 6
Outcode Regional Hubs,https://waterhardness.uk/water-hardness/np20,/water-hardness/np20,NP20,Water Hardness in Outcode NP20,45,Supplier: Dŵr Cymru Welsh Water • Sectors: 8
Outcode Regional Hubs,https://waterhardness.uk/water-hardness/np22,/water-hardness/np22,NP22,Water Hardness in Outcode NP22,45,Supplier: Dŵr Cymru Welsh Water • Sectors: 4
Outcode Regional Hubs,https://waterhardness.uk/water-hardness/np23,/water-hardness/np23,NP23,Water Hardness in Outcode NP23,45,Supplier: Dŵr Cymru Welsh Water • Sectors: 6
Outcode Regional Hubs,https://waterhardness.uk/water-hardness/np24,/water-hardness/np24,NP24,Water Hardness in Outcode NP24,45,Supplier: Dŵr Cymru Welsh Water • Sectors: 1
Outcode Regional Hubs,https://waterhardness.uk/water-hardness/np25,/water-hardness/np25,NP25,Water Hardness in Outcode NP25,45,Supplier: Dŵr Cymru Welsh Water • Sectors: 3
Outcode Regional Hubs,https://waterhardness.uk/water-hardness/np25,/water-hardness/np25,NP25,Water Hardness in Outcode NP25,160,Supplier: Severn Trent Water • Sectors: 1
Outcode Regional Hubs,https://waterhardness.uk/water-hardness/np26,/water-hardness/np26,NP26,Water Hardness in Outcode NP26,45,Supplier: Dŵr Cymru Welsh Water • Sectors: 4
Outcode Regional Hubs,https://waterhardness.uk/water-hardness/np4,/water-hardness/np4,NP4,Water Hardness in Outcode NP4,45,Supplier: Dŵr Cymru Welsh Water • Sectors: 7
Outcode Regional Hubs,https://waterhardness.uk/water-hardness/np44,/water-hardness/np44,NP44,Water Hardness in Outcode NP44,45,Supplier: Dŵr Cymru Welsh Water • Sectors: 9
Outcode Regional Hubs,https://waterhardness.uk/water-hardness/np7,/water-hardness/np7,NP7,Water Hardness in Outcode NP7,45,Supplier: Dŵr Cymru Welsh Water • Sectors: 7
Outcode Regional Hubs,https://waterhardness.uk/water-hardness/np8,/water-hardness/np8,NP8,Water Hardness in Outcode NP8,45,Supplier: Dŵr Cymru Welsh Water • Sectors: 1
Outcode Regional Hubs,https://waterhardness.uk/water-hardness/nr1,/water-hardness/nr1,NR1,Water Hardness in Outcode NR1,310,Supplier: Anglian Water • Sectors: 4
Outcode Regional Hubs,https://waterhardness.uk/water-hardness/nr10,/water-hardness/nr10,NR10,Water Hardness in Outcode NR10,310,Supplier: Anglian Water • Sectors: 3
Outcode Regional Hubs,https://waterhardness.uk/water-hardness/nr11,/water-hardness/nr11,NR11,Water Hardness in Outcode NR11,310,Supplier: Anglian Water • Sectors: 3
Outcode Regional Hubs,https://waterhardness.uk/water-hardness/nr12,/water-hardness/nr12,NR12,Water Hardness in Outcode NR12,310,Supplier: Anglian Water • Sectors: 4
Outcode Regional Hubs,https://waterhardness.uk/water-hardness/nr13,/water-hardness/nr13,NR13,Water Hardness in Outcode NR13,310,Supplier: Anglian Water • Sectors: 4
Outcode Regional Hubs,https://waterhardness.uk/water-hardness/nr14,/water-hardness/nr14,NR14,Water Hardness in Outcode NR14,310,Supplier: Anglian Water • Sectors: 3
Outcode Regional Hubs,https://waterhardness.uk/water-hardness/nr15,/water-hardness/nr15,NR15,Water Hardness in Outcode NR15,310,Supplier: Anglian Water • Sectors: 2
Outcode Regional Hubs,https://waterhardness.uk/water-hardness/nr16,/water-hardness/nr16,NR16,Water Hardness in Outcode NR16,310,Supplier: Anglian Water • Sectors: 2
Outcode Regional Hubs,https://waterhardness.uk/water-hardness/nr17,/water-hardness/nr17,NR17,Water Hardness in Outcode NR17,310,Supplier: Anglian Water • Sectors: 2
Outcode Regional Hubs,https://waterhardness.uk/water-hardness/nr18,/water-hardness/nr18,NR18,Water Hardness in Outcode NR18,310,Supplier: Anglian Water • Sectors: 3
Outcode Regional Hubs,https://waterhardness.uk/water-hardness/nr19,/water-hardness/nr19,NR19,Water Hardness in Outcode NR19,310,Supplier: Anglian Water • Sectors: 3
Outcode Regional Hubs,https://waterhardness.uk/water-hardness/nr2,/water-hardness/nr2,NR2,Water Hardness in Outcode NR2,310,Supplier: Anglian Water • Sectors: 4
Outcode Regional Hubs,https://waterhardness.uk/water-hardness/nr20,/water-hardness/nr20,NR20,Water Hardness in Outcode NR20,310,Supplier: Anglian Water • Sectors: 3
Outcode Regional Hubs,https://waterhardness.uk/water-hardness/nr21,/water-hardness/nr21,NR21,Water Hardness in Outcode NR21,310,Supplier: Anglian Water • Sectors: 5
Outcode Regional Hubs,https://waterhardness.uk/water-hardness/nr22,/water-hardness/nr22,NR22,Water Hardness in Outcode NR22,310,Supplier: Anglian Water • Sectors: 1
Outcode Regional Hubs,https://waterhardness.uk/water-hardness/nr23,/water-hardness/nr23,NR23,Water Hardness in Outcode NR23,310,Supplier: Anglian Water • Sectors: 1
Outcode Regional Hubs,https://waterhardness.uk/water-hardness/nr24,/water-hardness/nr24,NR24,Water Hardness in Outcode NR24,310,Supplier: Anglian Water • Sectors: 1
Outcode Regional Hubs,https://waterhardness.uk/water-hardness/nr25,/water-hardness/nr25,NR25,Water Hardness in Outcode NR25,310,Supplier: Anglian Water • Sectors: 3
Outcode Regional Hubs,https://waterhardness.uk/water-hardness/nr26,/water-hardness/nr26,NR26,Water Hardness in Outcode NR26,310,Supplier: Anglian Water • Sectors: 2
Outcode Regional Hubs,https://waterhardness.uk/water-hardness/nr27,/water-hardness/nr27,NR27,Water Hardness in Outcode NR27,310,Supplier: Anglian Water • Sectors: 3
Outcode Regional Hubs,https://waterhardness.uk/water-hardness/nr28,/water-hardness/nr28,NR28,Water Hardness in Outcode NR28,310,Supplier: Anglian Water • Sectors: 3
Outcode Regional Hubs,https://waterhardness.uk/water-hardness/nr29,/water-hardness/nr29,NR29,Water Hardness in Outcode NR29,310,Supplier: Anglian Water • Sectors: 1
Outcode Regional Hubs,https://waterhardness.uk/water-hardness/nr29,/water-hardness/nr29,NR29,Water Hardness in Outcode NR29,320,Supplier: Essex and Suffolk Water • Sectors: 2
Outcode Regional Hubs,https://waterhardness.uk/water-hardness/nr3,/water-hardness/nr3,NR3,Water Hardness in Outcode NR3,310,Supplier: Anglian Water • Sectors: 4
Outcode Regional Hubs,https://waterhardness.uk/water-hardness/nr30,/water-hardness/nr30,NR30,Water Hardness in Outcode NR30,320,Supplier: Essex and Suffolk Water • Sectors: 6
Outcode Regional Hubs,https://waterhardness.uk/water-hardness/nr31,/water-hardness/nr31,NR31,Water Hardness in Outcode NR31,320,Supplier: Essex and Suffolk Water • Sectors: 5
Outcode Regional Hubs,https://waterhardness.uk/water-hardness/nr32,/water-hardness/nr32,NR32,Water Hardness in Outcode NR32,320,Supplier: Essex and Suffolk Water • Sectors: 6
Outcode Regional Hubs,https://waterhardness.uk/water-hardness/nr33,/water-hardness/nr33,NR33,Water Hardness in Outcode NR33,320,Supplier: Essex and Suffolk Water • Sectors: 4
Outcode Regional Hubs,https://waterhardness.uk/water-hardness/nr34,/water-hardness/nr34,NR34,Water Hardness in Outcode NR34,310,Supplier: Anglian Water • Sectors: 1
Outcode Regional Hubs,https://waterhardness.uk/water-hardness/nr34,/water-hardness/nr34,NR34,Water Hardness in Outcode NR34,320,Supplier: Essex and Suffolk Water • Sectors: 4
Outcode Regional Hubs,https://waterhardness.uk/water-hardness/nr35,/water-hardness/nr35,NR35,Water Hardness in Outcode NR35,310,Supplier: Anglian Water • Sectors: 1
Outcode Regional Hubs,https://waterhardness.uk/water-hardness/nr35,/water-hardness/nr35,NR35,Water Hardness in Outcode NR35,320,Supplier: Essex and Suffolk Water • Sectors: 2
Outcode Regional Hubs,https://waterhardness.uk/water-hardness/nr4,/water-hardness/nr4,NR4,Water Hardness in Outcode NR4,310,Supplier: Anglian Water • Sectors: 2
Outcode Regional Hubs,https://waterhardness.uk/water-hardness/nr5,/water-hardness/nr5,NR5,Water Hardness in Outcode NR5,310,Supplier: Anglian Water • Sectors: 4
Outcode Regional Hubs,https://waterhardness.uk/water-hardness/nr6,/water-hardness/nr6,NR6,Water Hardness in Outcode NR6,310,Supplier: Anglian Water • Sectors: 3
Outcode Regional Hubs,https://waterhardness.uk/water-hardness/nr7,/water-hardness/nr7,NR7,Water Hardness in Outcode NR7,310,Supplier: Anglian Water • Sectors: 4
Outcode Regional Hubs,https://waterhardness.uk/water-hardness/nr8,/water-hardness/nr8,NR8,Water Hardness in Outcode NR8,310,Supplier: Anglian Water • Sectors: 3
Outcode Regional Hubs,https://waterhardness.uk/water-hardness/nr9,/water-hardness/nr9,NR9,Water Hardness in Outcode NR9,310,Supplier: Anglian Water • Sectors: 3
Outcode Regional Hubs,https://waterhardness.uk/water-hardness/nr99,/water-hardness/nr99,NR99,Water Hardness in Outcode NR99,310,Supplier: Anglian Water • Sectors: 1
Outcode Regional Hubs,https://waterhardness.uk/water-hardness/nw1,/water-hardness/nw1,NW1,Water Hardness in Outcode NW1,275,Supplier: Thames Water • Sectors: 10
Outcode Regional Hubs,https://waterhardness.uk/water-hardness/nw10,/water-hardness/nw10,NW10,Water Hardness in Outcode NW10,275,Supplier: Thames Water • Sectors: 10
Outcode Regional Hubs,https://waterhardness.uk/water-hardness/nw11,/water-hardness/nw11,NW11,Water Hardness in Outcode NW11,290,Supplier: Affinity Water • Sectors: 1
Outcode Regional Hubs,https://waterhardness.uk/water-hardness/nw11,/water-hardness/nw11,NW11,Water Hardness in Outcode NW11,275,Supplier: Thames Water • Sectors: 5
Outcode Regional Hubs,https://waterhardness.uk/water-hardness/nw1w,/water-hardness/nw1w,NW1W,Water Hardness in Outcode NW1W,130,Supplier: Northumbrian Water • Sectors: 1
Outcode Regional Hubs,https://waterhardness.uk/water-hardness/nw1w,/water-hardness/nw1w,NW1W,Water Hardness in Outcode NW1W,275,Supplier: Thames Water • Sectors: 3
Outcode Regional Hubs,https://waterhardness.uk/water-hardness/nw2,/water-hardness/nw2,NW2,Water Hardness in Outcode NW2,275,Supplier: Thames Water • Sectors: 9
Outcode Regional Hubs,https://waterhardness.uk/water-hardness/nw26,/water-hardness/nw26,NW26,Water Hardness in Outcode NW26,275,Supplier: Thames Water • Sectors: 1
Outcode Regional Hubs,https://waterhardness.uk/water-hardness/nw3,/water-hardness/nw3,NW3,Water Hardness in Outcode NW3,275,Supplier: Thames Water • Sectors: 8
Outcode Regional Hubs,https://waterhardness.uk/water-hardness/nw4,/water-hardness/nw4,NW4,Water Hardness in Outcode NW4,275,Supplier: Thames Water • Sectors: 5
Outcode Regional Hubs,https://waterhardness.uk/water-hardness/nw5,/water-hardness/nw5,NW5,Water Hardness in Outcode NW5,275,Supplier: Thames Water • Sectors: 5
Outcode Regional Hubs,https://waterhardness.uk/water-hardness/nw6,/water-hardness/nw6,NW6,Water Hardness in Outcode NW6,275,Supplier: Thames Water • Sectors: 8
Outcode Regional Hubs,https://waterhardness.uk/water-hardness/nw7,/water-hardness/nw7,NW7,Water Hardness in Outcode NW7,290,Supplier: Affinity Water • Sectors: 5
Outcode Regional Hubs,https://waterhardness.uk/water-hardness/nw8,/water-hardness/nw8,NW8,Water Hardness in Outcode NW8,275,Supplier: Thames Water • Sectors: 6
Outcode Regional Hubs,https://waterhardness.uk/water-hardness/nw9,/water-hardness/nw9,NW9,Water Hardness in Outcode NW9,290,Supplier: Affinity Water • Sectors: 8
Outcode Regional Hubs,https://waterhardness.uk/water-hardness/ol1,/water-hardness/ol1,OL1,Water Hardness in Outcode OL1,45,Supplier: United Utilities • Sectors: 5
Outcode Regional Hubs,https://waterhardness.uk/water-hardness/ol10,/water-hardness/ol10,OL10,Water Hardness in Outcode OL10,45,Supplier: United Utilities • Sectors: 5
Outcode Regional Hubs,https://waterhardness.uk/water-hardness/ol11,/water-hardness/ol11,OL11,Water Hardness in Outcode OL11,45,Supplier: United Utilities • Sectors: 5
Outcode Regional Hubs,https://waterhardness.uk/water-hardness/ol12,/water-hardness/ol12,OL12,Water Hardness in Outcode OL12,45,Supplier: United Utilities • Sectors: 5
Outcode Regional Hubs,https://waterhardness.uk/water-hardness/ol13,/water-hardness/ol13,OL13,Water Hardness in Outcode OL13,45,Supplier: United Utilities • Sectors: 4
Outcode Regional Hubs,https://waterhardness.uk/water-hardness/ol14,/water-hardness/ol14,OL14,Water Hardness in Outcode OL14,110,Supplier: Yorkshire Water • Sectors: 5
Outcode Regional Hubs,https://waterhardness.uk/water-hardness/ol15,/water-hardness/ol15,OL15,Water Hardness in Outcode OL15,45,Supplier: United Utilities • Sectors: 3
Outcode Regional Hubs,https://waterhardness.uk/water-hardness/ol16,/water-hardness/ol16,OL16,Water Hardness in Outcode OL16,45,Supplier: United Utilities • Sectors: 6
Outcode Regional Hubs,https://waterhardness.uk/water-hardness/ol2,/water-hardness/ol2,OL2,Water Hardness in Outcode OL2,45,Supplier: United Utilities • Sectors: 4
Outcode Regional Hubs,https://waterhardness.uk/water-hardness/ol3,/water-hardness/ol3,OL3,Water Hardness in Outcode OL3,45,Supplier: United Utilities • Sectors: 3
Outcode Regional Hubs,https://waterhardness.uk/water-hardness/ol4,/water-hardness/ol4,OL4,Water Hardness in Outcode OL4,45,Supplier: United Utilities • Sectors: 5
Outcode Regional Hubs,https://waterhardness.uk/water-hardness/ol5,/water-hardness/ol5,OL5,Water Hardness in Outcode OL5,45,Supplier: United Utilities • Sectors: 2
Outcode Regional Hubs,https://waterhardness.uk/water-hardness/ol6,/water-hardness/ol6,OL6,Water Hardness in Outcode OL6,45,Supplier: United Utilities • Sectors: 5
Outcode Regional Hubs,https://waterhardness.uk/water-hardness/ol7,/water-hardness/ol7,OL7,Water Hardness in Outcode OL7,45,Supplier: United Utilities • Sectors: 2
Outcode Regional Hubs,https://waterhardness.uk/water-hardness/ol8,/water-hardness/ol8,OL8,Water Hardness in Outcode OL8,45,Supplier: United Utilities • Sectors: 4
Outcode Regional Hubs,https://waterhardness.uk/water-hardness/ol9,/water-hardness/ol9,OL9,Water Hardness in Outcode OL9,45,Supplier: United Utilities • Sectors: 5
Outcode Regional Hubs,https://waterhardness.uk/water-hardness/ox1,/water-hardness/ox1,OX1,Water Hardness in Outcode OX1,275,Supplier: Thames Water • Sectors: 6
Outcode Regional Hubs,https://waterhardness.uk/water-hardness/ox10,/water-hardness/ox10,OX10,Water Hardness in Outcode OX10,275,Supplier: Thames Water • Sectors: 6
Outcode Regional Hubs,https://waterhardness.uk/water-hardness/ox11,/water-hardness/ox11,OX11,Water Hardness in Outcode OX11,275,Supplier: Thames Water • Sectors: 6
Outcode Regional Hubs,https://waterhardness.uk/water-hardness/ox12,/water-hardness/ox12,OX12,Water Hardness in Outcode OX12,275,Supplier: Thames Water • Sectors: 5
Outcode Regional Hubs,https://waterhardness.uk/water-hardness/ox13,/water-hardness/ox13,OX13,Water Hardness in Outcode OX13,275,Supplier: Thames Water • Sectors: 2
Outcode Regional Hubs,https://waterhardness.uk/water-hardness/ox14,/water-hardness/ox14,OX14,Water Hardness in Outcode OX14,275,Supplier: Thames Water • Sectors: 6
Outcode Regional Hubs,https://waterhardness.uk/water-hardness/ox15,/water-hardness/ox15,OX15,Water Hardness in Outcode OX15,275,Supplier: Thames Water • Sectors: 4
Outcode Regional Hubs,https://waterhardness.uk/water-hardness/ox16,/water-hardness/ox16,OX16,Water Hardness in Outcode OX16,275,Supplier: Thames Water • Sectors: 8
Outcode Regional Hubs,https://waterhardness.uk/water-hardness/ox17,/water-hardness/ox17,OX17,Water Hardness in Outcode OX17,275,Supplier: Thames Water • Sectors: 2
Outcode Regional Hubs,https://waterhardness.uk/water-hardness/ox17,/water-hardness/ox17,OX17,Water Hardness in Outcode OX17,310,Supplier: Anglian Water • Sectors: 1
Outcode Regional Hubs,https://waterhardness.uk/water-hardness/ox18,/water-hardness/ox18,OX18,Water Hardness in Outcode OX18,275,Supplier: Thames Water • Sectors: 5
Outcode Regional Hubs,https://waterhardness.uk/water-hardness/ox2,/water-hardness/ox2,OX2,Water Hardness in Outcode OX2,275,Supplier: Thames Water • Sectors: 5
Outcode Regional Hubs,https://waterhardness.uk/water-hardness/ox20,/water-hardness/ox20,OX20,Water Hardness in Outcode OX20,275,Supplier: Thames Water • Sectors: 1
Outcode Regional Hubs,https://waterhardness.uk/water-hardness/ox25,/water-hardness/ox25,OX25,Water Hardness in Outcode OX25,275,Supplier: Thames Water • Sectors: 6
Outcode Regional Hubs,https://waterhardness.uk/water-hardness/ox26,/water-hardness/ox26,OX26,Water Hardness in Outcode OX26,275,Supplier: Thames Water • Sectors: 7
Outcode Regional Hubs,https://waterhardness.uk/water-hardness/ox27,/water-hardness/ox27,OX27,Water Hardness in Outcode OX27,275,Supplier: Thames Water • Sectors: 4
Outcode Regional Hubs,https://waterhardness.uk/water-hardness/ox28,/water-hardness/ox28,OX28,Water Hardness in Outcode OX28,275,Supplier: Thames Water • Sectors: 7
Outcode Regional Hubs,https://waterhardness.uk/water-hardness/ox29,/water-hardness/ox29,OX29,Water Hardness in Outcode OX29,275,Supplier: Thames Water • Sectors: 7
Outcode Regional Hubs,https://waterhardness.uk/water-hardness/ox3,/water-hardness/ox3,OX3,Water Hardness in Outcode OX3,275,Supplier: Thames Water • Sectors: 5
Outcode Regional Hubs,https://waterhardness.uk/water-hardness/ox33,/water-hardness/ox33,OX33,Water Hardness in Outcode OX33,275,Supplier: Thames Water • Sectors: 1
Outcode Regional Hubs,https://waterhardness.uk/water-hardness/ox39,/water-hardness/ox39,OX39,Water Hardness in Outcode OX39,275,Supplier: Thames Water • Sectors: 1
Outcode Regional Hubs,https://waterhardness.uk/water-hardness/ox4,/water-hardness/ox4,OX4,Water Hardness in Outcode OX4,275,Supplier: Thames Water • Sectors: 7
Outcode Regional Hubs,https://waterhardness.uk/water-hardness/ox44,/water-hardness/ox44,OX44,Water Hardness in Outcode OX44,275,Supplier: Thames Water • Sectors: 2
Outcode Regional Hubs,https://waterhardness.uk/water-hardness/ox49,/water-hardness/ox49,OX49,Water Hardness in Outcode OX49,275,Supplier: Thames Water • Sectors: 1
Outcode Regional Hubs,https://waterhardness.uk/water-hardness/ox5,/water-hardness/ox5,OX5,Water Hardness in Outcode OX5,275,Supplier: Thames Water • Sectors: 4
Outcode Regional Hubs,https://waterhardness.uk/water-hardness/ox7,/water-hardness/ox7,OX7,Water Hardness in Outcode OX7,275,Supplier: Thames Water • Sectors: 6
Outcode Regional Hubs,https://waterhardness.uk/water-hardness/ox9,/water-hardness/ox9,OX9,Water Hardness in Outcode OX9,275,Supplier: Thames Water • Sectors: 4
Outcode Regional Hubs,https://waterhardness.uk/water-hardness/pa1,/water-hardness/pa1,PA1,Water Hardness in Outcode PA1,25,Supplier: Scottish Water • Sectors: 3
Outcode Regional Hubs,https://waterhardness.uk/water-hardness/pa10,/water-hardness/pa10,PA10,Water Hardness in Outcode PA10,25,Supplier: Scottish Water • Sectors: 1
Outcode Regional Hubs,https://waterhardness.uk/water-hardness/pa11,/water-hardness/pa11,PA11,Water Hardness in Outcode PA11,25,Supplier: Scottish Water • Sectors: 1
Outcode Regional Hubs,https://waterhardness.uk/water-hardness/pa12,/water-hardness/pa12,PA12,Water Hardness in Outcode PA12,25,Supplier: Scottish Water • Sectors: 1
Outcode Regional Hubs,https://waterhardness.uk/water-hardness/pa13,/water-hardness/pa13,PA13,Water Hardness in Outcode PA13,25,Supplier: Scottish Water • Sectors: 2
Outcode Regional Hubs,https://waterhardness.uk/water-hardness/pa14,/water-hardness/pa14,PA14,Water Hardness in Outcode PA14,25,Supplier: Scottish Water • Sectors: 2
Outcode Regional Hubs,https://waterhardness.uk/water-hardness/pa15,/water-hardness/pa15,PA15,Water Hardness in Outcode PA15,25,Supplier: Scottish Water • Sectors: 5
Outcode Regional Hubs,https://waterhardness.uk/water-hardness/pa16,/water-hardness/pa16,PA16,Water Hardness in Outcode PA16,25,Supplier: Scottish Water • Sectors: 4
Outcode Regional Hubs,https://waterhardness.uk/water-hardness/pa17,/water-hardness/pa17,PA17,Water Hardness in Outcode PA17,25,Supplier: Scottish Water • Sectors: 1
Outcode Regional Hubs,https://waterhardness.uk/water-hardness/pa18,/water-hardness/pa18,PA18,Water Hardness in Outcode PA18,25,Supplier: Scottish Water • Sectors: 1
Outcode Regional Hubs,https://waterhardness.uk/water-hardness/pa19,/water-hardness/pa19,PA19,Water Hardness in Outcode PA19,25,Supplier: Scottish Water • Sectors: 1
Outcode Regional Hubs,https://waterhardness.uk/water-hardness/pa2,/water-hardness/pa2,PA2,Water Hardness in Outcode PA2,25,Supplier: Scottish Water • Sectors: 5
Outcode Regional Hubs,https://waterhardness.uk/water-hardness/pa20,/water-hardness/pa20,PA20,Water Hardness in Outcode PA20,25,Supplier: Scottish Water • Sectors: 3
Outcode Regional Hubs,https://waterhardness.uk/water-hardness/pa21,/water-hardness/pa21,PA21,Water Hardness in Outcode PA21,25,Supplier: Scottish Water • Sectors: 1
Outcode Regional Hubs,https://waterhardness.uk/water-hardness/pa22,/water-hardness/pa22,PA22,Water Hardness in Outcode PA22,25,Supplier: Scottish Water • Sectors: 1
Outcode Regional Hubs,https://waterhardness.uk/water-hardness/pa23,/water-hardness/pa23,PA23,Water Hardness in Outcode PA23,25,Supplier: Scottish Water • Sectors: 3
Outcode Regional Hubs,https://waterhardness.uk/water-hardness/pa24,/water-hardness/pa24,PA24,Water Hardness in Outcode PA24,25,Supplier: Scottish Water • Sectors: 1
Outcode Regional Hubs,https://waterhardness.uk/water-hardness/pa25,/water-hardness/pa25,PA25,Water Hardness in Outcode PA25,25,Supplier: Scottish Water • Sectors: 1
Outcode Regional Hubs,https://waterhardness.uk/water-hardness/pa26,/water-hardness/pa26,PA26,Water Hardness in Outcode PA26,25,Supplier: Scottish Water • Sectors: 1
Outcode Regional Hubs,https://waterhardness.uk/water-hardness/pa27,/water-hardness/pa27,PA27,Water Hardness in Outcode PA27,25,Supplier: Scottish Water • Sectors: 1
Outcode Regional Hubs,https://waterhardness.uk/water-hardness/pa28,/water-hardness/pa28,PA28,Water Hardness in Outcode PA28,25,Supplier: Scottish Water • Sectors: 2
Outcode Regional Hubs,https://waterhardness.uk/water-hardness/pa29,/water-hardness/pa29,PA29,Water Hardness in Outcode PA29,25,Supplier: Scottish Water • Sectors: 1
Outcode Regional Hubs,https://waterhardness.uk/water-hardness/pa3,/water-hardness/pa3,PA3,Water Hardness in Outcode PA3,25,Supplier: Scottish Water • Sectors: 5
Outcode Regional Hubs,https://waterhardness.uk/water-hardness/pa30,/water-hardness/pa30,PA30,Water Hardness in Outcode PA30,25,Supplier: Scottish Water • Sectors: 1
Outcode Regional Hubs,https://waterhardness.uk/water-hardness/pa31,/water-hardness/pa31,PA31,Water Hardness in Outcode PA31,25,Supplier: Scottish Water • Sectors: 2
Outcode Regional Hubs,https://waterhardness.uk/water-hardness/pa32,/water-hardness/pa32,PA32,Water Hardness in Outcode PA32,25,Supplier: Scottish Water • Sectors: 1
Outcode Regional Hubs,https://waterhardness.uk/water-hardness/pa33,/water-hardness/pa33,PA33,Water Hardness in Outcode PA33,25,Supplier: Scottish Water • Sectors: 1
Outcode Regional Hubs,https://waterhardness.uk/water-hardness/pa34,/water-hardness/pa34,PA34,Water Hardness in Outcode PA34,25,Supplier: Scottish Water • Sectors: 3
Outcode Regional Hubs,https://waterhardness.uk/water-hardness/pa35,/water-hardness/pa35,PA35,Water Hardness in Outcode PA35,25,Supplier: Scottish Water • Sectors: 1
Outcode Regional Hubs,https://waterhardness.uk/water-hardness/pa36,/water-hardness/pa36,PA36,Water Hardness in Outcode PA36,25,Supplier: Scottish Water • Sectors: 1
Outcode Regional Hubs,https://waterhardness.uk/water-hardness/pa37,/water-hardness/pa37,PA37,Water Hardness in Outcode PA37,25,Supplier: Scottish Water • Sectors: 1
Outcode Regional Hubs,https://waterhardness.uk/water-hardness/pa38,/water-hardness/pa38,PA38,Water Hardness in Outcode PA38,25,Supplier: Scottish Water • Sectors: 1
Outcode Regional Hubs,https://waterhardness.uk/water-hardness/pa4,/water-hardness/pa4,PA4,Water Hardness in Outcode PA4,25,Supplier: Scottish Water • Sectors: 3
Outcode Regional Hubs,https://waterhardness.uk/water-hardness/pa41,/water-hardness/pa41,PA41,Water Hardness in Outcode PA41,25,Supplier: Scottish Water • Sectors: 1
Outcode Regional Hubs,https://waterhardness.uk/water-hardness/pa42,/water-hardness/pa42,PA42,Water Hardness in Outcode PA42,25,Supplier: Scottish Water • Sectors: 2
Outcode Regional Hubs,https://waterhardness.uk/water-hardness/pa43,/water-hardness/pa43,PA43,Water Hardness in Outcode PA43,25,Supplier: Scottish Water • Sectors: 1
Outcode Regional Hubs,https://waterhardness.uk/water-hardness/pa44,/water-hardness/pa44,PA44,Water Hardness in Outcode PA44,25,Supplier: Scottish Water • Sectors: 1
Outcode Regional Hubs,https://waterhardness.uk/water-hardness/pa45,/water-hardness/pa45,PA45,Water Hardness in Outcode PA45,25,Supplier: Scottish Water • Sectors: 1
Outcode Regional Hubs,https://waterhardness.uk/water-hardness/pa46,/water-hardness/pa46,PA46,Water Hardness in Outcode PA46,25,Supplier: Scottish Water • Sectors: 1
Outcode Regional Hubs,https://waterhardness.uk/water-hardness/pa47,/water-hardness/pa47,PA47,Water Hardness in Outcode PA47,25,Supplier: Scottish Water • Sectors: 1
Outcode Regional Hubs,https://waterhardness.uk/water-hardness/pa48,/water-hardness/pa48,PA48,Water Hardness in Outcode PA48,25,Supplier: Scottish Water • Sectors: 1
Outcode Regional Hubs,https://waterhardness.uk/water-hardness/pa49,/water-hardness/pa49,PA49,Water Hardness in Outcode PA49,25,Supplier: Scottish Water • Sectors: 1
Outcode Regional Hubs,https://waterhardness.uk/water-hardness/pa5,/water-hardness/pa5,PA5,Water Hardness in Outcode PA5,25,Supplier: Scottish Water • Sectors: 4
Outcode Regional Hubs,https://waterhardness.uk/water-hardness/pa6,/water-hardness/pa6,PA6,Water Hardness in Outcode PA6,25,Supplier: Scottish Water • Sectors: 1
Outcode Regional Hubs,https://waterhardness.uk/water-hardness/pa60,/water-hardness/pa60,PA60,Water Hardness in Outcode PA60,25,Supplier: Scottish Water • Sectors: 1
Outcode Regional Hubs,https://waterhardness.uk/water-hardness/pa61,/water-hardness/pa61,PA61,Water Hardness in Outcode PA61,25,Supplier: Scottish Water • Sectors: 1
Outcode Regional Hubs,https://waterhardness.uk/water-hardness/pa62,/water-hardness/pa62,PA62,Water Hardness in Outcode PA62,25,Supplier: Scottish Water • Sectors: 1
Outcode Regional Hubs,https://waterhardness.uk/water-hardness/pa63,/water-hardness/pa63,PA63,Water Hardness in Outcode PA63,25,Supplier: Scottish Water • Sectors: 1
Outcode Regional Hubs,https://waterhardness.uk/water-hardness/pa64,/water-hardness/pa64,PA64,Water Hardness in Outcode PA64,25,Supplier: Scottish Water • Sectors: 1
Outcode Regional Hubs,https://waterhardness.uk/water-hardness/pa65,/water-hardness/pa65,PA65,Water Hardness in Outcode PA65,25,Supplier: Scottish Water • Sectors: 1
Outcode Regional Hubs,https://waterhardness.uk/water-hardness/pa66,/water-hardness/pa66,PA66,Water Hardness in Outcode PA66,25,Supplier: Scottish Water • Sectors: 1
Outcode Regional Hubs,https://waterhardness.uk/water-hardness/pa67,/water-hardness/pa67,PA67,Water Hardness in Outcode PA67,25,Supplier: Scottish Water • Sectors: 1
Outcode Regional Hubs,https://waterhardness.uk/water-hardness/pa68,/water-hardness/pa68,PA68,Water Hardness in Outcode PA68,25,Supplier: Scottish Water • Sectors: 1
Outcode Regional Hubs,https://waterhardness.uk/water-hardness/pa69,/water-hardness/pa69,PA69,Water Hardness in Outcode PA69,25,Supplier: Scottish Water • Sectors: 1
Outcode Regional Hubs,https://waterhardness.uk/water-hardness/pa7,/water-hardness/pa7,PA7,Water Hardness in Outcode PA7,25,Supplier: Scottish Water • Sectors: 2
Outcode Regional Hubs,https://waterhardness.uk/water-hardness/pa70,/water-hardness/pa70,PA70,Water Hardness in Outcode PA70,25,Supplier: Scottish Water • Sectors: 1
Outcode Regional Hubs,https://waterhardness.uk/water-hardness/pa71,/water-hardness/pa71,PA71,Water Hardness in Outcode PA71,25,Supplier: Scottish Water • Sectors: 1
Outcode Regional Hubs,https://waterhardness.uk/water-hardness/pa72,/water-hardness/pa72,PA72,Water Hardness in Outcode PA72,25,Supplier: Scottish Water • Sectors: 1
Outcode Regional Hubs,https://waterhardness.uk/water-hardness/pa73,/water-hardness/pa73,PA73,Water Hardness in Outcode PA73,25,Supplier: Scottish Water • Sectors: 1
Outcode Regional Hubs,https://waterhardness.uk/water-hardness/pa74,/water-hardness/pa74,PA74,Water Hardness in Outcode PA74,25,Supplier: Scottish Water • Sectors: 1
Outcode Regional Hubs,https://waterhardness.uk/water-hardness/pa75,/water-hardness/pa75,PA75,Water Hardness in Outcode PA75,25,Supplier: Scottish Water • Sectors: 1
Outcode Regional Hubs,https://waterhardness.uk/water-hardness/pa76,/water-hardness/pa76,PA76,Water Hardness in Outcode PA76,25,Supplier: Scottish Water • Sectors: 1
Outcode Regional Hubs,https://waterhardness.uk/water-hardness/pa77,/water-hardness/pa77,PA77,Water Hardness in Outcode PA77,25,Supplier: Scottish Water • Sectors: 1
Outcode Regional Hubs,https://waterhardness.uk/water-hardness/pa78,/water-hardness/pa78,PA78,Water Hardness in Outcode PA78,25,Supplier: Scottish Water • Sectors: 1
Outcode Regional Hubs,https://waterhardness.uk/water-hardness/pa8,/water-hardness/pa8,PA8,Water Hardness in Outcode PA8,25,Supplier: Scottish Water • Sectors: 3
Outcode Regional Hubs,https://waterhardness.uk/water-hardness/pa80,/water-hardness/pa80,PA80,Water Hardness in Outcode PA80,25,Supplier: Scottish Water • Sectors: 1
Outcode Regional Hubs,https://waterhardness.uk/water-hardness/pa9,/water-hardness/pa9,PA9,Water Hardness in Outcode PA9,25,Supplier: Scottish Water • Sectors: 1
Outcode Regional Hubs,https://waterhardness.uk/water-hardness/pe1,/water-hardness/pe1,PE1,Water Hardness in Outcode PE1,310,Supplier: Anglian Water • Sectors: 6
Outcode Regional Hubs,https://waterhardness.uk/water-hardness/pe10,/water-hardness/pe10,PE10,Water Hardness in Outcode PE10,310,Supplier: Anglian Water • Sectors: 4
Outcode Regional Hubs,https://waterhardness.uk/water-hardness/pe11,/water-hardness/pe11,PE11,Water Hardness in Outcode PE11,310,Supplier: Anglian Water • Sectors: 8
Outcode Regional Hubs,https://waterhardness.uk/water-hardness/pe12,/water-hardness/pe12,PE12,Water Hardness in Outcode PE12,310,Supplier: Anglian Water • Sectors: 6
Outcode Regional Hubs,https://waterhardness.uk/water-hardness/pe13,/water-hardness/pe13,PE13,Water Hardness in Outcode PE13,310,Supplier: Anglian Water • Sectors: 5
Outcode Regional Hubs,https://waterhardness.uk/water-hardness/pe14,/water-hardness/pe14,PE14,Water Hardness in Outcode PE14,310,Supplier: Anglian Water • Sectors: 5
Outcode Regional Hubs,https://waterhardness.uk/water-hardness/pe15,/water-hardness/pe15,PE15,Water Hardness in Outcode PE15,310,Supplier: Anglian Water • Sectors: 4
Outcode Regional Hubs,https://waterhardness.uk/water-hardness/pe16,/water-hardness/pe16,PE16,Water Hardness in Outcode PE16,310,Supplier: Anglian Water • Sectors: 2
Outcode Regional Hubs,https://waterhardness.uk/water-hardness/pe19,/water-hardness/pe19,PE19,Water Hardness in Outcode PE19,310,Supplier: Anglian Water • Sectors: 8
Outcode Regional Hubs,https://waterhardness.uk/water-hardness/pe2,/water-hardness/pe2,PE2,Water Hardness in Outcode PE2,310,Supplier: Anglian Water • Sectors: 6
Outcode Regional Hubs,https://waterhardness.uk/water-hardness/pe20,/water-hardness/pe20,PE20,Water Hardness in Outcode PE20,310,Supplier: Anglian Water • Sectors: 3
Outcode Regional Hubs,https://waterhardness.uk/water-hardness/pe21,/water-hardness/pe21,PE21,Water Hardness in Outcode PE21,310,Supplier: Anglian Water • Sectors: 6
Outcode Regional Hubs,https://waterhardness.uk/water-hardness/pe22,/water-hardness/pe22,PE22,Water Hardness in Outcode PE22,310,Supplier: Anglian Water • Sectors: 4
Outcode Regional Hubs,https://waterhardness.uk/water-hardness/pe23,/water-hardness/pe23,PE23,Water Hardness in Outcode PE23,310,Supplier: Anglian Water • Sectors: 3
Outcode Regional Hubs,https://waterhardness.uk/water-hardness/pe24,/water-hardness/pe24,PE24,Water Hardness in Outcode PE24,310,Supplier: Anglian Water • Sectors: 2
Outcode Regional Hubs,https://waterhardness.uk/water-hardness/pe25,/water-hardness/pe25,PE25,Water Hardness in Outcode PE25,310,Supplier: Anglian Water • Sectors: 4
Outcode Regional Hubs,https://waterhardness.uk/water-hardness/pe26,/water-hardness/pe26,PE26,Water Hardness in Outcode PE26,315,Supplier: Cambridge Water • Sectors: 2
Outcode Regional Hubs,https://waterhardness.uk/water-hardness/pe27,/water-hardness/pe27,PE27,Water Hardness in Outcode PE27,315,Supplier: Cambridge Water • Sectors: 5
Outcode Regional Hubs,https://waterhardness.uk/water-hardness/pe28,/water-hardness/pe28,PE28,Water Hardness in Outcode PE28,310,Supplier: Anglian Water • Sectors: 4
Outcode Regional Hubs,https://waterhardness.uk/water-hardness/pe28,/water-hardness/pe28,PE28,Water Hardness in Outcode PE28,315,Supplier: Cambridge Water • Sectors: 2
Outcode Regional Hubs,https://waterhardness.uk/water-hardness/pe29,/water-hardness/pe29,PE29,Water Hardness in Outcode PE29,310,Supplier: Anglian Water • Sectors: 6
Outcode Regional Hubs,https://waterhardness.uk/water-hardness/pe3,/water-hardness/pe3,PE3,Water Hardness in Outcode PE3,310,Supplier: Anglian Water • Sectors: 4
Outcode Regional Hubs,https://waterhardness.uk/water-hardness/pe30,/water-hardness/pe30,PE30,Water Hardness in Outcode PE30,310,Supplier: Anglian Water • Sectors: 6
Outcode Regional Hubs,https://waterhardness.uk/water-hardness/pe31,/water-hardness/pe31,PE31,Water Hardness in Outcode PE31,310,Supplier: Anglian Water • Sectors: 3
Outcode Regional Hubs,https://waterhardness.uk/water-hardness/pe32,/water-hardness/pe32,PE32,Water Hardness in Outcode PE32,310,Supplier: Anglian Water • Sectors: 2
Outcode Regional Hubs,https://waterhardness.uk/water-hardness/pe33,/water-hardness/pe33,PE33,Water Hardness in Outcode PE33,310,Supplier: Anglian Water • Sectors: 2
Outcode Regional Hubs,https://waterhardness.uk/water-hardness/pe34,/water-hardness/pe34,PE34,Water Hardness in Outcode PE34,310,Supplier: Anglian Water • Sectors: 2
Outcode Regional Hubs,https://waterhardness.uk/water-hardness/pe35,/water-hardness/pe35,PE35,Water Hardness in Outcode PE35,310,Supplier: Anglian Water • Sectors: 1
Outcode Regional Hubs,https://waterhardness.uk/water-hardness/pe36,/water-hardness/pe36,PE36,Water Hardness in Outcode PE36,310,Supplier: Anglian Water • Sectors: 3
Outcode Regional Hubs,https://waterhardness.uk/water-hardness/pe37,/water-hardness/pe37,PE37,Water Hardness in Outcode PE37,310,Supplier: Anglian Water • Sectors: 2
Outcode Regional Hubs,https://waterhardness.uk/water-hardness/pe38,/water-hardness/pe38,PE38,Water Hardness in Outcode PE38,310,Supplier: Anglian Water • Sectors: 3
Outcode Regional Hubs,https://waterhardness.uk/water-hardness/pe4,/water-hardness/pe4,PE4,Water Hardness in Outcode PE4,310,Supplier: Anglian Water • Sectors: 3
Outcode Regional Hubs,https://waterhardness.uk/water-hardness/pe5,/water-hardness/pe5,PE5,Water Hardness in Outcode PE5,310,Supplier: Anglian Water • Sectors: 1
Outcode Regional Hubs,https://waterhardness.uk/water-hardness/pe6,/water-hardness/pe6,PE6,Water Hardness in Outcode PE6,310,Supplier: Anglian Water • Sectors: 5
Outcode Regional Hubs,https://waterhardness.uk/water-hardness/pe7,/water-hardness/pe7,PE7,Water Hardness in Outcode PE7,310,Supplier: Anglian Water • Sectors: 7
Outcode Regional Hubs,https://waterhardness.uk/water-hardness/pe8,/water-hardness/pe8,PE8,Water Hardness in Outcode PE8,310,Supplier: Anglian Water • Sectors: 4
Outcode Regional Hubs,https://waterhardness.uk/water-hardness/pe9,/water-hardness/pe9,PE9,Water Hardness in Outcode PE9,310,Supplier: Anglian Water • Sectors: 5
Outcode Regional Hubs,https://waterhardness.uk/water-hardness/ph1,/water-hardness/ph1,PH1,Water Hardness in Outcode PH1,25,Supplier: Scottish Water • Sectors: 6
Outcode Regional Hubs,https://waterhardness.uk/water-hardness/ph10,/water-hardness/ph10,PH10,Water Hardness in Outcode PH10,25,Supplier: Scottish Water • Sectors: 3
Outcode Regional Hubs,https://waterhardness.uk/water-hardness/ph11,/water-hardness/ph11,PH11,Water Hardness in Outcode PH11,25,Supplier: Scottish Water • Sectors: 1
Outcode Regional Hubs,https://waterhardness.uk/water-hardness/ph12,/water-hardness/ph12,PH12,Water Hardness in Outcode PH12,25,Supplier: Scottish Water • Sectors: 1
Outcode Regional Hubs,https://waterhardness.uk/water-hardness/ph13,/water-hardness/ph13,PH13,Water Hardness in Outcode PH13,25,Supplier: Scottish Water • Sectors: 1
Outcode Regional Hubs,https://waterhardness.uk/water-hardness/ph14,/water-hardness/ph14,PH14,Water Hardness in Outcode PH14,25,Supplier: Scottish Water • Sectors: 1
Outcode Regional Hubs,https://waterhardness.uk/water-hardness/ph15,/water-hardness/ph15,PH15,Water Hardness in Outcode PH15,25,Supplier: Scottish Water • Sectors: 1
Outcode Regional Hubs,https://waterhardness.uk/water-hardness/ph16,/water-hardness/ph16,PH16,Water Hardness in Outcode PH16,25,Supplier: Scottish Water • Sectors: 2
Outcode Regional Hubs,https://waterhardness.uk/water-hardness/ph17,/water-hardness/ph17,PH17,Water Hardness in Outcode PH17,25,Supplier: Scottish Water • Sectors: 1
Outcode Regional Hubs,https://waterhardness.uk/water-hardness/ph18,/water-hardness/ph18,PH18,Water Hardness in Outcode PH18,25,Supplier: Scottish Water • Sectors: 1
Outcode Regional Hubs,https://waterhardness.uk/water-hardness/ph19,/water-hardness/ph19,PH19,Water Hardness in Outcode PH19,25,Supplier: Scottish Water • Sectors: 1
Outcode Regional Hubs,https://waterhardness.uk/water-hardness/ph2,/water-hardness/ph2,PH2,Water Hardness in Outcode PH2,25,Supplier: Scottish Water • Sectors: 6
Outcode Regional Hubs,https://waterhardness.uk/water-hardness/ph20,/water-hardness/ph20,PH20,Water Hardness in Outcode PH20,25,Supplier: Scottish Water • Sectors: 1
Outcode Regional Hubs,https://waterhardness.uk/water-hardness/ph21,/water-hardness/ph21,PH21,Water Hardness in Outcode PH21,25,Supplier: Scottish Water • Sectors: 1
Outcode Regional Hubs,https://waterhardness.uk/water-hardness/ph22,/water-hardness/ph22,PH22,Water Hardness in Outcode PH22,25,Supplier: Scottish Water • Sectors: 1
Outcode Regional Hubs,https://waterhardness.uk/water-hardness/ph23,/water-hardness/ph23,PH23,Water Hardness in Outcode PH23,25,Supplier: Scottish Water • Sectors: 1
Outcode Regional Hubs,https://waterhardness.uk/water-hardness/ph24,/water-hardness/ph24,PH24,Water Hardness in Outcode PH24,25,Supplier: Scottish Water • Sectors: 1
Outcode Regional Hubs,https://waterhardness.uk/water-hardness/ph25,/water-hardness/ph25,PH25,Water Hardness in Outcode PH25,25,Supplier: Scottish Water • Sectors: 1
Outcode Regional Hubs,https://waterhardness.uk/water-hardness/ph26,/water-hardness/ph26,PH26,Water Hardness in Outcode PH26,25,Supplier: Scottish Water • Sectors: 2
Outcode Regional Hubs,https://waterhardness.uk/water-hardness/ph3,/water-hardness/ph3,PH3,Water Hardness in Outcode PH3,25,Supplier: Scottish Water • Sectors: 1
Outcode Regional Hubs,https://waterhardness.uk/water-hardness/ph30,/water-hardness/ph30,PH30,Water Hardness in Outcode PH30,25,Supplier: Scottish Water • Sectors: 1
Outcode Regional Hubs,https://waterhardness.uk/water-hardness/ph31,/water-hardness/ph31,PH31,Water Hardness in Outcode PH31,25,Supplier: Scottish Water • Sectors: 1
Outcode Regional Hubs,https://waterhardness.uk/water-hardness/ph32,/water-hardness/ph32,PH32,Water Hardness in Outcode PH32,25,Supplier: Scottish Water • Sectors: 1
Outcode Regional Hubs,https://waterhardness.uk/water-hardness/ph33,/water-hardness/ph33,PH33,Water Hardness in Outcode PH33,25,Supplier: Scottish Water • Sectors: 3
Outcode Regional Hubs,https://waterhardness.uk/water-hardness/ph34,/water-hardness/ph34,PH34,Water Hardness in Outcode PH34,25,Supplier: Scottish Water • Sectors: 1
Outcode Regional Hubs,https://waterhardness.uk/water-hardness/ph35,/water-hardness/ph35,PH35,Water Hardness in Outcode PH35,25,Supplier: Scottish Water • Sectors: 1
Outcode Regional Hubs,https://waterhardness.uk/water-hardness/ph36,/water-hardness/ph36,PH36,Water Hardness in Outcode PH36,25,Supplier: Scottish Water • Sectors: 1
Outcode Regional Hubs,https://waterhardness.uk/water-hardness/ph37,/water-hardness/ph37,PH37,Water Hardness in Outcode PH37,25,Supplier: Scottish Water • Sectors: 1
Outcode Regional Hubs,https://waterhardness.uk/water-hardness/ph38,/water-hardness/ph38,PH38,Water Hardness in Outcode PH38,25,Supplier: Scottish Water • Sectors: 1
Outcode Regional Hubs,https://waterhardness.uk/water-hardness/ph39,/water-hardness/ph39,PH39,Water Hardness in Outcode PH39,25,Supplier: Scottish Water • Sectors: 1
Outcode Regional Hubs,https://waterhardness.uk/water-hardness/ph4,/water-hardness/ph4,PH4,Water Hardness in Outcode PH4,25,Supplier: Scottish Water • Sectors: 1
Outcode Regional Hubs,https://waterhardness.uk/water-hardness/ph40,/water-hardness/ph40,PH40,Water Hardness in Outcode PH40,25,Supplier: Scottish Water • Sectors: 1
Outcode Regional Hubs,https://waterhardness.uk/water-hardness/ph41,/water-hardness/ph41,PH41,Water Hardness in Outcode PH41,25,Supplier: Scottish Water • Sectors: 2
Outcode Regional Hubs,https://waterhardness.uk/water-hardness/ph42,/water-hardness/ph42,PH42,Water Hardness in Outcode PH42,25,Supplier: Scottish Water • Sectors: 1
Outcode Regional Hubs,https://waterhardness.uk/water-hardness/ph43,/water-hardness/ph43,PH43,Water Hardness in Outcode PH43,25,Supplier: Scottish Water • Sectors: 1
Outcode Regional Hubs,https://waterhardness.uk/water-hardness/ph44,/water-hardness/ph44,PH44,Water Hardness in Outcode PH44,25,Supplier: Scottish Water • Sectors: 1
Outcode Regional Hubs,https://waterhardness.uk/water-hardness/ph49,/water-hardness/ph49,PH49,Water Hardness in Outcode PH49,25,Supplier: Scottish Water • Sectors: 1
Outcode Regional Hubs,https://waterhardness.uk/water-hardness/ph5,/water-hardness/ph5,PH5,Water Hardness in Outcode PH5,25,Supplier: Scottish Water • Sectors: 1
Outcode Regional Hubs,https://waterhardness.uk/water-hardness/ph50,/water-hardness/ph50,PH50,Water Hardness in Outcode PH50,25,Supplier: Scottish Water • Sectors: 1
Outcode Regional Hubs,https://waterhardness.uk/water-hardness/ph6,/water-hardness/ph6,PH6,Water Hardness in Outcode PH6,25,Supplier: Scottish Water • Sectors: 1
Outcode Regional Hubs,https://waterhardness.uk/water-hardness/ph7,/water-hardness/ph7,PH7,Water Hardness in Outcode PH7,25,Supplier: Scottish Water • Sectors: 3
Outcode Regional Hubs,https://waterhardness.uk/water-hardness/ph8,/water-hardness/ph8,PH8,Water Hardness in Outcode PH8,25,Supplier: Scottish Water • Sectors: 1
Outcode Regional Hubs,https://waterhardness.uk/water-hardness/ph9,/water-hardness/ph9,PH9,Water Hardness in Outcode PH9,25,Supplier: Scottish Water • Sectors: 1
Outcode Regional Hubs,https://waterhardness.uk/water-hardness/pl1,/water-hardness/pl1,PL1,Water Hardness in Outcode PL1,40,Supplier: South West Water • Sectors: 6
Outcode Regional Hubs,https://waterhardness.uk/water-hardness/pl10,/water-hardness/pl10,PL10,Water Hardness in Outcode PL10,40,Supplier: South West Water • Sectors: 1
Outcode Regional Hubs,https://waterhardness.uk/water-hardness/pl11,/water-hardness/pl11,PL11,Water Hardness in Outcode PL11,40,Supplier: South West Water • Sectors: 2
Outcode Regional Hubs,https://waterhardness.uk/water-hardness/pl12,/water-hardness/pl12,PL12,Water Hardness in Outcode PL12,40,Supplier: South West Water • Sectors: 4
Outcode Regional Hubs,https://waterhardness.uk/water-hardness/pl13,/water-hardness/pl13,PL13,Water Hardness in Outcode PL13,40,Supplier: South West Water • Sectors: 3
Outcode Regional Hubs,https://waterhardness.uk/water-hardness/pl14,/water-hardness/pl14,PL14,Water Hardness in Outcode PL14,40,Supplier: South West Water • Sectors: 5
Outcode Regional Hubs,https://waterhardness.uk/water-hardness/pl15,/water-hardness/pl15,PL15,Water Hardness in Outcode PL15,40,Supplier: South West Water • Sectors: 4
Outcode Regional Hubs,https://waterhardness.uk/water-hardness/pl16,/water-hardness/pl16,PL16,Water Hardness in Outcode PL16,40,Supplier: South West Water • Sectors: 1
Outcode Regional Hubs,https://waterhardness.uk/water-hardness/pl17,/water-hardness/pl17,PL17,Water Hardness in Outcode PL17,40,Supplier: South West Water • Sectors: 3
Outcode Regional Hubs,https://waterhardness.uk/water-hardness/pl18,/water-hardness/pl18,PL18,Water Hardness in Outcode PL18,40,Supplier: South West Water • Sectors: 1
Outcode Regional Hubs,https://waterhardness.uk/water-hardness/pl19,/water-hardness/pl19,PL19,Water Hardness in Outcode PL19,40,Supplier: South West Water • Sectors: 4
Outcode Regional Hubs,https://waterhardness.uk/water-hardness/pl2,/water-hardness/pl2,PL2,Water Hardness in Outcode PL2,40,Supplier: South West Water • Sectors: 4
Outcode Regional Hubs,https://waterhardness.uk/water-hardness/pl20,/water-hardness/pl20,PL20,Water Hardness in Outcode PL20,40,Supplier: South West Water • Sectors: 2
Outcode Regional Hubs,https://waterhardness.uk/water-hardness/pl21,/water-hardness/pl21,PL21,Water Hardness in Outcode PL21,40,Supplier: South West Water • Sectors: 3
Outcode Regional Hubs,https://waterhardness.uk/water-hardness/pl22,/water-hardness/pl22,PL22,Water Hardness in Outcode PL22,40,Supplier: South West Water • Sectors: 1
Outcode Regional Hubs,https://waterhardness.uk/water-hardness/pl23,/water-hardness/pl23,PL23,Water Hardness in Outcode PL23,40,Supplier: South West Water • Sectors: 1
Outcode Regional Hubs,https://waterhardness.uk/water-hardness/pl24,/water-hardness/pl24,PL24,Water Hardness in Outcode PL24,40,Supplier: South West Water • Sectors: 1
Outcode Regional Hubs,https://waterhardness.uk/water-hardness/pl25,/water-hardness/pl25,PL25,Water Hardness in Outcode PL25,40,Supplier: South West Water • Sectors: 4
Outcode Regional Hubs,https://waterhardness.uk/water-hardness/pl26,/water-hardness/pl26,PL26,Water Hardness in Outcode PL26,40,Supplier: South West Water • Sectors: 3
Outcode Regional Hubs,https://waterhardness.uk/water-hardness/pl27,/water-hardness/pl27,PL27,Water Hardness in Outcode PL27,40,Supplier: South West Water • Sectors: 3
Outcode Regional Hubs,https://waterhardness.uk/water-hardness/pl28,/water-hardness/pl28,PL28,Water Hardness in Outcode PL28,40,Supplier: South West Water • Sectors: 1
Outcode Regional Hubs,https://waterhardness.uk/water-hardness/pl29,/water-hardness/pl29,PL29,Water Hardness in Outcode PL29,40,Supplier: South West Water • Sectors: 1
Outcode Regional Hubs,https://waterhardness.uk/water-hardness/pl3,/water-hardness/pl3,PL3,Water Hardness in Outcode PL3,40,Supplier: South West Water • Sectors: 3
Outcode Regional Hubs,https://waterhardness.uk/water-hardness/pl30,/water-hardness/pl30,PL30,Water Hardness in Outcode PL30,40,Supplier: South West Water • Sectors: 3
Outcode Regional Hubs,https://waterhardness.uk/water-hardness/pl31,/water-hardness/pl31,PL31,Water Hardness in Outcode PL31,40,Supplier: South West Water • Sectors: 3
Outcode Regional Hubs,https://waterhardness.uk/water-hardness/pl32,/water-hardness/pl32,PL32,Water Hardness in Outcode PL32,40,Supplier: South West Water • Sectors: 1
Outcode Regional Hubs,https://waterhardness.uk/water-hardness/pl33,/water-hardness/pl33,PL33,Water Hardness in Outcode PL33,40,Supplier: South West Water • Sectors: 1
Outcode Regional Hubs,https://waterhardness.uk/water-hardness/pl34,/water-hardness/pl34,PL34,Water Hardness in Outcode PL34,40,Supplier: South West Water • Sectors: 1
Outcode Regional Hubs,https://waterhardness.uk/water-hardness/pl35,/water-hardness/pl35,PL35,Water Hardness in Outcode PL35,40,Supplier: South West Water • Sectors: 1
Outcode Regional Hubs,https://waterhardness.uk/water-hardness/pl4,/water-hardness/pl4,PL4,Water Hardness in Outcode PL4,40,Supplier: South West Water • Sectors: 5
Outcode Regional Hubs,https://waterhardness.uk/water-hardness/pl5,/water-hardness/pl5,PL5,Water Hardness in Outcode PL5,40,Supplier: South West Water • Sectors: 5
Outcode Regional Hubs,https://waterhardness.uk/water-hardness/pl6,/water-hardness/pl6,PL6,Water Hardness in Outcode PL6,40,Supplier: South West Water • Sectors: 4
Outcode Regional Hubs,https://waterhardness.uk/water-hardness/pl7,/water-hardness/pl7,PL7,Water Hardness in Outcode PL7,40,Supplier: South West Water • Sectors: 5
Outcode Regional Hubs,https://waterhardness.uk/water-hardness/pl8,/water-hardness/pl8,PL8,Water Hardness in Outcode PL8,40,Supplier: South West Water • Sectors: 2
Outcode Regional Hubs,https://waterhardness.uk/water-hardness/pl9,/water-hardness/pl9,PL9,Water Hardness in Outcode PL9,40,Supplier: South West Water • Sectors: 4
Outcode Regional Hubs,https://waterhardness.uk/water-hardness/pl95,/water-hardness/pl95,PL95,Water Hardness in Outcode PL95,40,Supplier: South West Water • Sectors: 1
Outcode Regional Hubs,https://waterhardness.uk/water-hardness/po1,/water-hardness/po1,PO1,Water Hardness in Outcode PO1,250,Supplier: Portsmouth Water • Sectors: 6
Outcode Regional Hubs,https://waterhardness.uk/water-hardness/po10,/water-hardness/po10,PO10,Water Hardness in Outcode PO10,250,Supplier: Portsmouth Water • Sectors: 3
Outcode Regional Hubs,https://waterhardness.uk/water-hardness/po11,/water-hardness/po11,PO11,Water Hardness in Outcode PO11,250,Supplier: Portsmouth Water • Sectors: 3
Outcode Regional Hubs,https://waterhardness.uk/water-hardness/po12,/water-hardness/po12,PO12,Water Hardness in Outcode PO12,250,Supplier: Portsmouth Water • Sectors: 5
Outcode Regional Hubs,https://waterhardness.uk/water-hardness/po13,/water-hardness/po13,PO13,Water Hardness in Outcode PO13,250,Supplier: Portsmouth Water • Sectors: 3
Outcode Regional Hubs,https://waterhardness.uk/water-hardness/po14,/water-hardness/po14,PO14,Water Hardness in Outcode PO14,280,Supplier: Southern Water • Sectors: 1
Outcode Regional Hubs,https://waterhardness.uk/water-hardness/po14,/water-hardness/po14,PO14,Water Hardness in Outcode PO14,250,Supplier: Portsmouth Water • Sectors: 4
Outcode Regional Hubs,https://waterhardness.uk/water-hardness/po15,/water-hardness/po15,PO15,Water Hardness in Outcode PO15,250,Supplier: Portsmouth Water • Sectors: 2
Outcode Regional Hubs,https://waterhardness.uk/water-hardness/po15,/water-hardness/po15,PO15,Water Hardness in Outcode PO15,280,Supplier: Southern Water • Sectors: 1
Outcode Regional Hubs,https://waterhardness.uk/water-hardness/po16,/water-hardness/po16,PO16,Water Hardness in Outcode PO16,250,Supplier: Portsmouth Water • Sectors: 4
Outcode Regional Hubs,https://waterhardness.uk/water-hardness/po17,/water-hardness/po17,PO17,Water Hardness in Outcode PO17,250,Supplier: Portsmouth Water • Sectors: 3
Outcode Regional Hubs,https://waterhardness.uk/water-hardness/po18,/water-hardness/po18,PO18,Water Hardness in Outcode PO18,250,Supplier: Portsmouth Water • Sectors: 3
Outcode Regional Hubs,https://waterhardness.uk/water-hardness/po19,/water-hardness/po19,PO19,Water Hardness in Outcode PO19,250,Supplier: Portsmouth Water • Sectors: 7
Outcode Regional Hubs,https://waterhardness.uk/water-hardness/po2,/water-hardness/po2,PO2,Water Hardness in Outcode PO2,250,Supplier: Portsmouth Water • Sectors: 4
Outcode Regional Hubs,https://waterhardness.uk/water-hardness/po20,/water-hardness/po20,PO20,Water Hardness in Outcode PO20,250,Supplier: Portsmouth Water • Sectors: 7
Outcode Regional Hubs,https://waterhardness.uk/water-hardness/po21,/water-hardness/po21,PO21,Water Hardness in Outcode PO21,250,Supplier: Portsmouth Water • Sectors: 6
Outcode Regional Hubs,https://waterhardness.uk/water-hardness/po22,/water-hardness/po22,PO22,Water Hardness in Outcode PO22,250,Supplier: Portsmouth Water • Sectors: 5
Outcode Regional Hubs,https://waterhardness.uk/water-hardness/po24,/water-hardness/po24,PO24,Water Hardness in Outcode PO24,130,Supplier: Northumbrian Water • Sectors: 1
Outcode Regional Hubs,https://waterhardness.uk/water-hardness/po3,/water-hardness/po3,PO3,Water Hardness in Outcode PO3,250,Supplier: Portsmouth Water • Sectors: 2
Outcode Regional Hubs,https://waterhardness.uk/water-hardness/po30,/water-hardness/po30,PO30,Water Hardness in Outcode PO30,280,Supplier: Southern Water • Sectors: 6
Outcode Regional Hubs,https://waterhardness.uk/water-hardness/po31,/water-hardness/po31,PO31,Water Hardness in Outcode PO31,280,Supplier: Southern Water • Sectors: 2
Outcode Regional Hubs,https://waterhardness.uk/water-hardness/po32,/water-hardness/po32,PO32,Water Hardness in Outcode PO32,280,Supplier: Southern Water • Sectors: 1
Outcode Regional Hubs,https://waterhardness.uk/water-hardness/po33,/water-hardness/po33,PO33,Water Hardness in Outcode PO33,280,Supplier: Southern Water • Sectors: 5
Outcode Regional Hubs,https://waterhardness.uk/water-hardness/po34,/water-hardness/po34,PO34,Water Hardness in Outcode PO34,280,Supplier: Southern Water • Sectors: 1
Outcode Regional Hubs,https://waterhardness.uk/water-hardness/po35,/water-hardness/po35,PO35,Water Hardness in Outcode PO35,280,Supplier: Southern Water • Sectors: 1
Outcode Regional Hubs,https://waterhardness.uk/water-hardness/po36,/water-hardness/po36,PO36,Water Hardness in Outcode PO36,280,Supplier: Southern Water • Sectors: 4
Outcode Regional Hubs,https://waterhardness.uk/water-hardness/po37,/water-hardness/po37,PO37,Water Hardness in Outcode PO37,280,Supplier: Southern Water • Sectors: 2
Outcode Regional Hubs,https://waterhardness.uk/water-hardness/po38,/water-hardness/po38,PO38,Water Hardness in Outcode PO38,280,Supplier: Southern Water • Sectors: 4
Outcode Regional Hubs,https://waterhardness.uk/water-hardness/po39,/water-hardness/po39,PO39,Water Hardness in Outcode PO39,280,Supplier: Southern Water • Sectors: 1
Outcode Regional Hubs,https://waterhardness.uk/water-hardness/po4,/water-hardness/po4,PO4,Water Hardness in Outcode PO4,250,Supplier: Portsmouth Water • Sectors: 3
Outcode Regional Hubs,https://waterhardness.uk/water-hardness/po40,/water-hardness/po40,PO40,Water Hardness in Outcode PO40,280,Supplier: Southern Water • Sectors: 2
Outcode Regional Hubs,https://waterhardness.uk/water-hardness/po41,/water-hardness/po41,PO41,Water Hardness in Outcode PO41,280,Supplier: Southern Water • Sectors: 1
Outcode Regional Hubs,https://waterhardness.uk/water-hardness/po5,/water-hardness/po5,PO5,Water Hardness in Outcode PO5,250,Supplier: Portsmouth Water • Sectors: 4
Outcode Regional Hubs,https://waterhardness.uk/water-hardness/po6,/water-hardness/po6,PO6,Water Hardness in Outcode PO6,250,Supplier: Portsmouth Water • Sectors: 5
Outcode Regional Hubs,https://waterhardness.uk/water-hardness/po7,/water-hardness/po7,PO7,Water Hardness in Outcode PO7,250,Supplier: Portsmouth Water • Sectors: 7
Outcode Regional Hubs,https://waterhardness.uk/water-hardness/po8,/water-hardness/po8,PO8,Water Hardness in Outcode PO8,250,Supplier: Portsmouth Water • Sectors: 3
Outcode Regional Hubs,https://waterhardness.uk/water-hardness/po9,/water-hardness/po9,PO9,Water Hardness in Outcode PO9,250,Supplier: Portsmouth Water • Sectors: 7
Outcode Regional Hubs,https://waterhardness.uk/water-hardness/pr0,/water-hardness/pr0,PR0,Water Hardness in Outcode PR0,45,Supplier: United Utilities • Sectors: 1
Outcode Regional Hubs,https://waterhardness.uk/water-hardness/pr1,/water-hardness/pr1,PR1,Water Hardness in Outcode PR1,45,Supplier: United Utilities • Sectors: 10
Outcode Regional Hubs,https://waterhardness.uk/water-hardness/pr11,/water-hardness/pr11,PR11,Water Hardness in Outcode PR11,45,Supplier: United Utilities • Sectors: 2
Outcode Regional Hubs,https://waterhardness.uk/water-hardness/pr2,/water-hardness/pr2,PR2,Water Hardness in Outcode PR2,45,Supplier: United Utilities • Sectors: 9
Outcode Regional Hubs,https://waterhardness.uk/water-hardness/pr25,/water-hardness/pr25,PR25,Water Hardness in Outcode PR25,45,Supplier: United Utilities • Sectors: 6
Outcode Regional Hubs,https://waterhardness.uk/water-hardness/pr26,/water-hardness/pr26,PR26,Water Hardness in Outcode PR26,45,Supplier: United Utilities • Sectors: 4
Outcode Regional Hubs,https://waterhardness.uk/water-hardness/pr3,/water-hardness/pr3,PR3,Water Hardness in Outcode PR3,45,Supplier: United Utilities • Sectors: 8
Outcode Regional Hubs,https://waterhardness.uk/water-hardness/pr4,/water-hardness/pr4,PR4,Water Hardness in Outcode PR4,45,Supplier: United Utilities • Sectors: 8
Outcode Regional Hubs,https://waterhardness.uk/water-hardness/pr5,/water-hardness/pr5,PR5,Water Hardness in Outcode PR5,45,Supplier: United Utilities • Sectors: 6
Outcode Regional Hubs,https://waterhardness.uk/water-hardness/pr6,/water-hardness/pr6,PR6,Water Hardness in Outcode PR6,45,Supplier: United Utilities • Sectors: 5
Outcode Regional Hubs,https://waterhardness.uk/water-hardness/pr7,/water-hardness/pr7,PR7,Water Hardness in Outcode PR7,45,Supplier: United Utilities • Sectors: 7
Outcode Regional Hubs,https://waterhardness.uk/water-hardness/pr8,/water-hardness/pr8,PR8,Water Hardness in Outcode PR8,45,Supplier: United Utilities • Sectors: 7
Outcode Regional Hubs,https://waterhardness.uk/water-hardness/pr9,/water-hardness/pr9,PR9,Water Hardness in Outcode PR9,45,Supplier: United Utilities • Sectors: 4
Outcode Regional Hubs,https://waterhardness.uk/water-hardness/rg1,/water-hardness/rg1,RG1,Water Hardness in Outcode RG1,275,Supplier: Thames Water • Sectors: 9
Outcode Regional Hubs,https://waterhardness.uk/water-hardness/rg10,/water-hardness/rg10,RG10,Water Hardness in Outcode RG10,275,Supplier: Thames Water • Sectors: 3
Outcode Regional Hubs,https://waterhardness.uk/water-hardness/rg12,/water-hardness/rg12,RG12,Water Hardness in Outcode RG12,270,Supplier: South East Water • Sectors: 6
Outcode Regional Hubs,https://waterhardness.uk/water-hardness/rg14,/water-hardness/rg14,RG14,Water Hardness in Outcode RG14,275,Supplier: Thames Water • Sectors: 7
Outcode Regional Hubs,https://waterhardness.uk/water-hardness/rg17,/water-hardness/rg17,RG17,Water Hardness in Outcode RG17,275,Supplier: Thames Water • Sectors: 5
Outcode Regional Hubs,https://waterhardness.uk/water-hardness/rg18,/water-hardness/rg18,RG18,Water Hardness in Outcode RG18,275,Supplier: Thames Water • Sectors: 4
Outcode Regional Hubs,https://waterhardness.uk/water-hardness/rg19,/water-hardness/rg19,RG19,Water Hardness in Outcode RG19,275,Supplier: Thames Water • Sectors: 4
Outcode Regional Hubs,https://waterhardness.uk/water-hardness/rg19,/water-hardness/rg19,RG19,Water Hardness in Outcode RG19,280,Supplier: Southern Water • Sectors: 1
Outcode Regional Hubs,https://waterhardness.uk/water-hardness/rg2,/water-hardness/rg2,RG2,Water Hardness in Outcode RG2,275,Supplier: Thames Water • Sectors: 5
Outcode Regional Hubs,https://waterhardness.uk/water-hardness/rg20,/water-hardness/rg20,RG20,Water Hardness in Outcode RG20,275,Supplier: Thames Water • Sectors: 4
Outcode Regional Hubs,https://waterhardness.uk/water-hardness/rg20,/water-hardness/rg20,RG20,Water Hardness in Outcode RG20,280,Supplier: Southern Water • Sectors: 3
Outcode Regional Hubs,https://waterhardness.uk/water-hardness/rg21,/water-hardness/rg21,RG21,Water Hardness in Outcode RG21,270,Supplier: South East Water • Sectors: 6
Outcode Regional Hubs,https://waterhardness.uk/water-hardness/rg22,/water-hardness/rg22,RG22,Water Hardness in Outcode RG22,270,Supplier: South East Water • Sectors: 3
Outcode Regional Hubs,https://waterhardness.uk/water-hardness/rg23,/water-hardness/rg23,RG23,Water Hardness in Outcode RG23,270,Supplier: South East Water • Sectors: 2
Outcode Regional Hubs,https://waterhardness.uk/water-hardness/rg24,/water-hardness/rg24,RG24,Water Hardness in Outcode RG24,270,Supplier: South East Water • Sectors: 4
Outcode Regional Hubs,https://waterhardness.uk/water-hardness/rg25,/water-hardness/rg25,RG25,Water Hardness in Outcode RG25,280,Supplier: Southern Water • Sectors: 1
Outcode Regional Hubs,https://waterhardness.uk/water-hardness/rg25,/water-hardness/rg25,RG25,Water Hardness in Outcode RG25,270,Supplier: South East Water • Sectors: 1
Outcode Regional Hubs,https://waterhardness.uk/water-hardness/rg26,/water-hardness/rg26,RG26,Water Hardness in Outcode RG26,270,Supplier: South East Water • Sectors: 2
Outcode Regional Hubs,https://waterhardness.uk/water-hardness/rg26,/water-hardness/rg26,RG26,Water Hardness in Outcode RG26,275,Supplier: Thames Water • Sectors: 2
Outcode Regional Hubs,https://waterhardness.uk/water-hardness/rg27,/water-hardness/rg27,RG27,Water Hardness in Outcode RG27,275,Supplier: Thames Water • Sectors: 1
Outcode Regional Hubs,https://waterhardness.uk/water-hardness/rg27,/water-hardness/rg27,RG27,Water Hardness in Outcode RG27,270,Supplier: South East Water • Sectors: 3
Outcode Regional Hubs,https://waterhardness.uk/water-hardness/rg28,/water-hardness/rg28,RG28,Water Hardness in Outcode RG28,280,Supplier: Southern Water • Sectors: 1
Outcode Regional Hubs,https://waterhardness.uk/water-hardness/rg29,/water-hardness/rg29,RG29,Water Hardness in Outcode RG29,270,Supplier: South East Water • Sectors: 1
Outcode Regional Hubs,https://waterhardness.uk/water-hardness/rg30,/water-hardness/rg30,RG30,Water Hardness in Outcode RG30,275,Supplier: Thames Water • Sectors: 6
Outcode Regional Hubs,https://waterhardness.uk/water-hardness/rg31,/water-hardness/rg31,RG31,Water Hardness in Outcode RG31,275,Supplier: Thames Water • Sectors: 4
Outcode Regional Hubs,https://waterhardness.uk/water-hardness/rg4,/water-hardness/rg4,RG4,Water Hardness in Outcode RG4,275,Supplier: Thames Water • Sectors: 5
Outcode Regional Hubs,https://waterhardness.uk/water-hardness/rg40,/water-hardness/rg40,RG40,Water Hardness in Outcode RG40,270,Supplier: South East Water • Sectors: 6
Outcode Regional Hubs,https://waterhardness.uk/water-hardness/rg41,/water-hardness/rg41,RG41,Water Hardness in Outcode RG41,270,Supplier: South East Water • Sectors: 4
Outcode Regional Hubs,https://waterhardness.uk/water-hardness/rg41,/water-hardness/rg41,RG41,Water Hardness in Outcode RG41,275,Supplier: Thames Water • Sectors: 1
Outcode Regional Hubs,https://waterhardness.uk/water-hardness/rg42,/water-hardness/rg42,RG42,Water Hardness in Outcode RG42,290,Supplier: Affinity Water • Sectors: 1
Outcode Regional Hubs,https://waterhardness.uk/water-hardness/rg42,/water-hardness/rg42,RG42,Water Hardness in Outcode RG42,270,Supplier: South East Water • Sectors: 7
Outcode Regional Hubs,https://waterhardness.uk/water-hardness/rg45,/water-hardness/rg45,RG45,Water Hardness in Outcode RG45,270,Supplier: South East Water • Sectors: 2
Outcode Regional Hubs,https://waterhardness.uk/water-hardness/rg5,/water-hardness/rg5,RG5,Water Hardness in Outcode RG5,275,Supplier: Thames Water • Sectors: 2
Outcode Regional Hubs,https://waterhardness.uk/water-hardness/rg6,/water-hardness/rg6,RG6,Water Hardness in Outcode RG6,275,Supplier: Thames Water • Sectors: 7
Outcode Regional Hubs,https://waterhardness.uk/water-hardness/rg7,/water-hardness/rg7,RG7,Water Hardness in Outcode RG7,275,Supplier: Thames Water • Sectors: 7
Outcode Regional Hubs,https://waterhardness.uk/water-hardness/rg8,/water-hardness/rg8,RG8,Water Hardness in Outcode RG8,275,Supplier: Thames Water • Sectors: 6
Outcode Regional Hubs,https://waterhardness.uk/water-hardness/rg9,/water-hardness/rg9,RG9,Water Hardness in Outcode RG9,275,Supplier: Thames Water • Sectors: 7
Outcode Regional Hubs,https://waterhardness.uk/water-hardness/rh1,/water-hardness/rh1,RH1,Water Hardness in Outcode RH1,260,Supplier: SES Water • Sectors: 7
Outcode Regional Hubs,https://waterhardness.uk/water-hardness/rh10,/water-hardness/rh10,RH10,Water Hardness in Outcode RH10,280,Supplier: Southern Water • Sectors: 7
Outcode Regional Hubs,https://waterhardness.uk/water-hardness/rh10,/water-hardness/rh10,RH10,Water Hardness in Outcode RH10,270,Supplier: South East Water • Sectors: 3
Outcode Regional Hubs,https://waterhardness.uk/water-hardness/rh11,/water-hardness/rh11,RH11,Water Hardness in Outcode RH11,280,Supplier: Southern Water • Sectors: 5
Outcode Regional Hubs,https://waterhardness.uk/water-hardness/rh12,/water-hardness/rh12,RH12,Water Hardness in Outcode RH12,280,Supplier: Southern Water • Sectors: 8
Outcode Regional Hubs,https://waterhardness.uk/water-hardness/rh13,/water-hardness/rh13,RH13,Water Hardness in Outcode RH13,280,Supplier: Southern Water • Sectors: 5
Outcode Regional Hubs,https://waterhardness.uk/water-hardness/rh14,/water-hardness/rh14,RH14,Water Hardness in Outcode RH14,280,Supplier: Southern Water • Sectors: 3
Outcode Regional Hubs,https://waterhardness.uk/water-hardness/rh15,/water-hardness/rh15,RH15,Water Hardness in Outcode RH15,270,Supplier: South East Water • Sectors: 4
Outcode Regional Hubs,https://waterhardness.uk/water-hardness/rh16,/water-hardness/rh16,RH16,Water Hardness in Outcode RH16,270,Supplier: South East Water • Sectors: 5
Outcode Regional Hubs,https://waterhardness.uk/water-hardness/rh17,/water-hardness/rh17,RH17,Water Hardness in Outcode RH17,270,Supplier: South East Water • Sectors: 3
Outcode Regional Hubs,https://waterhardness.uk/water-hardness/rh18,/water-hardness/rh18,RH18,Water Hardness in Outcode RH18,270,Supplier: South East Water • Sectors: 1
Outcode Regional Hubs,https://waterhardness.uk/water-hardness/rh19,/water-hardness/rh19,RH19,Water Hardness in Outcode RH19,270,Supplier: South East Water • Sectors: 4
Outcode Regional Hubs,https://waterhardness.uk/water-hardness/rh19,/water-hardness/rh19,RH19,Water Hardness in Outcode RH19,260,Supplier: SES Water • Sectors: 1
Outcode Regional Hubs,https://waterhardness.uk/water-hardness/rh2,/water-hardness/rh2,RH2,Water Hardness in Outcode RH2,260,Supplier: SES Water • Sectors: 5
Outcode Regional Hubs,https://waterhardness.uk/water-hardness/rh20,/water-hardness/rh20,RH20,Water Hardness in Outcode RH20,280,Supplier: Southern Water • Sectors: 6
Outcode Regional Hubs,https://waterhardness.uk/water-hardness/rh3,/water-hardness/rh3,RH3,Water Hardness in Outcode RH3,260,Supplier: SES Water • Sectors: 1
Outcode Regional Hubs,https://waterhardness.uk/water-hardness/rh4,/water-hardness/rh4,RH4,Water Hardness in Outcode RH4,260,Supplier: SES Water • Sectors: 4
Outcode Regional Hubs,https://waterhardness.uk/water-hardness/rh5,/water-hardness/rh5,RH5,Water Hardness in Outcode RH5,260,Supplier: SES Water • Sectors: 3
Outcode Regional Hubs,https://waterhardness.uk/water-hardness/rh6,/water-hardness/rh6,RH6,Water Hardness in Outcode RH6,260,Supplier: SES Water • Sectors: 5
Outcode Regional Hubs,https://waterhardness.uk/water-hardness/rh7,/water-hardness/rh7,RH7,Water Hardness in Outcode RH7,260,Supplier: SES Water • Sectors: 2
Outcode Regional Hubs,https://waterhardness.uk/water-hardness/rh77,/water-hardness/rh77,RH77,Water Hardness in Outcode RH77,260,Supplier: SES Water • Sectors: 1
Outcode Regional Hubs,https://waterhardness.uk/water-hardness/rh8,/water-hardness/rh8,RH8,Water Hardness in Outcode RH8,260,Supplier: SES Water • Sectors: 3
Outcode Regional Hubs,https://waterhardness.uk/water-hardness/rh9,/water-hardness/rh9,RH9,Water Hardness in Outcode RH9,260,Supplier: SES Water • Sectors: 1
Outcode Regional Hubs,https://waterhardness.uk/water-hardness/rm1,/water-hardness/rm1,RM1,Water Hardness in Outcode RM1,320,Supplier: Essex and Suffolk Water • Sectors: 4
Outcode Regional Hubs,https://waterhardness.uk/water-hardness/rm10,/water-hardness/rm10,RM10,Water Hardness in Outcode RM10,320,Supplier: Essex and Suffolk Water • Sectors: 3
Outcode Regional Hubs,https://waterhardness.uk/water-hardness/rm11,/water-hardness/rm11,RM11,Water Hardness in Outcode RM11,320,Supplier: Essex and Suffolk Water • Sectors: 3
Outcode Regional Hubs,https://waterhardness.uk/water-hardness/rm12,/water-hardness/rm12,RM12,Water Hardness in Outcode RM12,320,Supplier: Essex and Suffolk Water • Sectors: 4
Outcode Regional Hubs,https://waterhardness.uk/water-hardness/rm13,/water-hardness/rm13,RM13,Water Hardness in Outcode RM13,320,Supplier: Essex and Suffolk Water • Sectors: 4
Outcode Regional Hubs,https://waterhardness.uk/water-hardness/rm14,/water-hardness/rm14,RM14,Water Hardness in Outcode RM14,320,Supplier: Essex and Suffolk Water • Sectors: 4
Outcode Regional Hubs,https://waterhardness.uk/water-hardness/rm15,/water-hardness/rm15,RM15,Water Hardness in Outcode RM15,320,Supplier: Essex and Suffolk Water • Sectors: 4
Outcode Regional Hubs,https://waterhardness.uk/water-hardness/rm16,/water-hardness/rm16,RM16,Water Hardness in Outcode RM16,320,Supplier: Essex and Suffolk Water • Sectors: 5
Outcode Regional Hubs,https://waterhardness.uk/water-hardness/rm17,/water-hardness/rm17,RM17,Water Hardness in Outcode RM17,320,Supplier: Essex and Suffolk Water • Sectors: 3
Outcode Regional Hubs,https://waterhardness.uk/water-hardness/rm18,/water-hardness/rm18,RM18,Water Hardness in Outcode RM18,320,Supplier: Essex and Suffolk Water • Sectors: 2
Outcode Regional Hubs,https://waterhardness.uk/water-hardness/rm19,/water-hardness/rm19,RM19,Water Hardness in Outcode RM19,320,Supplier: Essex and Suffolk Water • Sectors: 1
Outcode Regional Hubs,https://waterhardness.uk/water-hardness/rm2,/water-hardness/rm2,RM2,Water Hardness in Outcode RM2,320,Supplier: Essex and Suffolk Water • Sectors: 2
Outcode Regional Hubs,https://waterhardness.uk/water-hardness/rm20,/water-hardness/rm20,RM20,Water Hardness in Outcode RM20,320,Supplier: Essex and Suffolk Water • Sectors: 4
Outcode Regional Hubs,https://waterhardness.uk/water-hardness/rm3,/water-hardness/rm3,RM3,Water Hardness in Outcode RM3,320,Supplier: Essex and Suffolk Water • Sectors: 5
Outcode Regional Hubs,https://waterhardness.uk/water-hardness/rm4,/water-hardness/rm4,RM4,Water Hardness in Outcode RM4,290,Supplier: Affinity Water • Sectors: 1
Outcode Regional Hubs,https://waterhardness.uk/water-hardness/rm5,/water-hardness/rm5,RM5,Water Hardness in Outcode RM5,320,Supplier: Essex and Suffolk Water • Sectors: 2
Outcode Regional Hubs,https://waterhardness.uk/water-hardness/rm6,/water-hardness/rm6,RM6,Water Hardness in Outcode RM6,320,Supplier: Essex and Suffolk Water • Sectors: 3
Outcode Regional Hubs,https://waterhardness.uk/water-hardness/rm7,/water-hardness/rm7,RM7,Water Hardness in Outcode RM7,320,Supplier: Essex and Suffolk Water • Sectors: 5
Outcode Regional Hubs,https://waterhardness.uk/water-hardness/rm8,/water-hardness/rm8,RM8,Water Hardness in Outcode RM8,320,Supplier: Essex and Suffolk Water • Sectors: 3
Outcode Regional Hubs,https://waterhardness.uk/water-hardness/rm9,/water-hardness/rm9,RM9,Water Hardness in Outcode RM9,320,Supplier: Essex and Suffolk Water • Sectors: 4
Outcode Regional Hubs,https://waterhardness.uk/water-hardness/s1,/water-hardness/s1,S1,Water Hardness in Outcode S1,110,Supplier: Yorkshire Water • Sectors: 5
Outcode Regional Hubs,https://waterhardness.uk/water-hardness/s10,/water-hardness/s10,S10,Water Hardness in Outcode S10,110,Supplier: Yorkshire Water • Sectors: 6
Outcode Regional Hubs,https://waterhardness.uk/water-hardness/s11,/water-hardness/s11,S11,Water Hardness in Outcode S11,110,Supplier: Yorkshire Water • Sectors: 4
Outcode Regional Hubs,https://waterhardness.uk/water-hardness/s12,/water-hardness/s12,S12,Water Hardness in Outcode S12,160,Supplier: Severn Trent Water • Sectors: 2
Outcode Regional Hubs,https://waterhardness.uk/water-hardness/s12,/water-hardness/s12,S12,Water Hardness in Outcode S12,110,Supplier: Yorkshire Water • Sectors: 2
Outcode Regional Hubs,https://waterhardness.uk/water-hardness/s13,/water-hardness/s13,S13,Water Hardness in Outcode S13,110,Supplier: Yorkshire Water • Sectors: 3
Outcode Regional Hubs,https://waterhardness.uk/water-hardness/s14,/water-hardness/s14,S14,Water Hardness in Outcode S14,110,Supplier: Yorkshire Water • Sectors: 1
Outcode Regional Hubs,https://waterhardness.uk/water-hardness/s17,/water-hardness/s17,S17,Water Hardness in Outcode S17,110,Supplier: Yorkshire Water • Sectors: 3
Outcode Regional Hubs,https://waterhardness.uk/water-hardness/s18,/water-hardness/s18,S18,Water Hardness in Outcode S18,160,Supplier: Severn Trent Water • Sectors: 7
Outcode Regional Hubs,https://waterhardness.uk/water-hardness/s2,/water-hardness/s2,S2,Water Hardness in Outcode S2,110,Supplier: Yorkshire Water • Sectors: 6
Outcode Regional Hubs,https://waterhardness.uk/water-hardness/s20,/water-hardness/s20,S20,Water Hardness in Outcode S20,160,Supplier: Severn Trent Water • Sectors: 9
Outcode Regional Hubs,https://waterhardness.uk/water-hardness/s21,/water-hardness/s21,S21,Water Hardness in Outcode S21,160,Supplier: Severn Trent Water • Sectors: 5
Outcode Regional Hubs,https://waterhardness.uk/water-hardness/s25,/water-hardness/s25,S25,Water Hardness in Outcode S25,110,Supplier: Yorkshire Water • Sectors: 6
Outcode Regional Hubs,https://waterhardness.uk/water-hardness/s26,/water-hardness/s26,S26,Water Hardness in Outcode S26,110,Supplier: Yorkshire Water • Sectors: 7
Outcode Regional Hubs,https://waterhardness.uk/water-hardness/s3,/water-hardness/s3,S3,Water Hardness in Outcode S3,110,Supplier: Yorkshire Water • Sectors: 3
Outcode Regional Hubs,https://waterhardness.uk/water-hardness/s32,/water-hardness/s32,S32,Water Hardness in Outcode S32,160,Supplier: Severn Trent Water • Sectors: 5
Outcode Regional Hubs,https://waterhardness.uk/water-hardness/s33,/water-hardness/s33,S33,Water Hardness in Outcode S33,160,Supplier: Severn Trent Water • Sectors: 5
Outcode Regional Hubs,https://waterhardness.uk/water-hardness/s35,/water-hardness/s35,S35,Water Hardness in Outcode S35,110,Supplier: Yorkshire Water • Sectors: 9
Outcode Regional Hubs,https://waterhardness.uk/water-hardness/s36,/water-hardness/s36,S36,Water Hardness in Outcode S36,110,Supplier: Yorkshire Water • Sectors: 9
Outcode Regional Hubs,https://waterhardness.uk/water-hardness/s4,/water-hardness/s4,S4,Water Hardness in Outcode S4,110,Supplier: Yorkshire Water • Sectors: 2
Outcode Regional Hubs,https://waterhardness.uk/water-hardness/s40,/water-hardness/s40,S40,Water Hardness in Outcode S40,160,Supplier: Severn Trent Water • Sectors: 5
Outcode Regional Hubs,https://waterhardness.uk/water-hardness/s41,/water-hardness/s41,S41,Water Hardness in Outcode S41,160,Supplier: Severn Trent Water • Sectors: 4
Outcode Regional Hubs,https://waterhardness.uk/water-hardness/s42,/water-hardness/s42,S42,Water Hardness in Outcode S42,160,Supplier: Severn Trent Water • Sectors: 3
Outcode Regional Hubs,https://waterhardness.uk/water-hardness/s43,/water-hardness/s43,S43,Water Hardness in Outcode S43,160,Supplier: Severn Trent Water • Sectors: 5
Outcode Regional Hubs,https://waterhardness.uk/water-hardness/s44,/water-hardness/s44,S44,Water Hardness in Outcode S44,160,Supplier: Severn Trent Water • Sectors: 3
Outcode Regional Hubs,https://waterhardness.uk/water-hardness/s45,/water-hardness/s45,S45,Water Hardness in Outcode S45,160,Supplier: Severn Trent Water • Sectors: 3
Outcode Regional Hubs,https://waterhardness.uk/water-hardness/s49,/water-hardness/s49,S49,Water Hardness in Outcode S49,160,Supplier: Severn Trent Water • Sectors: 1
Outcode Regional Hubs,https://waterhardness.uk/water-hardness/s5,/water-hardness/s5,S5,Water Hardness in Outcode S5,110,Supplier: Yorkshire Water • Sectors: 6
Outcode Regional Hubs,https://waterhardness.uk/water-hardness/s6,/water-hardness/s6,S6,Water Hardness in Outcode S6,110,Supplier: Yorkshire Water • Sectors: 7
Outcode Regional Hubs,https://waterhardness.uk/water-hardness/s60,/water-hardness/s60,S60,Water Hardness in Outcode S60,110,Supplier: Yorkshire Water • Sectors: 7
Outcode Regional Hubs,https://waterhardness.uk/water-hardness/s61,/water-hardness/s61,S61,Water Hardness in Outcode S61,110,Supplier: Yorkshire Water • Sectors: 4
Outcode Regional Hubs,https://waterhardness.uk/water-hardness/s62,/water-hardness/s62,S62,Water Hardness in Outcode S62,110,Supplier: Yorkshire Water • Sectors: 3
Outcode Regional Hubs,https://waterhardness.uk/water-hardness/s63,/water-hardness/s63,S63,Water Hardness in Outcode S63,110,Supplier: Yorkshire Water • Sectors: 7
Outcode Regional Hubs,https://waterhardness.uk/water-hardness/s64,/water-hardness/s64,S64,Water Hardness in Outcode S64,110,Supplier: Yorkshire Water • Sectors: 4
Outcode Regional Hubs,https://waterhardness.uk/water-hardness/s65,/water-hardness/s65,S65,Water Hardness in Outcode S65,110,Supplier: Yorkshire Water • Sectors: 4
Outcode Regional Hubs,https://waterhardness.uk/water-hardness/s66,/water-hardness/s66,S66,Water Hardness in Outcode S66,110,Supplier: Yorkshire Water • Sectors: 7
Outcode Regional Hubs,https://waterhardness.uk/water-hardness/s7,/water-hardness/s7,S7,Water Hardness in Outcode S7,110,Supplier: Yorkshire Water • Sectors: 2
Outcode Regional Hubs,https://waterhardness.uk/water-hardness/s70,/water-hardness/s70,S70,Water Hardness in Outcode S70,110,Supplier: Yorkshire Water • Sectors: 7
Outcode Regional Hubs,https://waterhardness.uk/water-hardness/s71,/water-hardness/s71,S71,Water Hardness in Outcode S71,110,Supplier: Yorkshire Water • Sectors: 5
Outcode Regional Hubs,https://waterhardness.uk/water-hardness/s72,/water-hardness/s72,S72,Water Hardness in Outcode S72,110,Supplier: Yorkshire Water • Sectors: 4
Outcode Regional Hubs,https://waterhardness.uk/water-hardness/s73,/water-hardness/s73,S73,Water Hardness in Outcode S73,110,Supplier: Yorkshire Water • Sectors: 4
Outcode Regional Hubs,https://waterhardness.uk/water-hardness/s74,/water-hardness/s74,S74,Water Hardness in Outcode S74,110,Supplier: Yorkshire Water • Sectors: 3
Outcode Regional Hubs,https://waterhardness.uk/water-hardness/s75,/water-hardness/s75,S75,Water Hardness in Outcode S75,110,Supplier: Yorkshire Water • Sectors: 6
Outcode Regional Hubs,https://waterhardness.uk/water-hardness/s8,/water-hardness/s8,S8,Water Hardness in Outcode S8,110,Supplier: Yorkshire Water • Sectors: 5
Outcode Regional Hubs,https://waterhardness.uk/water-hardness/s80,/water-hardness/s80,S80,Water Hardness in Outcode S80,160,Supplier: Severn Trent Water • Sectors: 5
Outcode Regional Hubs,https://waterhardness.uk/water-hardness/s81,/water-hardness/s81,S81,Water Hardness in Outcode S81,160,Supplier: Severn Trent Water • Sectors: 4
Outcode Regional Hubs,https://waterhardness.uk/water-hardness/s9,/water-hardness/s9,S9,Water Hardness in Outcode S9,110,Supplier: Yorkshire Water • Sectors: 6
Outcode Regional Hubs,https://waterhardness.uk/water-hardness/s94,/water-hardness/s94,S94,Water Hardness in Outcode S94,130,Supplier: Northumbrian Water • Sectors: 1
Outcode Regional Hubs,https://waterhardness.uk/water-hardness/s95,/water-hardness/s95,S95,Water Hardness in Outcode S95,110,Supplier: Yorkshire Water • Sectors: 1
Outcode Regional Hubs,https://waterhardness.uk/water-hardness/s96,/water-hardness/s96,S96,Water Hardness in Outcode S96,110,Supplier: Yorkshire Water • Sectors: 1
Outcode Regional Hubs,https://waterhardness.uk/water-hardness/s97,/water-hardness/s97,S97,Water Hardness in Outcode S97,110,Supplier: Yorkshire Water • Sectors: 1
Outcode Regional Hubs,https://waterhardness.uk/water-hardness/s98,/water-hardness/s98,S98,Water Hardness in Outcode S98,110,Supplier: Yorkshire Water • Sectors: 2
Outcode Regional Hubs,https://waterhardness.uk/water-hardness/s99,/water-hardness/s99,S99,Water Hardness in Outcode S99,110,Supplier: Yorkshire Water • Sectors: 3
Outcode Regional Hubs,https://waterhardness.uk/water-hardness/sa1,/water-hardness/sa1,SA1,Water Hardness in Outcode SA1,45,Supplier: Dŵr Cymru Welsh Water • Sectors: 9
Outcode Regional Hubs,https://waterhardness.uk/water-hardness/sa10,/water-hardness/sa10,SA10,Water Hardness in Outcode SA10,45,Supplier: Dŵr Cymru Welsh Water • Sectors: 4
Outcode Regional Hubs,https://waterhardness.uk/water-hardness/sa11,/water-hardness/sa11,SA11,Water Hardness in Outcode SA11,45,Supplier: Dŵr Cymru Welsh Water • Sectors: 6
Outcode Regional Hubs,https://waterhardness.uk/water-hardness/sa12,/water-hardness/sa12,SA12,Water Hardness in Outcode SA12,45,Supplier: Dŵr Cymru Welsh Water • Sectors: 4
Outcode Regional Hubs,https://waterhardness.uk/water-hardness/sa13,/water-hardness/sa13,SA13,Water Hardness in Outcode SA13,45,Supplier: Dŵr Cymru Welsh Water • Sectors: 4
Outcode Regional Hubs,https://waterhardness.uk/water-hardness/sa14,/water-hardness/sa14,SA14,Water Hardness in Outcode SA14,40,Supplier: South West Water • Sectors: 2
Outcode Regional Hubs,https://waterhardness.uk/water-hardness/sa14,/water-hardness/sa14,SA14,Water Hardness in Outcode SA14,45,Supplier: Dŵr Cymru Welsh Water • Sectors: 2
Outcode Regional Hubs,https://waterhardness.uk/water-hardness/sa15,/water-hardness/sa15,SA15,Water Hardness in Outcode SA15,40,Supplier: South West Water • Sectors: 6
Outcode Regional Hubs,https://waterhardness.uk/water-hardness/sa16,/water-hardness/sa16,SA16,Water Hardness in Outcode SA16,40,Supplier: South West Water • Sectors: 1
Outcode Regional Hubs,https://waterhardness.uk/water-hardness/sa17,/water-hardness/sa17,SA17,Water Hardness in Outcode SA17,40,Supplier: South West Water • Sectors: 2
Outcode Regional Hubs,https://waterhardness.uk/water-hardness/sa18,/water-hardness/sa18,SA18,Water Hardness in Outcode SA18,45,Supplier: Dŵr Cymru Welsh Water • Sectors: 4
Outcode Regional Hubs,https://waterhardness.uk/water-hardness/sa19,/water-hardness/sa19,SA19,Water Hardness in Outcode SA19,45,Supplier: Dŵr Cymru Welsh Water • Sectors: 4
Outcode Regional Hubs,https://waterhardness.uk/water-hardness/sa19,/water-hardness/sa19,SA19,Water Hardness in Outcode SA19,140,Supplier: Hafren Dyfrdwy • Sectors: 1
Outcode Regional Hubs,https://waterhardness.uk/water-hardness/sa2,/water-hardness/sa2,SA2,Water Hardness in Outcode SA2,40,Supplier: South West Water • Sectors: 4
Outcode Regional Hubs,https://waterhardness.uk/water-hardness/sa20,/water-hardness/sa20,SA20,Water Hardness in Outcode SA20,45,Supplier: Dŵr Cymru Welsh Water • Sectors: 1
Outcode Regional Hubs,https://waterhardness.uk/water-hardness/sa3,/water-hardness/sa3,SA3,Water Hardness in Outcode SA3,45,Supplier: Dŵr Cymru Welsh Water • Sectors: 1
Outcode Regional Hubs,https://waterhardness.uk/water-hardness/sa3,/water-hardness/sa3,SA3,Water Hardness in Outcode SA3,40,Supplier: South West Water • Sectors: 5
Outcode Regional Hubs,https://waterhardness.uk/water-hardness/sa31,/water-hardness/sa31,SA31,Water Hardness in Outcode SA31,40,Supplier: South West Water • Sectors: 4
Outcode Regional Hubs,https://waterhardness.uk/water-hardness/sa32,/water-hardness/sa32,SA32,Water Hardness in Outcode SA32,45,Supplier: Dŵr Cymru Welsh Water • Sectors: 2
Outcode Regional Hubs,https://waterhardness.uk/water-hardness/sa33,/water-hardness/sa33,SA33,Water Hardness in Outcode SA33,40,Supplier: South West Water • Sectors: 3
Outcode Regional Hubs,https://waterhardness.uk/water-hardness/sa34,/water-hardness/sa34,SA34,Water Hardness in Outcode SA34,40,Supplier: South West Water • Sectors: 1
Outcode Regional Hubs,https://waterhardness.uk/water-hardness/sa35,/water-hardness/sa35,SA35,Water Hardness in Outcode SA35,40,Supplier: South West Water • Sectors: 1
Outcode Regional Hubs,https://waterhardness.uk/water-hardness/sa36,/water-hardness/sa36,SA36,Water Hardness in Outcode SA36,40,Supplier: South West Water • Sectors: 1
Outcode Regional Hubs,https://waterhardness.uk/water-hardness/sa37,/water-hardness/sa37,SA37,Water Hardness in Outcode SA37,140,Supplier: Hafren Dyfrdwy • Sectors: 1
Outcode Regional Hubs,https://waterhardness.uk/water-hardness/sa38,/water-hardness/sa38,SA38,Water Hardness in Outcode SA38,140,Supplier: Hafren Dyfrdwy • Sectors: 1
Outcode Regional Hubs,https://waterhardness.uk/water-hardness/sa39,/water-hardness/sa39,SA39,Water Hardness in Outcode SA39,140,Supplier: Hafren Dyfrdwy • Sectors: 1
Outcode Regional Hubs,https://waterhardness.uk/water-hardness/sa4,/water-hardness/sa4,SA4,Water Hardness in Outcode SA4,40,Supplier: South West Water • Sectors: 3
Outcode Regional Hubs,https://waterhardness.uk/water-hardness/sa4,/water-hardness/sa4,SA4,Water Hardness in Outcode SA4,45,Supplier: Dŵr Cymru Welsh Water • Sectors: 4
Outcode Regional Hubs,https://waterhardness.uk/water-hardness/sa40,/water-hardness/sa40,SA40,Water Hardness in Outcode SA40,140,Supplier: Hafren Dyfrdwy • Sectors: 1
Outcode Regional Hubs,https://waterhardness.uk/water-hardness/sa41,/water-hardness/sa41,SA41,Water Hardness in Outcode SA41,40,Supplier: South West Water • Sectors: 1
Outcode Regional Hubs,https://waterhardness.uk/water-hardness/sa42,/water-hardness/sa42,SA42,Water Hardness in Outcode SA42,40,Supplier: South West Water • Sectors: 1
Outcode Regional Hubs,https://waterhardness.uk/water-hardness/sa43,/water-hardness/sa43,SA43,Water Hardness in Outcode SA43,140,Supplier: Hafren Dyfrdwy • Sectors: 4
Outcode Regional Hubs,https://waterhardness.uk/water-hardness/sa44,/water-hardness/sa44,SA44,Water Hardness in Outcode SA44,140,Supplier: Hafren Dyfrdwy • Sectors: 4
Outcode Regional Hubs,https://waterhardness.uk/water-hardness/sa45,/water-hardness/sa45,SA45,Water Hardness in Outcode SA45,140,Supplier: Hafren Dyfrdwy • Sectors: 1
Outcode Regional Hubs,https://waterhardness.uk/water-hardness/sa46,/water-hardness/sa46,SA46,Water Hardness in Outcode SA46,140,Supplier: Hafren Dyfrdwy • Sectors: 1
Outcode Regional Hubs,https://waterhardness.uk/water-hardness/sa47,/water-hardness/sa47,SA47,Water Hardness in Outcode SA47,140,Supplier: Hafren Dyfrdwy • Sectors: 1
Outcode Regional Hubs,https://waterhardness.uk/water-hardness/sa48,/water-hardness/sa48,SA48,Water Hardness in Outcode SA48,140,Supplier: Hafren Dyfrdwy • Sectors: 3
Outcode Regional Hubs,https://waterhardness.uk/water-hardness/sa5,/water-hardness/sa5,SA5,Water Hardness in Outcode SA5,45,Supplier: Dŵr Cymru Welsh Water • Sectors: 5
Outcode Regional Hubs,https://waterhardness.uk/water-hardness/sa6,/water-hardness/sa6,SA6,Water Hardness in Outcode SA6,45,Supplier: Dŵr Cymru Welsh Water • Sectors: 4
Outcode Regional Hubs,https://waterhardness.uk/water-hardness/sa61,/water-hardness/sa61,SA61,Water Hardness in Outcode SA61,40,Supplier: South West Water • Sectors: 3
Outcode Regional Hubs,https://waterhardness.uk/water-hardness/sa62,/water-hardness/sa62,SA62,Water Hardness in Outcode SA62,40,Supplier: South West Water • Sectors: 4
Outcode Regional Hubs,https://waterhardness.uk/water-hardness/sa63,/water-hardness/sa63,SA63,Water Hardness in Outcode SA63,40,Supplier: South West Water • Sectors: 1
Outcode Regional Hubs,https://waterhardness.uk/water-hardness/sa64,/water-hardness/sa64,SA64,Water Hardness in Outcode SA64,40,Supplier: South West Water • Sectors: 1
Outcode Regional Hubs,https://waterhardness.uk/water-hardness/sa65,/water-hardness/sa65,SA65,Water Hardness in Outcode SA65,40,Supplier: South West Water • Sectors: 2
Outcode Regional Hubs,https://waterhardness.uk/water-hardness/sa66,/water-hardness/sa66,SA66,Water Hardness in Outcode SA66,40,Supplier: South West Water • Sectors: 1
Outcode Regional Hubs,https://waterhardness.uk/water-hardness/sa67,/water-hardness/sa67,SA67,Water Hardness in Outcode SA67,40,Supplier: South West Water • Sectors: 3
Outcode Regional Hubs,https://waterhardness.uk/water-hardness/sa68,/water-hardness/sa68,SA68,Water Hardness in Outcode SA68,40,Supplier: South West Water • Sectors: 1
Outcode Regional Hubs,https://waterhardness.uk/water-hardness/sa69,/water-hardness/sa69,SA69,Water Hardness in Outcode SA69,40,Supplier: South West Water • Sectors: 1
Outcode Regional Hubs,https://waterhardness.uk/water-hardness/sa7,/water-hardness/sa7,SA7,Water Hardness in Outcode SA7,45,Supplier: Dŵr Cymru Welsh Water • Sectors: 2
Outcode Regional Hubs,https://waterhardness.uk/water-hardness/sa70,/water-hardness/sa70,SA70,Water Hardness in Outcode SA70,40,Supplier: South West Water • Sectors: 3
Outcode Regional Hubs,https://waterhardness.uk/water-hardness/sa71,/water-hardness/sa71,SA71,Water Hardness in Outcode SA71,40,Supplier: South West Water • Sectors: 2
Outcode Regional Hubs,https://waterhardness.uk/water-hardness/sa72,/water-hardness/sa72,SA72,Water Hardness in Outcode SA72,40,Supplier: South West Water • Sectors: 3
Outcode Regional Hubs,https://waterhardness.uk/water-hardness/sa73,/water-hardness/sa73,SA73,Water Hardness in Outcode SA73,40,Supplier: South West Water • Sectors: 4
Outcode Regional Hubs,https://waterhardness.uk/water-hardness/sa8,/water-hardness/sa8,SA8,Water Hardness in Outcode SA8,45,Supplier: Dŵr Cymru Welsh Water • Sectors: 3
Outcode Regional Hubs,https://waterhardness.uk/water-hardness/sa80,/water-hardness/sa80,SA80,Water Hardness in Outcode SA80,45,Supplier: Dŵr Cymru Welsh Water • Sectors: 1
Outcode Regional Hubs,https://waterhardness.uk/water-hardness/sa9,/water-hardness/sa9,SA9,Water Hardness in Outcode SA9,45,Supplier: Dŵr Cymru Welsh Water • Sectors: 3
Outcode Regional Hubs,https://waterhardness.uk/water-hardness/sa99,/water-hardness/sa99,SA99,Water Hardness in Outcode SA99,45,Supplier: Dŵr Cymru Welsh Water • Sectors: 1
Outcode Regional Hubs,https://waterhardness.uk/water-hardness/se1,/water-hardness/se1,SE1,Water Hardness in Outcode SE1,275,Supplier: Thames Water • Sectors: 10
Outcode Regional Hubs,https://waterhardness.uk/water-hardness/se10,/water-hardness/se10,SE10,Water Hardness in Outcode SE10,275,Supplier: Thames Water • Sectors: 4
Outcode Regional Hubs,https://waterhardness.uk/water-hardness/se11,/water-hardness/se11,SE11,Water Hardness in Outcode SE11,275,Supplier: Thames Water • Sectors: 4
Outcode Regional Hubs,https://waterhardness.uk/water-hardness/se12,/water-hardness/se12,SE12,Water Hardness in Outcode SE12,275,Supplier: Thames Water • Sectors: 4
Outcode Regional Hubs,https://waterhardness.uk/water-hardness/se13,/water-hardness/se13,SE13,Water Hardness in Outcode SE13,275,Supplier: Thames Water • Sectors: 4
Outcode Regional Hubs,https://waterhardness.uk/water-hardness/se14,/water-hardness/se14,SE14,Water Hardness in Outcode SE14,275,Supplier: Thames Water • Sectors: 3
Outcode Regional Hubs,https://waterhardness.uk/water-hardness/se15,/water-hardness/se15,SE15,Water Hardness in Outcode SE15,275,Supplier: Thames Water • Sectors: 7
Outcode Regional Hubs,https://waterhardness.uk/water-hardness/se16,/water-hardness/se16,SE16,Water Hardness in Outcode SE16,275,Supplier: Thames Water • Sectors: 7
Outcode Regional Hubs,https://waterhardness.uk/water-hardness/se17,/water-hardness/se17,SE17,Water Hardness in Outcode SE17,275,Supplier: Thames Water • Sectors: 4
Outcode Regional Hubs,https://waterhardness.uk/water-hardness/se18,/water-hardness/se18,SE18,Water Hardness in Outcode SE18,275,Supplier: Thames Water • Sectors: 8
Outcode Regional Hubs,https://waterhardness.uk/water-hardness/se19,/water-hardness/se19,SE19,Water Hardness in Outcode SE19,275,Supplier: Thames Water • Sectors: 4
Outcode Regional Hubs,https://waterhardness.uk/water-hardness/se1p,/water-hardness/se1p,SE1P,Water Hardness in Outcode SE1P,275,Supplier: Thames Water • Sectors: 3
Outcode Regional Hubs,https://waterhardness.uk/water-hardness/se2,/water-hardness/se2,SE2,Water Hardness in Outcode SE2,275,Supplier: Thames Water • Sectors: 3
Outcode Regional Hubs,https://waterhardness.uk/water-hardness/se20,/water-hardness/se20,SE20,Water Hardness in Outcode SE20,275,Supplier: Thames Water • Sectors: 3
Outcode Regional Hubs,https://waterhardness.uk/water-hardness/se21,/water-hardness/se21,SE21,Water Hardness in Outcode SE21,275,Supplier: Thames Water • Sectors: 3
Outcode Regional Hubs,https://waterhardness.uk/water-hardness/se22,/water-hardness/se22,SE22,Water Hardness in Outcode SE22,275,Supplier: Thames Water • Sectors: 4
Outcode Regional Hubs,https://waterhardness.uk/water-hardness/se23,/water-hardness/se23,SE23,Water Hardness in Outcode SE23,275,Supplier: Thames Water • Sectors: 4
Outcode Regional Hubs,https://waterhardness.uk/water-hardness/se24,/water-hardness/se24,SE24,Water Hardness in Outcode SE24,275,Supplier: Thames Water • Sectors: 3
Outcode Regional Hubs,https://waterhardness.uk/water-hardness/se25,/water-hardness/se25,SE25,Water Hardness in Outcode SE25,275,Supplier: Thames Water • Sectors: 4
Outcode Regional Hubs,https://waterhardness.uk/water-hardness/se26,/water-hardness/se26,SE26,Water Hardness in Outcode SE26,275,Supplier: Thames Water • Sectors: 4
Outcode Regional Hubs,https://waterhardness.uk/water-hardness/se27,/water-hardness/se27,SE27,Water Hardness in Outcode SE27,275,Supplier: Thames Water • Sectors: 3
Outcode Regional Hubs,https://waterhardness.uk/water-hardness/se28,/water-hardness/se28,SE28,Water Hardness in Outcode SE28,275,Supplier: Thames Water • Sectors: 3
Outcode Regional Hubs,https://waterhardness.uk/water-hardness/se3,/water-hardness/se3,SE3,Water Hardness in Outcode SE3,275,Supplier: Thames Water • Sectors: 5
Outcode Regional Hubs,https://waterhardness.uk/water-hardness/se4,/water-hardness/se4,SE4,Water Hardness in Outcode SE4,275,Supplier: Thames Water • Sectors: 3
Outcode Regional Hubs,https://waterhardness.uk/water-hardness/se5,/water-hardness/se5,SE5,Water Hardness in Outcode SE5,275,Supplier: Thames Water • Sectors: 5
Outcode Regional Hubs,https://waterhardness.uk/water-hardness/se6,/water-hardness/se6,SE6,Water Hardness in Outcode SE6,275,Supplier: Thames Water • Sectors: 5
Outcode Regional Hubs,https://waterhardness.uk/water-hardness/se7,/water-hardness/se7,SE7,Water Hardness in Outcode SE7,275,Supplier: Thames Water • Sectors: 3
Outcode Regional Hubs,https://waterhardness.uk/water-hardness/se8,/water-hardness/se8,SE8,Water Hardness in Outcode SE8,275,Supplier: Thames Water • Sectors: 4
Outcode Regional Hubs,https://waterhardness.uk/water-hardness/se9,/water-hardness/se9,SE9,Water Hardness in Outcode SE9,275,Supplier: Thames Water • Sectors: 7
Outcode Regional Hubs,https://waterhardness.uk/water-hardness/sg1,/water-hardness/sg1,SG1,Water Hardness in Outcode SG1,290,Supplier: Affinity Water • Sectors: 7
Outcode Regional Hubs,https://waterhardness.uk/water-hardness/sg10,/water-hardness/sg10,SG10,Water Hardness in Outcode SG10,290,Supplier: Affinity Water • Sectors: 1
Outcode Regional Hubs,https://waterhardness.uk/water-hardness/sg11,/water-hardness/sg11,SG11,Water Hardness in Outcode SG11,290,Supplier: Affinity Water • Sectors: 2
Outcode Regional Hubs,https://waterhardness.uk/water-hardness/sg12,/water-hardness/sg12,SG12,Water Hardness in Outcode SG12,290,Supplier: Affinity Water • Sectors: 5
Outcode Regional Hubs,https://waterhardness.uk/water-hardness/sg13,/water-hardness/sg13,SG13,Water Hardness in Outcode SG13,290,Supplier: Affinity Water • Sectors: 3
Outcode Regional Hubs,https://waterhardness.uk/water-hardness/sg14,/water-hardness/sg14,SG14,Water Hardness in Outcode SG14,290,Supplier: Affinity Water • Sectors: 3
Outcode Regional Hubs,https://waterhardness.uk/water-hardness/sg15,/water-hardness/sg15,SG15,Water Hardness in Outcode SG15,310,Supplier: Anglian Water • Sectors: 1
Outcode Regional Hubs,https://waterhardness.uk/water-hardness/sg16,/water-hardness/sg16,SG16,Water Hardness in Outcode SG16,310,Supplier: Anglian Water • Sectors: 1
Outcode Regional Hubs,https://waterhardness.uk/water-hardness/sg17,/water-hardness/sg17,SG17,Water Hardness in Outcode SG17,310,Supplier: Anglian Water • Sectors: 2
Outcode Regional Hubs,https://waterhardness.uk/water-hardness/sg18,/water-hardness/sg18,SG18,Water Hardness in Outcode SG18,310,Supplier: Anglian Water • Sectors: 4
Outcode Regional Hubs,https://waterhardness.uk/water-hardness/sg19,/water-hardness/sg19,SG19,Water Hardness in Outcode SG19,315,Supplier: Cambridge Water • Sectors: 1
Outcode Regional Hubs,https://waterhardness.uk/water-hardness/sg19,/water-hardness/sg19,SG19,Water Hardness in Outcode SG19,310,Supplier: Anglian Water • Sectors: 3
Outcode Regional Hubs,https://waterhardness.uk/water-hardness/sg2,/water-hardness/sg2,SG2,Water Hardness in Outcode SG2,290,Supplier: Affinity Water • Sectors: 4
Outcode Regional Hubs,https://waterhardness.uk/water-hardness/sg3,/water-hardness/sg3,SG3,Water Hardness in Outcode SG3,290,Supplier: Affinity Water • Sectors: 1
Outcode Regional Hubs,https://waterhardness.uk/water-hardness/sg4,/water-hardness/sg4,SG4,Water Hardness in Outcode SG4,290,Supplier: Affinity Water • Sectors: 4
Outcode Regional Hubs,https://waterhardness.uk/water-hardness/sg5,/water-hardness/sg5,SG5,Water Hardness in Outcode SG5,310,Supplier: Anglian Water • Sectors: 1
Outcode Regional Hubs,https://waterhardness.uk/water-hardness/sg5,/water-hardness/sg5,SG5,Water Hardness in Outcode SG5,290,Supplier: Affinity Water • Sectors: 4
Outcode Regional Hubs,https://waterhardness.uk/water-hardness/sg6,/water-hardness/sg6,SG6,Water Hardness in Outcode SG6,290,Supplier: Affinity Water • Sectors: 5
Outcode Regional Hubs,https://waterhardness.uk/water-hardness/sg7,/water-hardness/sg7,SG7,Water Hardness in Outcode SG7,290,Supplier: Affinity Water • Sectors: 2
Outcode Regional Hubs,https://waterhardness.uk/water-hardness/sg8,/water-hardness/sg8,SG8,Water Hardness in Outcode SG8,290,Supplier: Affinity Water • Sectors: 3
Outcode Regional Hubs,https://waterhardness.uk/water-hardness/sg8,/water-hardness/sg8,SG8,Water Hardness in Outcode SG8,315,Supplier: Cambridge Water • Sectors: 4
Outcode Regional Hubs,https://waterhardness.uk/water-hardness/sg9,/water-hardness/sg9,SG9,Water Hardness in Outcode SG9,290,Supplier: Affinity Water • Sectors: 2
Outcode Regional Hubs,https://waterhardness.uk/water-hardness/sk1,/water-hardness/sk1,SK1,Water Hardness in Outcode SK1,45,Supplier: United Utilities • Sectors: 5
Outcode Regional Hubs,https://waterhardness.uk/water-hardness/sk10,/water-hardness/sk10,SK10,Water Hardness in Outcode SK10,45,Supplier: United Utilities • Sectors: 6
Outcode Regional Hubs,https://waterhardness.uk/water-hardness/sk11,/water-hardness/sk11,SK11,Water Hardness in Outcode SK11,45,Supplier: United Utilities • Sectors: 5
Outcode Regional Hubs,https://waterhardness.uk/water-hardness/sk12,/water-hardness/sk12,SK12,Water Hardness in Outcode SK12,45,Supplier: United Utilities • Sectors: 2
Outcode Regional Hubs,https://waterhardness.uk/water-hardness/sk13,/water-hardness/sk13,SK13,Water Hardness in Outcode SK13,45,Supplier: United Utilities • Sectors: 8
Outcode Regional Hubs,https://waterhardness.uk/water-hardness/sk14,/water-hardness/sk14,SK14,Water Hardness in Outcode SK14,45,Supplier: United Utilities • Sectors: 8
Outcode Regional Hubs,https://waterhardness.uk/water-hardness/sk15,/water-hardness/sk15,SK15,Water Hardness in Outcode SK15,45,Supplier: United Utilities • Sectors: 3
Outcode Regional Hubs,https://waterhardness.uk/water-hardness/sk16,/water-hardness/sk16,SK16,Water Hardness in Outcode SK16,45,Supplier: United Utilities • Sectors: 2
Outcode Regional Hubs,https://waterhardness.uk/water-hardness/sk17,/water-hardness/sk17,SK17,Water Hardness in Outcode SK17,160,Supplier: Severn Trent Water • Sectors: 6
Outcode Regional Hubs,https://waterhardness.uk/water-hardness/sk2,/water-hardness/sk2,SK2,Water Hardness in Outcode SK2,45,Supplier: United Utilities • Sectors: 3
Outcode Regional Hubs,https://waterhardness.uk/water-hardness/sk2,/water-hardness/sk2,SK2,Water Hardness in Outcode SK2,130,Supplier: Northumbrian Water • Sectors: 1
Outcode Regional Hubs,https://waterhardness.uk/water-hardness/sk22,/water-hardness/sk22,SK22,Water Hardness in Outcode SK22,45,Supplier: United Utilities • Sectors: 3
Outcode Regional Hubs,https://waterhardness.uk/water-hardness/sk22,/water-hardness/sk22,SK22,Water Hardness in Outcode SK22,160,Supplier: Severn Trent Water • Sectors: 2
Outcode Regional Hubs,https://waterhardness.uk/water-hardness/sk23,/water-hardness/sk23,SK23,Water Hardness in Outcode SK23,160,Supplier: Severn Trent Water • Sectors: 3
Outcode Regional Hubs,https://waterhardness.uk/water-hardness/sk23,/water-hardness/sk23,SK23,Water Hardness in Outcode SK23,45,Supplier: United Utilities • Sectors: 1
Outcode Regional Hubs,https://waterhardness.uk/water-hardness/sk3,/water-hardness/sk3,SK3,Water Hardness in Outcode SK3,45,Supplier: United Utilities • Sectors: 4
Outcode Regional Hubs,https://waterhardness.uk/water-hardness/sk4,/water-hardness/sk4,SK4,Water Hardness in Outcode SK4,45,Supplier: United Utilities • Sectors: 6
Outcode Regional Hubs,https://waterhardness.uk/water-hardness/sk5,/water-hardness/sk5,SK5,Water Hardness in Outcode SK5,45,Supplier: United Utilities • Sectors: 4
Outcode Regional Hubs,https://waterhardness.uk/water-hardness/sk6,/water-hardness/sk6,SK6,Water Hardness in Outcode SK6,45,Supplier: United Utilities • Sectors: 10
Outcode Regional Hubs,https://waterhardness.uk/water-hardness/sk7,/water-hardness/sk7,SK7,Water Hardness in Outcode SK7,45,Supplier: United Utilities • Sectors: 7
Outcode Regional Hubs,https://waterhardness.uk/water-hardness/sk8,/water-hardness/sk8,SK8,Water Hardness in Outcode SK8,45,Supplier: United Utilities • Sectors: 8
Outcode Regional Hubs,https://waterhardness.uk/water-hardness/sk9,/water-hardness/sk9,SK9,Water Hardness in Outcode SK9,45,Supplier: United Utilities • Sectors: 8
Outcode Regional Hubs,https://waterhardness.uk/water-hardness/sl0,/water-hardness/sl0,SL0,Water Hardness in Outcode SL0,275,Supplier: Thames Water • Sectors: 1
Outcode Regional Hubs,https://waterhardness.uk/water-hardness/sl0,/water-hardness/sl0,SL0,Water Hardness in Outcode SL0,290,Supplier: Affinity Water • Sectors: 2
Outcode Regional Hubs,https://waterhardness.uk/water-hardness/sl1,/water-hardness/sl1,SL1,Water Hardness in Outcode SL1,275,Supplier: Thames Water • Sectors: 10
Outcode Regional Hubs,https://waterhardness.uk/water-hardness/sl2,/water-hardness/sl2,SL2,Water Hardness in Outcode SL2,275,Supplier: Thames Water • Sectors: 5
Outcode Regional Hubs,https://waterhardness.uk/water-hardness/sl3,/water-hardness/sl3,SL3,Water Hardness in Outcode SL3,275,Supplier: Thames Water • Sectors: 6
Outcode Regional Hubs,https://waterhardness.uk/water-hardness/sl4,/water-hardness/sl4,SL4,Water Hardness in Outcode SL4,270,Supplier: South East Water • Sectors: 1
Outcode Regional Hubs,https://waterhardness.uk/water-hardness/sl4,/water-hardness/sl4,SL4,Water Hardness in Outcode SL4,290,Supplier: Affinity Water • Sectors: 1
Outcode Regional Hubs,https://waterhardness.uk/water-hardness/sl4,/water-hardness/sl4,SL4,Water Hardness in Outcode SL4,275,Supplier: Thames Water • Sectors: 5
Outcode Regional Hubs,https://waterhardness.uk/water-hardness/sl5,/water-hardness/sl5,SL5,Water Hardness in Outcode SL5,290,Supplier: Affinity Water • Sectors: 5
Outcode Regional Hubs,https://waterhardness.uk/water-hardness/sl6,/water-hardness/sl6,SL6,Water Hardness in Outcode SL6,270,Supplier: South East Water • Sectors: 9
Outcode Regional Hubs,https://waterhardness.uk/water-hardness/sl6,/water-hardness/sl6,SL6,Water Hardness in Outcode SL6,275,Supplier: Thames Water • Sectors: 1
Outcode Regional Hubs,https://waterhardness.uk/water-hardness/sl60,/water-hardness/sl60,SL60,Water Hardness in Outcode SL60,270,Supplier: South East Water • Sectors: 1
Outcode Regional Hubs,https://waterhardness.uk/water-hardness/sl7,/water-hardness/sl7,SL7,Water Hardness in Outcode SL7,275,Supplier: Thames Water • Sectors: 4
Outcode Regional Hubs,https://waterhardness.uk/water-hardness/sl8,/water-hardness/sl8,SL8,Water Hardness in Outcode SL8,275,Supplier: Thames Water • Sectors: 1
Outcode Regional Hubs,https://waterhardness.uk/water-hardness/sl9,/water-hardness/sl9,SL9,Water Hardness in Outcode SL9,290,Supplier: Affinity Water • Sectors: 5
Outcode Regional Hubs,https://waterhardness.uk/water-hardness/sl95,/water-hardness/sl95,SL95,Water Hardness in Outcode SL95,275,Supplier: Thames Water • Sectors: 1
Outcode Regional Hubs,https://waterhardness.uk/water-hardness/sm1,/water-hardness/sm1,SM1,Water Hardness in Outcode SM1,260,Supplier: SES Water • Sectors: 5
Outcode Regional Hubs,https://waterhardness.uk/water-hardness/sm2,/water-hardness/sm2,SM2,Water Hardness in Outcode SM2,260,Supplier: SES Water • Sectors: 3
Outcode Regional Hubs,https://waterhardness.uk/water-hardness/sm3,/water-hardness/sm3,SM3,Water Hardness in Outcode SM3,260,Supplier: SES Water • Sectors: 2
Outcode Regional Hubs,https://waterhardness.uk/water-hardness/sm4,/water-hardness/sm4,SM4,Water Hardness in Outcode SM4,260,Supplier: SES Water • Sectors: 4
Outcode Regional Hubs,https://waterhardness.uk/water-hardness/sm5,/water-hardness/sm5,SM5,Water Hardness in Outcode SM5,260,Supplier: SES Water • Sectors: 5
Outcode Regional Hubs,https://waterhardness.uk/water-hardness/sm6,/water-hardness/sm6,SM6,Water Hardness in Outcode SM6,260,Supplier: SES Water • Sectors: 5
Outcode Regional Hubs,https://waterhardness.uk/water-hardness/sm7,/water-hardness/sm7,SM7,Water Hardness in Outcode SM7,260,Supplier: SES Water • Sectors: 4
Outcode Regional Hubs,https://waterhardness.uk/water-hardness/sn1,/water-hardness/sn1,SN1,Water Hardness in Outcode SN1,275,Supplier: Thames Water • Sectors: 6
Outcode Regional Hubs,https://waterhardness.uk/water-hardness/sn10,/water-hardness/sn10,SN10,Water Hardness in Outcode SN10,290,Supplier: Wessex Water • Sectors: 6
Outcode Regional Hubs,https://waterhardness.uk/water-hardness/sn11,/water-hardness/sn11,SN11,Water Hardness in Outcode SN11,290,Supplier: Wessex Water • Sectors: 4
Outcode Regional Hubs,https://waterhardness.uk/water-hardness/sn12,/water-hardness/sn12,SN12,Water Hardness in Outcode SN12,290,Supplier: Wessex Water • Sectors: 4
Outcode Regional Hubs,https://waterhardness.uk/water-hardness/sn13,/water-hardness/sn13,SN13,Water Hardness in Outcode SN13,290,Supplier: Wessex Water • Sectors: 3
Outcode Regional Hubs,https://waterhardness.uk/water-hardness/sn14,/water-hardness/sn14,SN14,Water Hardness in Outcode SN14,265,Supplier: Bristol Water • Sectors: 1
Outcode Regional Hubs,https://waterhardness.uk/water-hardness/sn14,/water-hardness/sn14,SN14,Water Hardness in Outcode SN14,290,Supplier: Wessex Water • Sectors: 3
Outcode Regional Hubs,https://waterhardness.uk/water-hardness/sn15,/water-hardness/sn15,SN15,Water Hardness in Outcode SN15,275,Supplier: Thames Water • Sectors: 1
Outcode Regional Hubs,https://waterhardness.uk/water-hardness/sn15,/water-hardness/sn15,SN15,Water Hardness in Outcode SN15,290,Supplier: Wessex Water • Sectors: 5
Outcode Regional Hubs,https://waterhardness.uk/water-hardness/sn16,/water-hardness/sn16,SN16,Water Hardness in Outcode SN16,290,Supplier: Wessex Water • Sectors: 2
Outcode Regional Hubs,https://waterhardness.uk/water-hardness/sn16,/water-hardness/sn16,SN16,Water Hardness in Outcode SN16,275,Supplier: Thames Water • Sectors: 1
Outcode Regional Hubs,https://waterhardness.uk/water-hardness/sn2,/water-hardness/sn2,SN2,Water Hardness in Outcode SN2,275,Supplier: Thames Water • Sectors: 6
Outcode Regional Hubs,https://waterhardness.uk/water-hardness/sn25,/water-hardness/sn25,SN25,Water Hardness in Outcode SN25,275,Supplier: Thames Water • Sectors: 6
Outcode Regional Hubs,https://waterhardness.uk/water-hardness/sn26,/water-hardness/sn26,SN26,Water Hardness in Outcode SN26,275,Supplier: Thames Water • Sectors: 2
Outcode Regional Hubs,https://waterhardness.uk/water-hardness/sn3,/water-hardness/sn3,SN3,Water Hardness in Outcode SN3,275,Supplier: Thames Water • Sectors: 8
Outcode Regional Hubs,https://waterhardness.uk/water-hardness/sn38,/water-hardness/sn38,SN38,Water Hardness in Outcode SN38,275,Supplier: Thames Water • Sectors: 10
Outcode Regional Hubs,https://waterhardness.uk/water-hardness/sn4,/water-hardness/sn4,SN4,Water Hardness in Outcode SN4,275,Supplier: Thames Water • Sectors: 5
Outcode Regional Hubs,https://waterhardness.uk/water-hardness/sn5,/water-hardness/sn5,SN5,Water Hardness in Outcode SN5,275,Supplier: Thames Water • Sectors: 8
Outcode Regional Hubs,https://waterhardness.uk/water-hardness/sn6,/water-hardness/sn6,SN6,Water Hardness in Outcode SN6,275,Supplier: Thames Water • Sectors: 3
Outcode Regional Hubs,https://waterhardness.uk/water-hardness/sn7,/water-hardness/sn7,SN7,Water Hardness in Outcode SN7,275,Supplier: Thames Water • Sectors: 3
Outcode Regional Hubs,https://waterhardness.uk/water-hardness/sn8,/water-hardness/sn8,SN8,Water Hardness in Outcode SN8,275,Supplier: Thames Water • Sectors: 5
Outcode Regional Hubs,https://waterhardness.uk/water-hardness/sn80,/water-hardness/sn80,SN80,Water Hardness in Outcode SN80,130,Supplier: Northumbrian Water • Sectors: 1
Outcode Regional Hubs,https://waterhardness.uk/water-hardness/sn9,/water-hardness/sn9,SN9,Water Hardness in Outcode SN9,290,Supplier: Wessex Water • Sectors: 2
Outcode Regional Hubs,https://waterhardness.uk/water-hardness/sn99,/water-hardness/sn99,SN99,Water Hardness in Outcode SN99,275,Supplier: Thames Water • Sectors: 1
Outcode Regional Hubs,https://waterhardness.uk/water-hardness/so14,/water-hardness/so14,SO14,Water Hardness in Outcode SO14,280,Supplier: Southern Water • Sectors: 7
Outcode Regional Hubs,https://waterhardness.uk/water-hardness/so15,/water-hardness/so15,SO15,Water Hardness in Outcode SO15,280,Supplier: Southern Water • Sectors: 9
Outcode Regional Hubs,https://waterhardness.uk/water-hardness/so16,/water-hardness/so16,SO16,Water Hardness in Outcode SO16,280,Supplier: Southern Water • Sectors: 9
Outcode Regional Hubs,https://waterhardness.uk/water-hardness/so17,/water-hardness/so17,SO17,Water Hardness in Outcode SO17,280,Supplier: Southern Water • Sectors: 3
Outcode Regional Hubs,https://waterhardness.uk/water-hardness/so18,/water-hardness/so18,SO18,Water Hardness in Outcode SO18,280,Supplier: Southern Water • Sectors: 7
Outcode Regional Hubs,https://waterhardness.uk/water-hardness/so19,/water-hardness/so19,SO19,Water Hardness in Outcode SO19,280,Supplier: Southern Water • Sectors: 9
Outcode Regional Hubs,https://waterhardness.uk/water-hardness/so20,/water-hardness/so20,SO20,Water Hardness in Outcode SO20,280,Supplier: Southern Water • Sectors: 2
Outcode Regional Hubs,https://waterhardness.uk/water-hardness/so21,/water-hardness/so21,SO21,Water Hardness in Outcode SO21,280,Supplier: Southern Water • Sectors: 3
Outcode Regional Hubs,https://waterhardness.uk/water-hardness/so22,/water-hardness/so22,SO22,Water Hardness in Outcode SO22,280,Supplier: Southern Water • Sectors: 3
Outcode Regional Hubs,https://waterhardness.uk/water-hardness/so23,/water-hardness/so23,SO23,Water Hardness in Outcode SO23,280,Supplier: Southern Water • Sectors: 6
Outcode Regional Hubs,https://waterhardness.uk/water-hardness/so24,/water-hardness/so24,SO24,Water Hardness in Outcode SO24,280,Supplier: Southern Water • Sectors: 3
Outcode Regional Hubs,https://waterhardness.uk/water-hardness/so25,/water-hardness/so25,SO25,Water Hardness in Outcode SO25,280,Supplier: Southern Water • Sectors: 1
Outcode Regional Hubs,https://waterhardness.uk/water-hardness/so30,/water-hardness/so30,SO30,Water Hardness in Outcode SO30,280,Supplier: Southern Water • Sectors: 5
Outcode Regional Hubs,https://waterhardness.uk/water-hardness/so31,/water-hardness/so31,SO31,Water Hardness in Outcode SO31,280,Supplier: Southern Water • Sectors: 8
Outcode Regional Hubs,https://waterhardness.uk/water-hardness/so32,/water-hardness/so32,SO32,Water Hardness in Outcode SO32,250,Supplier: Portsmouth Water • Sectors: 2
Outcode Regional Hubs,https://waterhardness.uk/water-hardness/so32,/water-hardness/so32,SO32,Water Hardness in Outcode SO32,280,Supplier: Southern Water • Sectors: 1
Outcode Regional Hubs,https://waterhardness.uk/water-hardness/so40,/water-hardness/so40,SO40,Water Hardness in Outcode SO40,280,Supplier: Southern Water • Sectors: 7
Outcode Regional Hubs,https://waterhardness.uk/water-hardness/so41,/water-hardness/so41,SO41,Water Hardness in Outcode SO41,40,Supplier: South West Water • Sectors: 7
Outcode Regional Hubs,https://waterhardness.uk/water-hardness/so42,/water-hardness/so42,SO42,Water Hardness in Outcode SO42,40,Supplier: South West Water • Sectors: 1
Outcode Regional Hubs,https://waterhardness.uk/water-hardness/so43,/water-hardness/so43,SO43,Water Hardness in Outcode SO43,280,Supplier: Southern Water • Sectors: 1
Outcode Regional Hubs,https://waterhardness.uk/water-hardness/so45,/water-hardness/so45,SO45,Water Hardness in Outcode SO45,280,Supplier: Southern Water • Sectors: 7
Outcode Regional Hubs,https://waterhardness.uk/water-hardness/so50,/water-hardness/so50,SO50,Water Hardness in Outcode SO50,280,Supplier: Southern Water • Sectors: 7
Outcode Regional Hubs,https://waterhardness.uk/water-hardness/so50,/water-hardness/so50,SO50,Water Hardness in Outcode SO50,130,Supplier: Northumbrian Water • Sectors: 1
Outcode Regional Hubs,https://waterhardness.uk/water-hardness/so51,/water-hardness/so51,SO51,Water Hardness in Outcode SO51,40,Supplier: South West Water • Sectors: 1
Outcode Regional Hubs,https://waterhardness.uk/water-hardness/so51,/water-hardness/so51,SO51,Water Hardness in Outcode SO51,280,Supplier: Southern Water • Sectors: 6
Outcode Regional Hubs,https://waterhardness.uk/water-hardness/so52,/water-hardness/so52,SO52,Water Hardness in Outcode SO52,280,Supplier: Southern Water • Sectors: 1
Outcode Regional Hubs,https://waterhardness.uk/water-hardness/so53,/water-hardness/so53,SO53,Water Hardness in Outcode SO53,280,Supplier: Southern Water • Sectors: 5
Outcode Regional Hubs,https://waterhardness.uk/water-hardness/so97,/water-hardness/so97,SO97,Water Hardness in Outcode SO97,280,Supplier: Southern Water • Sectors: 1
Outcode Regional Hubs,https://waterhardness.uk/water-hardness/sp1,/water-hardness/sp1,SP1,Water Hardness in Outcode SP1,290,Supplier: Wessex Water • Sectors: 3
Outcode Regional Hubs,https://waterhardness.uk/water-hardness/sp10,/water-hardness/sp10,SP10,Water Hardness in Outcode SP10,280,Supplier: Southern Water • Sectors: 6
Outcode Regional Hubs,https://waterhardness.uk/water-hardness/sp11,/water-hardness/sp11,SP11,Water Hardness in Outcode SP11,280,Supplier: Southern Water • Sectors: 4
Outcode Regional Hubs,https://waterhardness.uk/water-hardness/sp11,/water-hardness/sp11,SP11,Water Hardness in Outcode SP11,290,Supplier: Wessex Water • Sectors: 1
Outcode Regional Hubs,https://waterhardness.uk/water-hardness/sp2,/water-hardness/sp2,SP2,Water Hardness in Outcode SP2,290,Supplier: Wessex Water • Sectors: 5
Outcode Regional Hubs,https://waterhardness.uk/water-hardness/sp3,/water-hardness/sp3,SP3,Water Hardness in Outcode SP3,290,Supplier: Wessex Water • Sectors: 3
Outcode Regional Hubs,https://waterhardness.uk/water-hardness/sp4,/water-hardness/sp4,SP4,Water Hardness in Outcode SP4,290,Supplier: Wessex Water • Sectors: 7
Outcode Regional Hubs,https://waterhardness.uk/water-hardness/sp5,/water-hardness/sp5,SP5,Water Hardness in Outcode SP5,290,Supplier: Wessex Water • Sectors: 3
Outcode Regional Hubs,https://waterhardness.uk/water-hardness/sp5,/water-hardness/sp5,SP5,Water Hardness in Outcode SP5,40,Supplier: South West Water • Sectors: 2
Outcode Regional Hubs,https://waterhardness.uk/water-hardness/sp6,/water-hardness/sp6,SP6,Water Hardness in Outcode SP6,40,Supplier: South West Water • Sectors: 4
Outcode Regional Hubs,https://waterhardness.uk/water-hardness/sp7,/water-hardness/sp7,SP7,Water Hardness in Outcode SP7,290,Supplier: Wessex Water • Sectors: 4
Outcode Regional Hubs,https://waterhardness.uk/water-hardness/sp8,/water-hardness/sp8,SP8,Water Hardness in Outcode SP8,290,Supplier: Wessex Water • Sectors: 3
Outcode Regional Hubs,https://waterhardness.uk/water-hardness/sp9,/water-hardness/sp9,SP9,Water Hardness in Outcode SP9,280,Supplier: Veolia Water Projects • Sectors: 1
Outcode Regional Hubs,https://waterhardness.uk/water-hardness/sr1,/water-hardness/sr1,SR1,Water Hardness in Outcode SR1,130,Supplier: Northumbrian Water • Sectors: 3
Outcode Regional Hubs,https://waterhardness.uk/water-hardness/sr2,/water-hardness/sr2,SR2,Water Hardness in Outcode SR2,130,Supplier: Northumbrian Water • Sectors: 4
Outcode Regional Hubs,https://waterhardness.uk/water-hardness/sr3,/water-hardness/sr3,SR3,Water Hardness in Outcode SR3,130,Supplier: Northumbrian Water • Sectors: 4
Outcode Regional Hubs,https://waterhardness.uk/water-hardness/sr4,/water-hardness/sr4,SR4,Water Hardness in Outcode SR4,130,Supplier: Northumbrian Water • Sectors: 5
Outcode Regional Hubs,https://waterhardness.uk/water-hardness/sr43,/water-hardness/sr43,SR43,Water Hardness in Outcode SR43,130,Supplier: Northumbrian Water • Sectors: 3
Outcode Regional Hubs,https://waterhardness.uk/water-hardness/sr5,/water-hardness/sr5,SR5,Water Hardness in Outcode SR5,130,Supplier: Northumbrian Water • Sectors: 6
Outcode Regional Hubs,https://waterhardness.uk/water-hardness/sr6,/water-hardness/sr6,SR6,Water Hardness in Outcode SR6,130,Supplier: Northumbrian Water • Sectors: 4
Outcode Regional Hubs,https://waterhardness.uk/water-hardness/sr7,/water-hardness/sr7,SR7,Water Hardness in Outcode SR7,130,Supplier: Northumbrian Water • Sectors: 5
Outcode Regional Hubs,https://waterhardness.uk/water-hardness/sr8,/water-hardness/sr8,SR8,Water Hardness in Outcode SR8,130,Supplier: Northumbrian Water • Sectors: 6
Outcode Regional Hubs,https://waterhardness.uk/water-hardness/ss0,/water-hardness/ss0,SS0,Water Hardness in Outcode SS0,320,Supplier: Essex and Suffolk Water • Sectors: 4
Outcode Regional Hubs,https://waterhardness.uk/water-hardness/ss1,/water-hardness/ss1,SS1,Water Hardness in Outcode SS1,320,Supplier: Essex and Suffolk Water • Sectors: 4
Outcode Regional Hubs,https://waterhardness.uk/water-hardness/ss11,/water-hardness/ss11,SS11,Water Hardness in Outcode SS11,320,Supplier: Essex and Suffolk Water • Sectors: 3
Outcode Regional Hubs,https://waterhardness.uk/water-hardness/ss12,/water-hardness/ss12,SS12,Water Hardness in Outcode SS12,320,Supplier: Essex and Suffolk Water • Sectors: 2
Outcode Regional Hubs,https://waterhardness.uk/water-hardness/ss13,/water-hardness/ss13,SS13,Water Hardness in Outcode SS13,320,Supplier: Essex and Suffolk Water • Sectors: 3
Outcode Regional Hubs,https://waterhardness.uk/water-hardness/ss14,/water-hardness/ss14,SS14,Water Hardness in Outcode SS14,320,Supplier: Essex and Suffolk Water • Sectors: 4
Outcode Regional Hubs,https://waterhardness.uk/water-hardness/ss15,/water-hardness/ss15,SS15,Water Hardness in Outcode SS15,320,Supplier: Essex and Suffolk Water • Sectors: 3
Outcode Regional Hubs,https://waterhardness.uk/water-hardness/ss16,/water-hardness/ss16,SS16,Water Hardness in Outcode SS16,320,Supplier: Essex and Suffolk Water • Sectors: 3
Outcode Regional Hubs,https://waterhardness.uk/water-hardness/ss17,/water-hardness/ss17,SS17,Water Hardness in Outcode SS17,320,Supplier: Essex and Suffolk Water • Sectors: 5
Outcode Regional Hubs,https://waterhardness.uk/water-hardness/ss2,/water-hardness/ss2,SS2,Water Hardness in Outcode SS2,320,Supplier: Essex and Suffolk Water • Sectors: 3
Outcode Regional Hubs,https://waterhardness.uk/water-hardness/ss22,/water-hardness/ss22,SS22,Water Hardness in Outcode SS22,320,Supplier: Essex and Suffolk Water • Sectors: 1
Outcode Regional Hubs,https://waterhardness.uk/water-hardness/ss3,/water-hardness/ss3,SS3,Water Hardness in Outcode SS3,320,Supplier: Essex and Suffolk Water • Sectors: 3
Outcode Regional Hubs,https://waterhardness.uk/water-hardness/ss4,/water-hardness/ss4,SS4,Water Hardness in Outcode SS4,320,Supplier: Essex and Suffolk Water • Sectors: 4
Outcode Regional Hubs,https://waterhardness.uk/water-hardness/ss5,/water-hardness/ss5,SS5,Water Hardness in Outcode SS5,320,Supplier: Essex and Suffolk Water • Sectors: 4
Outcode Regional Hubs,https://waterhardness.uk/water-hardness/ss6,/water-hardness/ss6,SS6,Water Hardness in Outcode SS6,320,Supplier: Essex and Suffolk Water • Sectors: 4
Outcode Regional Hubs,https://waterhardness.uk/water-hardness/ss7,/water-hardness/ss7,SS7,Water Hardness in Outcode SS7,320,Supplier: Essex and Suffolk Water • Sectors: 6
Outcode Regional Hubs,https://waterhardness.uk/water-hardness/ss8,/water-hardness/ss8,SS8,Water Hardness in Outcode SS8,320,Supplier: Essex and Suffolk Water • Sectors: 5
Outcode Regional Hubs,https://waterhardness.uk/water-hardness/ss9,/water-hardness/ss9,SS9,Water Hardness in Outcode SS9,320,Supplier: Essex and Suffolk Water • Sectors: 6
Outcode Regional Hubs,https://waterhardness.uk/water-hardness/ss99,/water-hardness/ss99,SS99,Water Hardness in Outcode SS99,320,Supplier: Essex and Suffolk Water • Sectors: 5
Outcode Regional Hubs,https://waterhardness.uk/water-hardness/st1,/water-hardness/st1,ST1,Water Hardness in Outcode ST1,160,Supplier: Severn Trent Water • Sectors: 6
Outcode Regional Hubs,https://waterhardness.uk/water-hardness/st10,/water-hardness/st10,ST10,Water Hardness in Outcode ST10,160,Supplier: Severn Trent Water • Sectors: 5
Outcode Regional Hubs,https://waterhardness.uk/water-hardness/st11,/water-hardness/st11,ST11,Water Hardness in Outcode ST11,160,Supplier: Severn Trent Water • Sectors: 1
Outcode Regional Hubs,https://waterhardness.uk/water-hardness/st12,/water-hardness/st12,ST12,Water Hardness in Outcode ST12,160,Supplier: Severn Trent Water • Sectors: 1
Outcode Regional Hubs,https://waterhardness.uk/water-hardness/st13,/water-hardness/st13,ST13,Water Hardness in Outcode ST13,160,Supplier: Severn Trent Water • Sectors: 5
Outcode Regional Hubs,https://waterhardness.uk/water-hardness/st14,/water-hardness/st14,ST14,Water Hardness in Outcode ST14,300,Supplier: South Staffordshire Water • Sectors: 4
Outcode Regional Hubs,https://waterhardness.uk/water-hardness/st15,/water-hardness/st15,ST15,Water Hardness in Outcode ST15,160,Supplier: Severn Trent Water • Sectors: 3
Outcode Regional Hubs,https://waterhardness.uk/water-hardness/st16,/water-hardness/st16,ST16,Water Hardness in Outcode ST16,160,Supplier: Severn Trent Water • Sectors: 4
Outcode Regional Hubs,https://waterhardness.uk/water-hardness/st17,/water-hardness/st17,ST17,Water Hardness in Outcode ST17,160,Supplier: Severn Trent Water • Sectors: 3
Outcode Regional Hubs,https://waterhardness.uk/water-hardness/st18,/water-hardness/st18,ST18,Water Hardness in Outcode ST18,160,Supplier: Severn Trent Water • Sectors: 2
Outcode Regional Hubs,https://waterhardness.uk/water-hardness/st19,/water-hardness/st19,ST19,Water Hardness in Outcode ST19,160,Supplier: Severn Trent Water • Sectors: 1
Outcode Regional Hubs,https://waterhardness.uk/water-hardness/st19,/water-hardness/st19,ST19,Water Hardness in Outcode ST19,300,Supplier: South Staffordshire Water • Sectors: 1
Outcode Regional Hubs,https://waterhardness.uk/water-hardness/st2,/water-hardness/st2,ST2,Water Hardness in Outcode ST2,160,Supplier: Severn Trent Water • Sectors: 4
Outcode Regional Hubs,https://waterhardness.uk/water-hardness/st20,/water-hardness/st20,ST20,Water Hardness in Outcode ST20,160,Supplier: Severn Trent Water • Sectors: 1
Outcode Regional Hubs,https://waterhardness.uk/water-hardness/st21,/water-hardness/st21,ST21,Water Hardness in Outcode ST21,160,Supplier: Severn Trent Water • Sectors: 1
Outcode Regional Hubs,https://waterhardness.uk/water-hardness/st3,/water-hardness/st3,ST3,Water Hardness in Outcode ST3,160,Supplier: Severn Trent Water • Sectors: 8
Outcode Regional Hubs,https://waterhardness.uk/water-hardness/st4,/water-hardness/st4,ST4,Water Hardness in Outcode ST4,160,Supplier: Severn Trent Water • Sectors: 9
Outcode Regional Hubs,https://waterhardness.uk/water-hardness/st5,/water-hardness/st5,ST5,Water Hardness in Outcode ST5,160,Supplier: Severn Trent Water • Sectors: 10
Outcode Regional Hubs,https://waterhardness.uk/water-hardness/st55,/water-hardness/st55,ST55,Water Hardness in Outcode ST55,160,Supplier: Severn Trent Water • Sectors: 1
Outcode Regional Hubs,https://waterhardness.uk/water-hardness/st6,/water-hardness/st6,ST6,Water Hardness in Outcode ST6,160,Supplier: Severn Trent Water • Sectors: 9
Outcode Regional Hubs,https://waterhardness.uk/water-hardness/st7,/water-hardness/st7,ST7,Water Hardness in Outcode ST7,45,Supplier: United Utilities • Sectors: 2
Outcode Regional Hubs,https://waterhardness.uk/water-hardness/st7,/water-hardness/st7,ST7,Water Hardness in Outcode ST7,160,Supplier: Severn Trent Water • Sectors: 4
Outcode Regional Hubs,https://waterhardness.uk/water-hardness/st8,/water-hardness/st8,ST8,Water Hardness in Outcode ST8,160,Supplier: Severn Trent Water • Sectors: 3
Outcode Regional Hubs,https://waterhardness.uk/water-hardness/st9,/water-hardness/st9,ST9,Water Hardness in Outcode ST9,160,Supplier: Severn Trent Water • Sectors: 2
Outcode Regional Hubs,https://waterhardness.uk/water-hardness/sw10,/water-hardness/sw10,SW10,Water Hardness in Outcode SW10,275,Supplier: Thames Water • Sectors: 3
Outcode Regional Hubs,https://waterhardness.uk/water-hardness/sw11,/water-hardness/sw11,SW11,Water Hardness in Outcode SW11,275,Supplier: Thames Water • Sectors: 9
Outcode Regional Hubs,https://waterhardness.uk/water-hardness/sw12,/water-hardness/sw12,SW12,Water Hardness in Outcode SW12,275,Supplier: Thames Water • Sectors: 4
Outcode Regional Hubs,https://waterhardness.uk/water-hardness/sw13,/water-hardness/sw13,SW13,Water Hardness in Outcode SW13,275,Supplier: Thames Water • Sectors: 4
Outcode Regional Hubs,https://waterhardness.uk/water-hardness/sw14,/water-hardness/sw14,SW14,Water Hardness in Outcode SW14,275,Supplier: Thames Water • Sectors: 3
Outcode Regional Hubs,https://waterhardness.uk/water-hardness/sw15,/water-hardness/sw15,SW15,Water Hardness in Outcode SW15,275,Supplier: Thames Water • Sectors: 7
Outcode Regional Hubs,https://waterhardness.uk/water-hardness/sw16,/water-hardness/sw16,SW16,Water Hardness in Outcode SW16,275,Supplier: Thames Water • Sectors: 7
Outcode Regional Hubs,https://waterhardness.uk/water-hardness/sw17,/water-hardness/sw17,SW17,Water Hardness in Outcode SW17,275,Supplier: Thames Water • Sectors: 6
Outcode Regional Hubs,https://waterhardness.uk/water-hardness/sw18,/water-hardness/sw18,SW18,Water Hardness in Outcode SW18,275,Supplier: Thames Water • Sectors: 6
Outcode Regional Hubs,https://waterhardness.uk/water-hardness/sw19,/water-hardness/sw19,SW19,Water Hardness in Outcode SW19,275,Supplier: Thames Water • Sectors: 9
Outcode Regional Hubs,https://waterhardness.uk/water-hardness/sw1a,/water-hardness/sw1a,SW1A,Water Hardness in Outcode SW1A,275,Supplier: Thames Water • Sectors: 3
Outcode Regional Hubs,https://waterhardness.uk/water-hardness/sw1e,/water-hardness/sw1e,SW1E,Water Hardness in Outcode SW1E,275,Supplier: Thames Water • Sectors: 2
Outcode Regional Hubs,https://waterhardness.uk/water-hardness/sw1h,/water-hardness/sw1h,SW1H,Water Hardness in Outcode SW1H,275,Supplier: Thames Water • Sectors: 2
Outcode Regional Hubs,https://waterhardness.uk/water-hardness/sw1p,/water-hardness/sw1p,SW1P,Water Hardness in Outcode SW1P,275,Supplier: Thames Water • Sectors: 5
Outcode Regional Hubs,https://waterhardness.uk/water-hardness/sw1v,/water-hardness/sw1v,SW1V,Water Hardness in Outcode SW1V,275,Supplier: Thames Water • Sectors: 4
Outcode Regional Hubs,https://waterhardness.uk/water-hardness/sw1w,/water-hardness/sw1w,SW1W,Water Hardness in Outcode SW1W,275,Supplier: Thames Water • Sectors: 3
Outcode Regional Hubs,https://waterhardness.uk/water-hardness/sw1x,/water-hardness/sw1x,SW1X,Water Hardness in Outcode SW1X,275,Supplier: Thames Water • Sectors: 4
Outcode Regional Hubs,https://waterhardness.uk/water-hardness/sw1y,/water-hardness/sw1y,SW1Y,Water Hardness in Outcode SW1Y,275,Supplier: Thames Water • Sectors: 3
Outcode Regional Hubs,https://waterhardness.uk/water-hardness/sw2,/water-hardness/sw2,SW2,Water Hardness in Outcode SW2,275,Supplier: Thames Water • Sectors: 6
Outcode Regional Hubs,https://waterhardness.uk/water-hardness/sw20,/water-hardness/sw20,SW20,Water Hardness in Outcode SW20,275,Supplier: Thames Water • Sectors: 4
Outcode Regional Hubs,https://waterhardness.uk/water-hardness/sw3,/water-hardness/sw3,SW3,Water Hardness in Outcode SW3,275,Supplier: Thames Water • Sectors: 7
Outcode Regional Hubs,https://waterhardness.uk/water-hardness/sw4,/water-hardness/sw4,SW4,Water Hardness in Outcode SW4,275,Supplier: Thames Water • Sectors: 6
Outcode Regional Hubs,https://waterhardness.uk/water-hardness/sw5,/water-hardness/sw5,SW5,Water Hardness in Outcode SW5,275,Supplier: Thames Water • Sectors: 3
Outcode Regional Hubs,https://waterhardness.uk/water-hardness/sw6,/water-hardness/sw6,SW6,Water Hardness in Outcode SW6,275,Supplier: Thames Water • Sectors: 8
Outcode Regional Hubs,https://waterhardness.uk/water-hardness/sw7,/water-hardness/sw7,SW7,Water Hardness in Outcode SW7,275,Supplier: Thames Water • Sectors: 6
Outcode Regional Hubs,https://waterhardness.uk/water-hardness/sw8,/water-hardness/sw8,SW8,Water Hardness in Outcode SW8,275,Supplier: Thames Water • Sectors: 6
Outcode Regional Hubs,https://waterhardness.uk/water-hardness/sw9,/water-hardness/sw9,SW9,Water Hardness in Outcode SW9,275,Supplier: Thames Water • Sectors: 6
Outcode Regional Hubs,https://waterhardness.uk/water-hardness/sw95,/water-hardness/sw95,SW95,Water Hardness in Outcode SW95,275,Supplier: Thames Water • Sectors: 1
Outcode Regional Hubs,https://waterhardness.uk/water-hardness/sy1,/water-hardness/sy1,SY1,Water Hardness in Outcode SY1,160,Supplier: Severn Trent Water • Sectors: 5
Outcode Regional Hubs,https://waterhardness.uk/water-hardness/sy10,/water-hardness/sy10,SY10,Water Hardness in Outcode SY10,160,Supplier: Severn Trent Water • Sectors: 4
Outcode Regional Hubs,https://waterhardness.uk/water-hardness/sy10,/water-hardness/sy10,SY10,Water Hardness in Outcode SY10,140,Supplier: Hafren Dyfrdwy • Sectors: 1
Outcode Regional Hubs,https://waterhardness.uk/water-hardness/sy11,/water-hardness/sy11,SY11,Water Hardness in Outcode SY11,160,Supplier: Severn Trent Water • Sectors: 4
Outcode Regional Hubs,https://waterhardness.uk/water-hardness/sy12,/water-hardness/sy12,SY12,Water Hardness in Outcode SY12,160,Supplier: Severn Trent Water • Sectors: 2
Outcode Regional Hubs,https://waterhardness.uk/water-hardness/sy13,/water-hardness/sy13,SY13,Water Hardness in Outcode SY13,160,Supplier: Severn Trent Water • Sectors: 4
Outcode Regional Hubs,https://waterhardness.uk/water-hardness/sy13,/water-hardness/sy13,SY13,Water Hardness in Outcode SY13,140,Supplier: Hafren Dyfrdwy • Sectors: 1
Outcode Regional Hubs,https://waterhardness.uk/water-hardness/sy14,/water-hardness/sy14,SY14,Water Hardness in Outcode SY14,45,Supplier: United Utilities • Sectors: 2
Outcode Regional Hubs,https://waterhardness.uk/water-hardness/sy15,/water-hardness/sy15,SY15,Water Hardness in Outcode SY15,140,Supplier: Hafren Dyfrdwy • Sectors: 1
Outcode Regional Hubs,https://waterhardness.uk/water-hardness/sy16,/water-hardness/sy16,SY16,Water Hardness in Outcode SY16,140,Supplier: Hafren Dyfrdwy • Sectors: 5
Outcode Regional Hubs,https://waterhardness.uk/water-hardness/sy17,/water-hardness/sy17,SY17,Water Hardness in Outcode SY17,140,Supplier: Hafren Dyfrdwy • Sectors: 1
Outcode Regional Hubs,https://waterhardness.uk/water-hardness/sy18,/water-hardness/sy18,SY18,Water Hardness in Outcode SY18,140,Supplier: Hafren Dyfrdwy • Sectors: 1
Outcode Regional Hubs,https://waterhardness.uk/water-hardness/sy18,/water-hardness/sy18,SY18,Water Hardness in Outcode SY18,130,Supplier: Northumbrian Water • Sectors: 1
Outcode Regional Hubs,https://waterhardness.uk/water-hardness/sy19,/water-hardness/sy19,SY19,Water Hardness in Outcode SY19,140,Supplier: Hafren Dyfrdwy • Sectors: 1
Outcode Regional Hubs,https://waterhardness.uk/water-hardness/sy2,/water-hardness/sy2,SY2,Water Hardness in Outcode SY2,160,Supplier: Severn Trent Water • Sectors: 2
Outcode Regional Hubs,https://waterhardness.uk/water-hardness/sy20,/water-hardness/sy20,SY20,Water Hardness in Outcode SY20,140,Supplier: Hafren Dyfrdwy • Sectors: 3
Outcode Regional Hubs,https://waterhardness.uk/water-hardness/sy21,/water-hardness/sy21,SY21,Water Hardness in Outcode SY21,140,Supplier: Hafren Dyfrdwy • Sectors: 5
Outcode Regional Hubs,https://waterhardness.uk/water-hardness/sy22,/water-hardness/sy22,SY22,Water Hardness in Outcode SY22,140,Supplier: Hafren Dyfrdwy • Sectors: 2
Outcode Regional Hubs,https://waterhardness.uk/water-hardness/sy23,/water-hardness/sy23,SY23,Water Hardness in Outcode SY23,140,Supplier: Hafren Dyfrdwy • Sectors: 6
Outcode Regional Hubs,https://waterhardness.uk/water-hardness/sy24,/water-hardness/sy24,SY24,Water Hardness in Outcode SY24,140,Supplier: Hafren Dyfrdwy • Sectors: 1
Outcode Regional Hubs,https://waterhardness.uk/water-hardness/sy25,/water-hardness/sy25,SY25,Water Hardness in Outcode SY25,140,Supplier: Hafren Dyfrdwy • Sectors: 1
Outcode Regional Hubs,https://waterhardness.uk/water-hardness/sy3,/water-hardness/sy3,SY3,Water Hardness in Outcode SY3,160,Supplier: Severn Trent Water • Sectors: 6
Outcode Regional Hubs,https://waterhardness.uk/water-hardness/sy4,/water-hardness/sy4,SY4,Water Hardness in Outcode SY4,160,Supplier: Severn Trent Water • Sectors: 6
Outcode Regional Hubs,https://waterhardness.uk/water-hardness/sy5,/water-hardness/sy5,SY5,Water Hardness in Outcode SY5,160,Supplier: Severn Trent Water • Sectors: 5
Outcode Regional Hubs,https://waterhardness.uk/water-hardness/sy6,/water-hardness/sy6,SY6,Water Hardness in Outcode SY6,160,Supplier: Severn Trent Water • Sectors: 2
Outcode Regional Hubs,https://waterhardness.uk/water-hardness/sy7,/water-hardness/sy7,SY7,Water Hardness in Outcode SY7,45,Supplier: Dŵr Cymru Welsh Water • Sectors: 1
Outcode Regional Hubs,https://waterhardness.uk/water-hardness/sy7,/water-hardness/sy7,SY7,Water Hardness in Outcode SY7,160,Supplier: Severn Trent Water • Sectors: 3
Outcode Regional Hubs,https://waterhardness.uk/water-hardness/sy8,/water-hardness/sy8,SY8,Water Hardness in Outcode SY8,160,Supplier: Severn Trent Water • Sectors: 5
Outcode Regional Hubs,https://waterhardness.uk/water-hardness/sy9,/water-hardness/sy9,SY9,Water Hardness in Outcode SY9,160,Supplier: Severn Trent Water • Sectors: 1
Outcode Regional Hubs,https://waterhardness.uk/water-hardness/sy99,/water-hardness/sy99,SY99,Water Hardness in Outcode SY99,160,Supplier: Severn Trent Water • Sectors: 1
Outcode Regional Hubs,https://waterhardness.uk/water-hardness/ta1,/water-hardness/ta1,TA1,Water Hardness in Outcode TA1,290,Supplier: Wessex Water • Sectors: 6
Outcode Regional Hubs,https://waterhardness.uk/water-hardness/ta10,/water-hardness/ta10,TA10,Water Hardness in Outcode TA10,290,Supplier: Wessex Water • Sectors: 3
Outcode Regional Hubs,https://waterhardness.uk/water-hardness/ta11,/water-hardness/ta11,TA11,Water Hardness in Outcode TA11,290,Supplier: Wessex Water • Sectors: 3
Outcode Regional Hubs,https://waterhardness.uk/water-hardness/ta12,/water-hardness/ta12,TA12,Water Hardness in Outcode TA12,290,Supplier: Wessex Water • Sectors: 1
Outcode Regional Hubs,https://waterhardness.uk/water-hardness/ta13,/water-hardness/ta13,TA13,Water Hardness in Outcode TA13,290,Supplier: Wessex Water • Sectors: 1
Outcode Regional Hubs,https://waterhardness.uk/water-hardness/ta14,/water-hardness/ta14,TA14,Water Hardness in Outcode TA14,290,Supplier: Wessex Water • Sectors: 1
Outcode Regional Hubs,https://waterhardness.uk/water-hardness/ta15,/water-hardness/ta15,TA15,Water Hardness in Outcode TA15,290,Supplier: Wessex Water • Sectors: 1
Outcode Regional Hubs,https://waterhardness.uk/water-hardness/ta16,/water-hardness/ta16,TA16,Water Hardness in Outcode TA16,290,Supplier: Wessex Water • Sectors: 1
Outcode Regional Hubs,https://waterhardness.uk/water-hardness/ta17,/water-hardness/ta17,TA17,Water Hardness in Outcode TA17,290,Supplier: Wessex Water • Sectors: 1
Outcode Regional Hubs,https://waterhardness.uk/water-hardness/ta18,/water-hardness/ta18,TA18,Water Hardness in Outcode TA18,290,Supplier: Wessex Water • Sectors: 3
Outcode Regional Hubs,https://waterhardness.uk/water-hardness/ta19,/water-hardness/ta19,TA19,Water Hardness in Outcode TA19,290,Supplier: Wessex Water • Sectors: 2
Outcode Regional Hubs,https://waterhardness.uk/water-hardness/ta2,/water-hardness/ta2,TA2,Water Hardness in Outcode TA2,290,Supplier: Wessex Water • Sectors: 3
Outcode Regional Hubs,https://waterhardness.uk/water-hardness/ta20,/water-hardness/ta20,TA20,Water Hardness in Outcode TA20,290,Supplier: Wessex Water • Sectors: 5
Outcode Regional Hubs,https://waterhardness.uk/water-hardness/ta21,/water-hardness/ta21,TA21,Water Hardness in Outcode TA21,290,Supplier: Wessex Water • Sectors: 4
Outcode Regional Hubs,https://waterhardness.uk/water-hardness/ta22,/water-hardness/ta22,TA22,Water Hardness in Outcode TA22,290,Supplier: Wessex Water • Sectors: 1
Outcode Regional Hubs,https://waterhardness.uk/water-hardness/ta23,/water-hardness/ta23,TA23,Water Hardness in Outcode TA23,290,Supplier: Wessex Water • Sectors: 1
Outcode Regional Hubs,https://waterhardness.uk/water-hardness/ta24,/water-hardness/ta24,TA24,Water Hardness in Outcode TA24,290,Supplier: Wessex Water • Sectors: 5
Outcode Regional Hubs,https://waterhardness.uk/water-hardness/ta3,/water-hardness/ta3,TA3,Water Hardness in Outcode TA3,290,Supplier: Wessex Water • Sectors: 3
Outcode Regional Hubs,https://waterhardness.uk/water-hardness/ta4,/water-hardness/ta4,TA4,Water Hardness in Outcode TA4,290,Supplier: Wessex Water • Sectors: 5
Outcode Regional Hubs,https://waterhardness.uk/water-hardness/ta5,/water-hardness/ta5,TA5,Water Hardness in Outcode TA5,290,Supplier: Wessex Water • Sectors: 2
Outcode Regional Hubs,https://waterhardness.uk/water-hardness/ta6,/water-hardness/ta6,TA6,Water Hardness in Outcode TA6,290,Supplier: Wessex Water • Sectors: 6
Outcode Regional Hubs,https://waterhardness.uk/water-hardness/ta7,/water-hardness/ta7,TA7,Water Hardness in Outcode TA7,290,Supplier: Wessex Water • Sectors: 3
Outcode Regional Hubs,https://waterhardness.uk/water-hardness/ta8,/water-hardness/ta8,TA8,Water Hardness in Outcode TA8,265,Supplier: Bristol Water • Sectors: 3
Outcode Regional Hubs,https://waterhardness.uk/water-hardness/ta9,/water-hardness/ta9,TA9,Water Hardness in Outcode TA9,290,Supplier: Wessex Water • Sectors: 1
Outcode Regional Hubs,https://waterhardness.uk/water-hardness/ta9,/water-hardness/ta9,TA9,Water Hardness in Outcode TA9,265,Supplier: Bristol Water • Sectors: 1
Outcode Regional Hubs,https://waterhardness.uk/water-hardness/td1,/water-hardness/td1,TD1,Water Hardness in Outcode TD1,130,Supplier: Northumbrian Water • Sectors: 4
Outcode Regional Hubs,https://waterhardness.uk/water-hardness/td10,/water-hardness/td10,TD10,Water Hardness in Outcode TD10,130,Supplier: Northumbrian Water • Sectors: 1
Outcode Regional Hubs,https://waterhardness.uk/water-hardness/td11,/water-hardness/td11,TD11,Water Hardness in Outcode TD11,130,Supplier: Northumbrian Water • Sectors: 2
Outcode Regional Hubs,https://waterhardness.uk/water-hardness/td12,/water-hardness/td12,TD12,Water Hardness in Outcode TD12,130,Supplier: Northumbrian Water • Sectors: 1
Outcode Regional Hubs,https://waterhardness.uk/water-hardness/td13,/water-hardness/td13,TD13,Water Hardness in Outcode TD13,130,Supplier: Northumbrian Water • Sectors: 1
Outcode Regional Hubs,https://waterhardness.uk/water-hardness/td14,/water-hardness/td14,TD14,Water Hardness in Outcode TD14,130,Supplier: Northumbrian Water • Sectors: 1
Outcode Regional Hubs,https://waterhardness.uk/water-hardness/td15,/water-hardness/td15,TD15,Water Hardness in Outcode TD15,130,Supplier: Northumbrian Water • Sectors: 3
Outcode Regional Hubs,https://waterhardness.uk/water-hardness/td2,/water-hardness/td2,TD2,Water Hardness in Outcode TD2,130,Supplier: Northumbrian Water • Sectors: 1
Outcode Regional Hubs,https://waterhardness.uk/water-hardness/td3,/water-hardness/td3,TD3,Water Hardness in Outcode TD3,130,Supplier: Northumbrian Water • Sectors: 1
Outcode Regional Hubs,https://waterhardness.uk/water-hardness/td4,/water-hardness/td4,TD4,Water Hardness in Outcode TD4,130,Supplier: Northumbrian Water • Sectors: 1
Outcode Regional Hubs,https://waterhardness.uk/water-hardness/td5,/water-hardness/td5,TD5,Water Hardness in Outcode TD5,130,Supplier: Northumbrian Water • Sectors: 3
Outcode Regional Hubs,https://waterhardness.uk/water-hardness/td6,/water-hardness/td6,TD6,Water Hardness in Outcode TD6,130,Supplier: Northumbrian Water • Sectors: 3
Outcode Regional Hubs,https://waterhardness.uk/water-hardness/td7,/water-hardness/td7,TD7,Water Hardness in Outcode TD7,130,Supplier: Northumbrian Water • Sectors: 3
Outcode Regional Hubs,https://waterhardness.uk/water-hardness/td8,/water-hardness/td8,TD8,Water Hardness in Outcode TD8,130,Supplier: Northumbrian Water • Sectors: 2
Outcode Regional Hubs,https://waterhardness.uk/water-hardness/td9,/water-hardness/td9,TD9,Water Hardness in Outcode TD9,130,Supplier: Northumbrian Water • Sectors: 5
Outcode Regional Hubs,https://waterhardness.uk/water-hardness/tf1,/water-hardness/tf1,TF1,Water Hardness in Outcode TF1,160,Supplier: Severn Trent Water • Sectors: 7
Outcode Regional Hubs,https://waterhardness.uk/water-hardness/tf10,/water-hardness/tf10,TF10,Water Hardness in Outcode TF10,160,Supplier: Severn Trent Water • Sectors: 3
Outcode Regional Hubs,https://waterhardness.uk/water-hardness/tf11,/water-hardness/tf11,TF11,Water Hardness in Outcode TF11,160,Supplier: Severn Trent Water • Sectors: 2
Outcode Regional Hubs,https://waterhardness.uk/water-hardness/tf12,/water-hardness/tf12,TF12,Water Hardness in Outcode TF12,160,Supplier: Severn Trent Water • Sectors: 1
Outcode Regional Hubs,https://waterhardness.uk/water-hardness/tf13,/water-hardness/tf13,TF13,Water Hardness in Outcode TF13,160,Supplier: Severn Trent Water • Sectors: 1
Outcode Regional Hubs,https://waterhardness.uk/water-hardness/tf2,/water-hardness/tf2,TF2,Water Hardness in Outcode TF2,160,Supplier: Severn Trent Water • Sectors: 7
Outcode Regional Hubs,https://waterhardness.uk/water-hardness/tf3,/water-hardness/tf3,TF3,Water Hardness in Outcode TF3,160,Supplier: Severn Trent Water • Sectors: 5
Outcode Regional Hubs,https://waterhardness.uk/water-hardness/tf4,/water-hardness/tf4,TF4,Water Hardness in Outcode TF4,160,Supplier: Severn Trent Water • Sectors: 2
Outcode Regional Hubs,https://waterhardness.uk/water-hardness/tf5,/water-hardness/tf5,TF5,Water Hardness in Outcode TF5,160,Supplier: Severn Trent Water • Sectors: 1
Outcode Regional Hubs,https://waterhardness.uk/water-hardness/tf6,/water-hardness/tf6,TF6,Water Hardness in Outcode TF6,160,Supplier: Severn Trent Water • Sectors: 2
Outcode Regional Hubs,https://waterhardness.uk/water-hardness/tf7,/water-hardness/tf7,TF7,Water Hardness in Outcode TF7,160,Supplier: Severn Trent Water • Sectors: 3
Outcode Regional Hubs,https://waterhardness.uk/water-hardness/tf8,/water-hardness/tf8,TF8,Water Hardness in Outcode TF8,160,Supplier: Severn Trent Water • Sectors: 1
Outcode Regional Hubs,https://waterhardness.uk/water-hardness/tf9,/water-hardness/tf9,TF9,Water Hardness in Outcode TF9,160,Supplier: Severn Trent Water • Sectors: 5
Outcode Regional Hubs,https://waterhardness.uk/water-hardness/tn1,/water-hardness/tn1,TN1,Water Hardness in Outcode TN1,270,Supplier: South East Water • Sectors: 2
Outcode Regional Hubs,https://waterhardness.uk/water-hardness/tn10,/water-hardness/tn10,TN10,Water Hardness in Outcode TN10,270,Supplier: South East Water • Sectors: 2
Outcode Regional Hubs,https://waterhardness.uk/water-hardness/tn11,/water-hardness/tn11,TN11,Water Hardness in Outcode TN11,270,Supplier: South East Water • Sectors: 3
Outcode Regional Hubs,https://waterhardness.uk/water-hardness/tn12,/water-hardness/tn12,TN12,Water Hardness in Outcode TN12,270,Supplier: South East Water • Sectors: 6
Outcode Regional Hubs,https://waterhardness.uk/water-hardness/tn13,/water-hardness/tn13,TN13,Water Hardness in Outcode TN13,270,Supplier: South East Water • Sectors: 4
Outcode Regional Hubs,https://waterhardness.uk/water-hardness/tn14,/water-hardness/tn14,TN14,Water Hardness in Outcode TN14,275,Supplier: Thames Water • Sectors: 1
Outcode Regional Hubs,https://waterhardness.uk/water-hardness/tn14,/water-hardness/tn14,TN14,Water Hardness in Outcode TN14,270,Supplier: South East Water • Sectors: 2
Outcode Regional Hubs,https://waterhardness.uk/water-hardness/tn15,/water-hardness/tn15,TN15,Water Hardness in Outcode TN15,270,Supplier: South East Water • Sectors: 5
Outcode Regional Hubs,https://waterhardness.uk/water-hardness/tn16,/water-hardness/tn16,TN16,Water Hardness in Outcode TN16,275,Supplier: Thames Water • Sectors: 4
Outcode Regional Hubs,https://waterhardness.uk/water-hardness/tn17,/water-hardness/tn17,TN17,Water Hardness in Outcode TN17,270,Supplier: South East Water • Sectors: 5
Outcode Regional Hubs,https://waterhardness.uk/water-hardness/tn18,/water-hardness/tn18,TN18,Water Hardness in Outcode TN18,270,Supplier: South East Water • Sectors: 2
Outcode Regional Hubs,https://waterhardness.uk/water-hardness/tn19,/water-hardness/tn19,TN19,Water Hardness in Outcode TN19,270,Supplier: South East Water • Sectors: 1
Outcode Regional Hubs,https://waterhardness.uk/water-hardness/tn2,/water-hardness/tn2,TN2,Water Hardness in Outcode TN2,270,Supplier: South East Water • Sectors: 4
Outcode Regional Hubs,https://waterhardness.uk/water-hardness/tn20,/water-hardness/tn20,TN20,Water Hardness in Outcode TN20,270,Supplier: South East Water • Sectors: 1
Outcode Regional Hubs,https://waterhardness.uk/water-hardness/tn21,/water-hardness/tn21,TN21,Water Hardness in Outcode TN21,270,Supplier: South East Water • Sectors: 4
Outcode Regional Hubs,https://waterhardness.uk/water-hardness/tn22,/water-hardness/tn22,TN22,Water Hardness in Outcode TN22,270,Supplier: South East Water • Sectors: 6
Outcode Regional Hubs,https://waterhardness.uk/water-hardness/tn23,/water-hardness/tn23,TN23,Water Hardness in Outcode TN23,270,Supplier: South East Water • Sectors: 8
Outcode Regional Hubs,https://waterhardness.uk/water-hardness/tn24,/water-hardness/tn24,TN24,Water Hardness in Outcode TN24,270,Supplier: South East Water • Sectors: 3
Outcode Regional Hubs,https://waterhardness.uk/water-hardness/tn25,/water-hardness/tn25,TN25,Water Hardness in Outcode TN25,270,Supplier: South East Water • Sectors: 3
Outcode Regional Hubs,https://waterhardness.uk/water-hardness/tn25,/water-hardness/tn25,TN25,Water Hardness in Outcode TN25,290,Supplier: Affinity Water • Sectors: 1
Outcode Regional Hubs,https://waterhardness.uk/water-hardness/tn26,/water-hardness/tn26,TN26,Water Hardness in Outcode TN26,270,Supplier: South East Water • Sectors: 3
Outcode Regional Hubs,https://waterhardness.uk/water-hardness/tn27,/water-hardness/tn27,TN27,Water Hardness in Outcode TN27,270,Supplier: South East Water • Sectors: 3
Outcode Regional Hubs,https://waterhardness.uk/water-hardness/tn28,/water-hardness/tn28,TN28,Water Hardness in Outcode TN28,290,Supplier: Affinity Water • Sectors: 2
Outcode Regional Hubs,https://waterhardness.uk/water-hardness/tn29,/water-hardness/tn29,TN29,Water Hardness in Outcode TN29,290,Supplier: Affinity Water • Sectors: 2
Outcode Regional Hubs,https://waterhardness.uk/water-hardness/tn3,/water-hardness/tn3,TN3,Water Hardness in Outcode TN3,270,Supplier: South East Water • Sectors: 3
Outcode Regional Hubs,https://waterhardness.uk/water-hardness/tn30,/water-hardness/tn30,TN30,Water Hardness in Outcode TN30,270,Supplier: South East Water • Sectors: 3
Outcode Regional Hubs,https://waterhardness.uk/water-hardness/tn31,/water-hardness/tn31,TN31,Water Hardness in Outcode TN31,280,Supplier: Southern Water • Sectors: 2
Outcode Regional Hubs,https://waterhardness.uk/water-hardness/tn31,/water-hardness/tn31,TN31,Water Hardness in Outcode TN31,270,Supplier: South East Water • Sectors: 1
Outcode Regional Hubs,https://waterhardness.uk/water-hardness/tn32,/water-hardness/tn32,TN32,Water Hardness in Outcode TN32,270,Supplier: South East Water • Sectors: 1
Outcode Regional Hubs,https://waterhardness.uk/water-hardness/tn33,/water-hardness/tn33,TN33,Water Hardness in Outcode TN33,270,Supplier: South East Water • Sectors: 3
Outcode Regional Hubs,https://waterhardness.uk/water-hardness/tn34,/water-hardness/tn34,TN34,Water Hardness in Outcode TN34,280,Supplier: Southern Water • Sectors: 4
Outcode Regional Hubs,https://waterhardness.uk/water-hardness/tn35,/water-hardness/tn35,TN35,Water Hardness in Outcode TN35,280,Supplier: Southern Water • Sectors: 2
Outcode Regional Hubs,https://waterhardness.uk/water-hardness/tn36,/water-hardness/tn36,TN36,Water Hardness in Outcode TN36,280,Supplier: Southern Water • Sectors: 1
Outcode Regional Hubs,https://waterhardness.uk/water-hardness/tn37,/water-hardness/tn37,TN37,Water Hardness in Outcode TN37,280,Supplier: Southern Water • Sectors: 2
Outcode Regional Hubs,https://waterhardness.uk/water-hardness/tn38,/water-hardness/tn38,TN38,Water Hardness in Outcode TN38,280,Supplier: Southern Water • Sectors: 4
Outcode Regional Hubs,https://waterhardness.uk/water-hardness/tn39,/water-hardness/tn39,TN39,Water Hardness in Outcode TN39,270,Supplier: South East Water • Sectors: 3
Outcode Regional Hubs,https://waterhardness.uk/water-hardness/tn4,/water-hardness/tn4,TN4,Water Hardness in Outcode TN4,270,Supplier: South East Water • Sectors: 3
Outcode Regional Hubs,https://waterhardness.uk/water-hardness/tn40,/water-hardness/tn40,TN40,Water Hardness in Outcode TN40,270,Supplier: South East Water • Sectors: 3
Outcode Regional Hubs,https://waterhardness.uk/water-hardness/tn5,/water-hardness/tn5,TN5,Water Hardness in Outcode TN5,270,Supplier: South East Water • Sectors: 2
Outcode Regional Hubs,https://waterhardness.uk/water-hardness/tn6,/water-hardness/tn6,TN6,Water Hardness in Outcode TN6,270,Supplier: South East Water • Sectors: 4
Outcode Regional Hubs,https://waterhardness.uk/water-hardness/tn7,/water-hardness/tn7,TN7,Water Hardness in Outcode TN7,270,Supplier: South East Water • Sectors: 1
Outcode Regional Hubs,https://waterhardness.uk/water-hardness/tn8,/water-hardness/tn8,TN8,Water Hardness in Outcode TN8,260,Supplier: SES Water • Sectors: 4
Outcode Regional Hubs,https://waterhardness.uk/water-hardness/tn9,/water-hardness/tn9,TN9,Water Hardness in Outcode TN9,270,Supplier: South East Water • Sectors: 3
Outcode Regional Hubs,https://waterhardness.uk/water-hardness/tq1,/water-hardness/tq1,TQ1,Water Hardness in Outcode TQ1,40,Supplier: South West Water • Sectors: 5
Outcode Regional Hubs,https://waterhardness.uk/water-hardness/tq10,/water-hardness/tq10,TQ10,Water Hardness in Outcode TQ10,40,Supplier: South West Water • Sectors: 1
Outcode Regional Hubs,https://waterhardness.uk/water-hardness/tq11,/water-hardness/tq11,TQ11,Water Hardness in Outcode TQ11,40,Supplier: South West Water • Sectors: 1
Outcode Regional Hubs,https://waterhardness.uk/water-hardness/tq12,/water-hardness/tq12,TQ12,Water Hardness in Outcode TQ12,40,Supplier: South West Water • Sectors: 7
Outcode Regional Hubs,https://waterhardness.uk/water-hardness/tq13,/water-hardness/tq13,TQ13,Water Hardness in Outcode TQ13,40,Supplier: South West Water • Sectors: 4
Outcode Regional Hubs,https://waterhardness.uk/water-hardness/tq14,/water-hardness/tq14,TQ14,Water Hardness in Outcode TQ14,40,Supplier: South West Water • Sectors: 4
Outcode Regional Hubs,https://waterhardness.uk/water-hardness/tq2,/water-hardness/tq2,TQ2,Water Hardness in Outcode TQ2,40,Supplier: South West Water • Sectors: 4
Outcode Regional Hubs,https://waterhardness.uk/water-hardness/tq3,/water-hardness/tq3,TQ3,Water Hardness in Outcode TQ3,40,Supplier: South West Water • Sectors: 3
Outcode Regional Hubs,https://waterhardness.uk/water-hardness/tq4,/water-hardness/tq4,TQ4,Water Hardness in Outcode TQ4,40,Supplier: South West Water • Sectors: 4
Outcode Regional Hubs,https://waterhardness.uk/water-hardness/tq5,/water-hardness/tq5,TQ5,Water Hardness in Outcode TQ5,40,Supplier: South West Water • Sectors: 4
Outcode Regional Hubs,https://waterhardness.uk/water-hardness/tq6,/water-hardness/tq6,TQ6,Water Hardness in Outcode TQ6,40,Supplier: South West Water • Sectors: 3
Outcode Regional Hubs,https://waterhardness.uk/water-hardness/tq7,/water-hardness/tq7,TQ7,Water Hardness in Outcode TQ7,40,Supplier: South West Water • Sectors: 5
Outcode Regional Hubs,https://waterhardness.uk/water-hardness/tq8,/water-hardness/tq8,TQ8,Water Hardness in Outcode TQ8,40,Supplier: South West Water • Sectors: 1
Outcode Regional Hubs,https://waterhardness.uk/water-hardness/tq9,/water-hardness/tq9,TQ9,Water Hardness in Outcode TQ9,40,Supplier: South West Water • Sectors: 4
Outcode Regional Hubs,https://waterhardness.uk/water-hardness/tr1,/water-hardness/tr1,TR1,Water Hardness in Outcode TR1,40,Supplier: South West Water • Sectors: 4
Outcode Regional Hubs,https://waterhardness.uk/water-hardness/tr10,/water-hardness/tr10,TR10,Water Hardness in Outcode TR10,40,Supplier: South West Water • Sectors: 2
Outcode Regional Hubs,https://waterhardness.uk/water-hardness/tr11,/water-hardness/tr11,TR11,Water Hardness in Outcode TR11,40,Supplier: South West Water • Sectors: 5
Outcode Regional Hubs,https://waterhardness.uk/water-hardness/tr12,/water-hardness/tr12,TR12,Water Hardness in Outcode TR12,40,Supplier: South West Water • Sectors: 2
Outcode Regional Hubs,https://waterhardness.uk/water-hardness/tr13,/water-hardness/tr13,TR13,Water Hardness in Outcode TR13,40,Supplier: South West Water • Sectors: 4
Outcode Regional Hubs,https://waterhardness.uk/water-hardness/tr14,/water-hardness/tr14,TR14,Water Hardness in Outcode TR14,40,Supplier: South West Water • Sectors: 5
Outcode Regional Hubs,https://waterhardness.uk/water-hardness/tr15,/water-hardness/tr15,TR15,Water Hardness in Outcode TR15,40,Supplier: South West Water • Sectors: 4
Outcode Regional Hubs,https://waterhardness.uk/water-hardness/tr16,/water-hardness/tr16,TR16,Water Hardness in Outcode TR16,40,Supplier: South West Water • Sectors: 3
Outcode Regional Hubs,https://waterhardness.uk/water-hardness/tr17,/water-hardness/tr17,TR17,Water Hardness in Outcode TR17,40,Supplier: South West Water • Sectors: 1
Outcode Regional Hubs,https://waterhardness.uk/water-hardness/tr18,/water-hardness/tr18,TR18,Water Hardness in Outcode TR18,40,Supplier: South West Water • Sectors: 5
Outcode Regional Hubs,https://waterhardness.uk/water-hardness/tr19,/water-hardness/tr19,TR19,Water Hardness in Outcode TR19,40,Supplier: South West Water • Sectors: 2
Outcode Regional Hubs,https://waterhardness.uk/water-hardness/tr2,/water-hardness/tr2,TR2,Water Hardness in Outcode TR2,40,Supplier: South West Water • Sectors: 2
Outcode Regional Hubs,https://waterhardness.uk/water-hardness/tr20,/water-hardness/tr20,TR20,Water Hardness in Outcode TR20,40,Supplier: South West Water • Sectors: 2
Outcode Regional Hubs,https://waterhardness.uk/water-hardness/tr21,/water-hardness/tr21,TR21,Water Hardness in Outcode TR21,40,Supplier: South West Water • Sectors: 1
Outcode Regional Hubs,https://waterhardness.uk/water-hardness/tr22,/water-hardness/tr22,TR22,Water Hardness in Outcode TR22,40,Supplier: South West Water • Sectors: 1
Outcode Regional Hubs,https://waterhardness.uk/water-hardness/tr23,/water-hardness/tr23,TR23,Water Hardness in Outcode TR23,40,Supplier: South West Water • Sectors: 1
Outcode Regional Hubs,https://waterhardness.uk/water-hardness/tr24,/water-hardness/tr24,TR24,Water Hardness in Outcode TR24,40,Supplier: South West Water • Sectors: 1
Outcode Regional Hubs,https://waterhardness.uk/water-hardness/tr25,/water-hardness/tr25,TR25,Water Hardness in Outcode TR25,40,Supplier: South West Water • Sectors: 1
Outcode Regional Hubs,https://waterhardness.uk/water-hardness/tr26,/water-hardness/tr26,TR26,Water Hardness in Outcode TR26,40,Supplier: South West Water • Sectors: 4
Outcode Regional Hubs,https://waterhardness.uk/water-hardness/tr27,/water-hardness/tr27,TR27,Water Hardness in Outcode TR27,40,Supplier: South West Water • Sectors: 4
Outcode Regional Hubs,https://waterhardness.uk/water-hardness/tr3,/water-hardness/tr3,TR3,Water Hardness in Outcode TR3,40,Supplier: South West Water • Sectors: 2
Outcode Regional Hubs,https://waterhardness.uk/water-hardness/tr4,/water-hardness/tr4,TR4,Water Hardness in Outcode TR4,40,Supplier: South West Water • Sectors: 2
Outcode Regional Hubs,https://waterhardness.uk/water-hardness/tr5,/water-hardness/tr5,TR5,Water Hardness in Outcode TR5,40,Supplier: South West Water • Sectors: 1
Outcode Regional Hubs,https://waterhardness.uk/water-hardness/tr6,/water-hardness/tr6,TR6,Water Hardness in Outcode TR6,40,Supplier: South West Water • Sectors: 1
Outcode Regional Hubs,https://waterhardness.uk/water-hardness/tr7,/water-hardness/tr7,TR7,Water Hardness in Outcode TR7,40,Supplier: South West Water • Sectors: 4
Outcode Regional Hubs,https://waterhardness.uk/water-hardness/tr8,/water-hardness/tr8,TR8,Water Hardness in Outcode TR8,40,Supplier: South West Water • Sectors: 2
Outcode Regional Hubs,https://waterhardness.uk/water-hardness/tr9,/water-hardness/tr9,TR9,Water Hardness in Outcode TR9,40,Supplier: South West Water • Sectors: 1
Outcode Regional Hubs,https://waterhardness.uk/water-hardness/ts1,/water-hardness/ts1,TS1,Water Hardness in Outcode TS1,130,Supplier: Northumbrian Water • Sectors: 6
Outcode Regional Hubs,https://waterhardness.uk/water-hardness/ts10,/water-hardness/ts10,TS10,Water Hardness in Outcode TS10,130,Supplier: Northumbrian Water • Sectors: 6
Outcode Regional Hubs,https://waterhardness.uk/water-hardness/ts11,/water-hardness/ts11,TS11,Water Hardness in Outcode TS11,130,Supplier: Northumbrian Water • Sectors: 3
Outcode Regional Hubs,https://waterhardness.uk/water-hardness/ts12,/water-hardness/ts12,TS12,Water Hardness in Outcode TS12,130,Supplier: Northumbrian Water • Sectors: 4
Outcode Regional Hubs,https://waterhardness.uk/water-hardness/ts13,/water-hardness/ts13,TS13,Water Hardness in Outcode TS13,110,Supplier: Yorkshire Water • Sectors: 1
Outcode Regional Hubs,https://waterhardness.uk/water-hardness/ts13,/water-hardness/ts13,TS13,Water Hardness in Outcode TS13,130,Supplier: Northumbrian Water • Sectors: 1
Outcode Regional Hubs,https://waterhardness.uk/water-hardness/ts14,/water-hardness/ts14,TS14,Water Hardness in Outcode TS14,130,Supplier: Northumbrian Water • Sectors: 4
Outcode Regional Hubs,https://waterhardness.uk/water-hardness/ts15,/water-hardness/ts15,TS15,Water Hardness in Outcode TS15,130,Supplier: Northumbrian Water • Sectors: 2
Outcode Regional Hubs,https://waterhardness.uk/water-hardness/ts16,/water-hardness/ts16,TS16,Water Hardness in Outcode TS16,130,Supplier: Northumbrian Water • Sectors: 2
Outcode Regional Hubs,https://waterhardness.uk/water-hardness/ts17,/water-hardness/ts17,TS17,Water Hardness in Outcode TS17,130,Supplier: Northumbrian Water • Sectors: 6
Outcode Regional Hubs,https://waterhardness.uk/water-hardness/ts18,/water-hardness/ts18,TS18,Water Hardness in Outcode TS18,130,Supplier: Northumbrian Water • Sectors: 5
Outcode Regional Hubs,https://waterhardness.uk/water-hardness/ts19,/water-hardness/ts19,TS19,Water Hardness in Outcode TS19,130,Supplier: Northumbrian Water • Sectors: 5
Outcode Regional Hubs,https://waterhardness.uk/water-hardness/ts2,/water-hardness/ts2,TS2,Water Hardness in Outcode TS2,130,Supplier: Northumbrian Water • Sectors: 1
Outcode Regional Hubs,https://waterhardness.uk/water-hardness/ts20,/water-hardness/ts20,TS20,Water Hardness in Outcode TS20,130,Supplier: Northumbrian Water • Sectors: 2
Outcode Regional Hubs,https://waterhardness.uk/water-hardness/ts21,/water-hardness/ts21,TS21,Water Hardness in Outcode TS21,130,Supplier: Northumbrian Water • Sectors: 4
Outcode Regional Hubs,https://waterhardness.uk/water-hardness/ts22,/water-hardness/ts22,TS22,Water Hardness in Outcode TS22,130,Supplier: Northumbrian Water • Sectors: 1
Outcode Regional Hubs,https://waterhardness.uk/water-hardness/ts23,/water-hardness/ts23,TS23,Water Hardness in Outcode TS23,130,Supplier: Northumbrian Water • Sectors: 4
Outcode Regional Hubs,https://waterhardness.uk/water-hardness/ts24,/water-hardness/ts24,TS24,Water Hardness in Outcode TS24,310,Supplier: Anglian Water • Sectors: 5
Outcode Regional Hubs,https://waterhardness.uk/water-hardness/ts25,/water-hardness/ts25,TS25,Water Hardness in Outcode TS25,310,Supplier: Anglian Water • Sectors: 5
Outcode Regional Hubs,https://waterhardness.uk/water-hardness/ts26,/water-hardness/ts26,TS26,Water Hardness in Outcode TS26,310,Supplier: Anglian Water • Sectors: 3
Outcode Regional Hubs,https://waterhardness.uk/water-hardness/ts27,/water-hardness/ts27,TS27,Water Hardness in Outcode TS27,310,Supplier: Anglian Water • Sectors: 1
Outcode Regional Hubs,https://waterhardness.uk/water-hardness/ts27,/water-hardness/ts27,TS27,Water Hardness in Outcode TS27,130,Supplier: Northumbrian Water • Sectors: 1
Outcode Regional Hubs,https://waterhardness.uk/water-hardness/ts28,/water-hardness/ts28,TS28,Water Hardness in Outcode TS28,130,Supplier: Northumbrian Water • Sectors: 1
Outcode Regional Hubs,https://waterhardness.uk/water-hardness/ts29,/water-hardness/ts29,TS29,Water Hardness in Outcode TS29,130,Supplier: Northumbrian Water • Sectors: 1
Outcode Regional Hubs,https://waterhardness.uk/water-hardness/ts3,/water-hardness/ts3,TS3,Water Hardness in Outcode TS3,130,Supplier: Northumbrian Water • Sectors: 5
Outcode Regional Hubs,https://waterhardness.uk/water-hardness/ts4,/water-hardness/ts4,TS4,Water Hardness in Outcode TS4,130,Supplier: Northumbrian Water • Sectors: 2
Outcode Regional Hubs,https://waterhardness.uk/water-hardness/ts5,/water-hardness/ts5,TS5,Water Hardness in Outcode TS5,130,Supplier: Northumbrian Water • Sectors: 5
Outcode Regional Hubs,https://waterhardness.uk/water-hardness/ts6,/water-hardness/ts6,TS6,Water Hardness in Outcode TS6,130,Supplier: Northumbrian Water • Sectors: 5
Outcode Regional Hubs,https://waterhardness.uk/water-hardness/ts7,/water-hardness/ts7,TS7,Water Hardness in Outcode TS7,130,Supplier: Northumbrian Water • Sectors: 3
Outcode Regional Hubs,https://waterhardness.uk/water-hardness/ts8,/water-hardness/ts8,TS8,Water Hardness in Outcode TS8,130,Supplier: Northumbrian Water • Sectors: 3
Outcode Regional Hubs,https://waterhardness.uk/water-hardness/ts9,/water-hardness/ts9,TS9,Water Hardness in Outcode TS9,130,Supplier: Northumbrian Water • Sectors: 3
Outcode Regional Hubs,https://waterhardness.uk/water-hardness/tw1,/water-hardness/tw1,TW1,Water Hardness in Outcode TW1,275,Supplier: Thames Water • Sectors: 5
Outcode Regional Hubs,https://waterhardness.uk/water-hardness/tw10,/water-hardness/tw10,TW10,Water Hardness in Outcode TW10,275,Supplier: Thames Water • Sectors: 3
Outcode Regional Hubs,https://waterhardness.uk/water-hardness/tw11,/water-hardness/tw11,TW11,Water Hardness in Outcode TW11,275,Supplier: Thames Water • Sectors: 4
Outcode Regional Hubs,https://waterhardness.uk/water-hardness/tw12,/water-hardness/tw12,TW12,Water Hardness in Outcode TW12,275,Supplier: Thames Water • Sectors: 4
Outcode Regional Hubs,https://waterhardness.uk/water-hardness/tw13,/water-hardness/tw13,TW13,Water Hardness in Outcode TW13,290,Supplier: Affinity Water • Sectors: 3
Outcode Regional Hubs,https://waterhardness.uk/water-hardness/tw13,/water-hardness/tw13,TW13,Water Hardness in Outcode TW13,275,Supplier: Thames Water • Sectors: 2
Outcode Regional Hubs,https://waterhardness.uk/water-hardness/tw14,/water-hardness/tw14,TW14,Water Hardness in Outcode TW14,290,Supplier: Affinity Water • Sectors: 3
Outcode Regional Hubs,https://waterhardness.uk/water-hardness/tw15,/water-hardness/tw15,TW15,Water Hardness in Outcode TW15,130,Supplier: Northumbrian Water • Sectors: 1
Outcode Regional Hubs,https://waterhardness.uk/water-hardness/tw15,/water-hardness/tw15,TW15,Water Hardness in Outcode TW15,290,Supplier: Affinity Water • Sectors: 3
Outcode Regional Hubs,https://waterhardness.uk/water-hardness/tw16,/water-hardness/tw16,TW16,Water Hardness in Outcode TW16,275,Supplier: Thames Water • Sectors: 4
Outcode Regional Hubs,https://waterhardness.uk/water-hardness/tw17,/water-hardness/tw17,TW17,Water Hardness in Outcode TW17,275,Supplier: Thames Water • Sectors: 1
Outcode Regional Hubs,https://waterhardness.uk/water-hardness/tw17,/water-hardness/tw17,TW17,Water Hardness in Outcode TW17,290,Supplier: Affinity Water • Sectors: 3
Outcode Regional Hubs,https://waterhardness.uk/water-hardness/tw18,/water-hardness/tw18,TW18,Water Hardness in Outcode TW18,290,Supplier: Affinity Water • Sectors: 5
Outcode Regional Hubs,https://waterhardness.uk/water-hardness/tw19,/water-hardness/tw19,TW19,Water Hardness in Outcode TW19,290,Supplier: Affinity Water • Sectors: 3
Outcode Regional Hubs,https://waterhardness.uk/water-hardness/tw2,/water-hardness/tw2,TW2,Water Hardness in Outcode TW2,275,Supplier: Thames Water • Sectors: 3
Outcode Regional Hubs,https://waterhardness.uk/water-hardness/tw20,/water-hardness/tw20,TW20,Water Hardness in Outcode TW20,290,Supplier: Affinity Water • Sectors: 4
Outcode Regional Hubs,https://waterhardness.uk/water-hardness/tw3,/water-hardness/tw3,TW3,Water Hardness in Outcode TW3,275,Supplier: Thames Water • Sectors: 5
Outcode Regional Hubs,https://waterhardness.uk/water-hardness/tw4,/water-hardness/tw4,TW4,Water Hardness in Outcode TW4,275,Supplier: Thames Water • Sectors: 3
Outcode Regional Hubs,https://waterhardness.uk/water-hardness/tw5,/water-hardness/tw5,TW5,Water Hardness in Outcode TW5,275,Supplier: Thames Water • Sectors: 2
Outcode Regional Hubs,https://waterhardness.uk/water-hardness/tw6,/water-hardness/tw6,TW6,Water Hardness in Outcode TW6,290,Supplier: Affinity Water • Sectors: 3
Outcode Regional Hubs,https://waterhardness.uk/water-hardness/tw7,/water-hardness/tw7,TW7,Water Hardness in Outcode TW7,275,Supplier: Thames Water • Sectors: 5
Outcode Regional Hubs,https://waterhardness.uk/water-hardness/tw8,/water-hardness/tw8,TW8,Water Hardness in Outcode TW8,275,Supplier: Thames Water • Sectors: 4
Outcode Regional Hubs,https://waterhardness.uk/water-hardness/tw9,/water-hardness/tw9,TW9,Water Hardness in Outcode TW9,275,Supplier: Thames Water • Sectors: 5
Outcode Regional Hubs,https://waterhardness.uk/water-hardness/tw98,/water-hardness/tw98,TW98,Water Hardness in Outcode TW98,130,Supplier: Northumbrian Water • Sectors: 2
Outcode Regional Hubs,https://waterhardness.uk/water-hardness/ub1,/water-hardness/ub1,UB1,Water Hardness in Outcode UB1,290,Supplier: Affinity Water • Sectors: 4
Outcode Regional Hubs,https://waterhardness.uk/water-hardness/ub10,/water-hardness/ub10,UB10,Water Hardness in Outcode UB10,290,Supplier: Affinity Water • Sectors: 3
Outcode Regional Hubs,https://waterhardness.uk/water-hardness/ub11,/water-hardness/ub11,UB11,Water Hardness in Outcode UB11,290,Supplier: Affinity Water • Sectors: 1
Outcode Regional Hubs,https://waterhardness.uk/water-hardness/ub18,/water-hardness/ub18,UB18,Water Hardness in Outcode UB18,290,Supplier: Affinity Water • Sectors: 2
Outcode Regional Hubs,https://waterhardness.uk/water-hardness/ub2,/water-hardness/ub2,UB2,Water Hardness in Outcode UB2,290,Supplier: Affinity Water • Sectors: 1
Outcode Regional Hubs,https://waterhardness.uk/water-hardness/ub2,/water-hardness/ub2,UB2,Water Hardness in Outcode UB2,275,Supplier: Thames Water • Sectors: 1
Outcode Regional Hubs,https://waterhardness.uk/water-hardness/ub3,/water-hardness/ub3,UB3,Water Hardness in Outcode UB3,290,Supplier: Affinity Water • Sectors: 6
Outcode Regional Hubs,https://waterhardness.uk/water-hardness/ub4,/water-hardness/ub4,UB4,Water Hardness in Outcode UB4,290,Supplier: Affinity Water • Sectors: 3
Outcode Regional Hubs,https://waterhardness.uk/water-hardness/ub5,/water-hardness/ub5,UB5,Water Hardness in Outcode UB5,290,Supplier: Affinity Water • Sectors: 4
Outcode Regional Hubs,https://waterhardness.uk/water-hardness/ub6,/water-hardness/ub6,UB6,Water Hardness in Outcode UB6,290,Supplier: Affinity Water • Sectors: 4
Outcode Regional Hubs,https://waterhardness.uk/water-hardness/ub7,/water-hardness/ub7,UB7,Water Hardness in Outcode UB7,290,Supplier: Affinity Water • Sectors: 4
Outcode Regional Hubs,https://waterhardness.uk/water-hardness/ub8,/water-hardness/ub8,UB8,Water Hardness in Outcode UB8,290,Supplier: Affinity Water • Sectors: 4
Outcode Regional Hubs,https://waterhardness.uk/water-hardness/ub9,/water-hardness/ub9,UB9,Water Hardness in Outcode UB9,290,Supplier: Affinity Water • Sectors: 3
Outcode Regional Hubs,https://waterhardness.uk/water-hardness/w10,/water-hardness/w10,W10,Water Hardness in Outcode W10,275,Supplier: Thames Water • Sectors: 4
Outcode Regional Hubs,https://waterhardness.uk/water-hardness/w11,/water-hardness/w11,W11,Water Hardness in Outcode W11,275,Supplier: Thames Water • Sectors: 5
Outcode Regional Hubs,https://waterhardness.uk/water-hardness/w12,/water-hardness/w12,W12,Water Hardness in Outcode W12,275,Supplier: Thames Water • Sectors: 6
Outcode Regional Hubs,https://waterhardness.uk/water-hardness/w13,/water-hardness/w13,W13,Water Hardness in Outcode W13,275,Supplier: Thames Water • Sectors: 4
Outcode Regional Hubs,https://waterhardness.uk/water-hardness/w14,/water-hardness/w14,W14,Water Hardness in Outcode W14,275,Supplier: Thames Water • Sectors: 4
Outcode Regional Hubs,https://waterhardness.uk/water-hardness/w1a,/water-hardness/w1a,W1A,Water Hardness in Outcode W1A,275,Supplier: Thames Water • Sectors: 10
Outcode Regional Hubs,https://waterhardness.uk/water-hardness/w1b,/water-hardness/w1b,W1B,Water Hardness in Outcode W1B,275,Supplier: Thames Water • Sectors: 5
Outcode Regional Hubs,https://waterhardness.uk/water-hardness/w1c,/water-hardness/w1c,W1C,Water Hardness in Outcode W1C,275,Supplier: Thames Water • Sectors: 2
Outcode Regional Hubs,https://waterhardness.uk/water-hardness/w1d,/water-hardness/w1d,W1D,Water Hardness in Outcode W1D,275,Supplier: Thames Water • Sectors: 7
Outcode Regional Hubs,https://waterhardness.uk/water-hardness/w1f,/water-hardness/w1f,W1F,Water Hardness in Outcode W1F,275,Supplier: Thames Water • Sectors: 4
Outcode Regional Hubs,https://waterhardness.uk/water-hardness/w1g,/water-hardness/w1g,W1G,Water Hardness in Outcode W1G,275,Supplier: Thames Water • Sectors: 5
Outcode Regional Hubs,https://waterhardness.uk/water-hardness/w1h,/water-hardness/w1h,W1H,Water Hardness in Outcode W1H,275,Supplier: Thames Water • Sectors: 6
Outcode Regional Hubs,https://waterhardness.uk/water-hardness/w1j,/water-hardness/w1j,W1J,Water Hardness in Outcode W1J,275,Supplier: Thames Water • Sectors: 6
Outcode Regional Hubs,https://waterhardness.uk/water-hardness/w1k,/water-hardness/w1k,W1K,Water Hardness in Outcode W1K,275,Supplier: Thames Water • Sectors: 7
Outcode Regional Hubs,https://waterhardness.uk/water-hardness/w1s,/water-hardness/w1s,W1S,Water Hardness in Outcode W1S,275,Supplier: Thames Water • Sectors: 4
Outcode Regional Hubs,https://waterhardness.uk/water-hardness/w1t,/water-hardness/w1t,W1T,Water Hardness in Outcode W1T,275,Supplier: Thames Water • Sectors: 7
Outcode Regional Hubs,https://waterhardness.uk/water-hardness/w1u,/water-hardness/w1u,W1U,Water Hardness in Outcode W1U,275,Supplier: Thames Water • Sectors: 8
Outcode Regional Hubs,https://waterhardness.uk/water-hardness/w1w,/water-hardness/w1w,W1W,Water Hardness in Outcode W1W,275,Supplier: Thames Water • Sectors: 4
Outcode Regional Hubs,https://waterhardness.uk/water-hardness/w2,/water-hardness/w2,W2,Water Hardness in Outcode W2,275,Supplier: Thames Water • Sectors: 7
Outcode Regional Hubs,https://waterhardness.uk/water-hardness/w3,/water-hardness/w3,W3,Water Hardness in Outcode W3,275,Supplier: Thames Water • Sectors: 6
Outcode Regional Hubs,https://waterhardness.uk/water-hardness/w4,/water-hardness/w4,W4,Water Hardness in Outcode W4,275,Supplier: Thames Water • Sectors: 6
Outcode Regional Hubs,https://waterhardness.uk/water-hardness/w5,/water-hardness/w5,W5,Water Hardness in Outcode W5,275,Supplier: Thames Water • Sectors: 6
Outcode Regional Hubs,https://waterhardness.uk/water-hardness/w6,/water-hardness/w6,W6,Water Hardness in Outcode W6,275,Supplier: Thames Water • Sectors: 5
Outcode Regional Hubs,https://waterhardness.uk/water-hardness/w7,/water-hardness/w7,W7,Water Hardness in Outcode W7,275,Supplier: Thames Water • Sectors: 4
Outcode Regional Hubs,https://waterhardness.uk/water-hardness/w8,/water-hardness/w8,W8,Water Hardness in Outcode W8,275,Supplier: Thames Water • Sectors: 5
Outcode Regional Hubs,https://waterhardness.uk/water-hardness/w9,/water-hardness/w9,W9,Water Hardness in Outcode W9,275,Supplier: Thames Water • Sectors: 4
Outcode Regional Hubs,https://waterhardness.uk/water-hardness/wa1,/water-hardness/wa1,WA1,Water Hardness in Outcode WA1,45,Supplier: United Utilities • Sectors: 5
Outcode Regional Hubs,https://waterhardness.uk/water-hardness/wa10,/water-hardness/wa10,WA10,Water Hardness in Outcode WA10,45,Supplier: United Utilities • Sectors: 7
Outcode Regional Hubs,https://waterhardness.uk/water-hardness/wa11,/water-hardness/wa11,WA11,Water Hardness in Outcode WA11,45,Supplier: United Utilities • Sectors: 4
Outcode Regional Hubs,https://waterhardness.uk/water-hardness/wa12,/water-hardness/wa12,WA12,Water Hardness in Outcode WA12,45,Supplier: United Utilities • Sectors: 4
Outcode Regional Hubs,https://waterhardness.uk/water-hardness/wa13,/water-hardness/wa13,WA13,Water Hardness in Outcode WA13,45,Supplier: United Utilities • Sectors: 2
Outcode Regional Hubs,https://waterhardness.uk/water-hardness/wa14,/water-hardness/wa14,WA14,Water Hardness in Outcode WA14,45,Supplier: United Utilities • Sectors: 5
Outcode Regional Hubs,https://waterhardness.uk/water-hardness/wa15,/water-hardness/wa15,WA15,Water Hardness in Outcode WA15,45,Supplier: United Utilities • Sectors: 6
Outcode Regional Hubs,https://waterhardness.uk/water-hardness/wa16,/water-hardness/wa16,WA16,Water Hardness in Outcode WA16,45,Supplier: United Utilities • Sectors: 6
Outcode Regional Hubs,https://waterhardness.uk/water-hardness/wa2,/water-hardness/wa2,WA2,Water Hardness in Outcode WA2,45,Supplier: United Utilities • Sectors: 4
Outcode Regional Hubs,https://waterhardness.uk/water-hardness/wa3,/water-hardness/wa3,WA3,Water Hardness in Outcode WA3,45,Supplier: United Utilities • Sectors: 8
Outcode Regional Hubs,https://waterhardness.uk/water-hardness/wa4,/water-hardness/wa4,WA4,Water Hardness in Outcode WA4,45,Supplier: United Utilities • Sectors: 7
Outcode Regional Hubs,https://waterhardness.uk/water-hardness/wa5,/water-hardness/wa5,WA5,Water Hardness in Outcode WA5,45,Supplier: United Utilities • Sectors: 8
Outcode Regional Hubs,https://waterhardness.uk/water-hardness/wa55,/water-hardness/wa55,WA55,Water Hardness in Outcode WA55,45,Supplier: United Utilities • Sectors: 1
Outcode Regional Hubs,https://waterhardness.uk/water-hardness/wa6,/water-hardness/wa6,WA6,Water Hardness in Outcode WA6,45,Supplier: United Utilities • Sectors: 6
Outcode Regional Hubs,https://waterhardness.uk/water-hardness/wa7,/water-hardness/wa7,WA7,Water Hardness in Outcode WA7,45,Supplier: United Utilities • Sectors: 7
Outcode Regional Hubs,https://waterhardness.uk/water-hardness/wa8,/water-hardness/wa8,WA8,Water Hardness in Outcode WA8,45,Supplier: United Utilities • Sectors: 9
Outcode Regional Hubs,https://waterhardness.uk/water-hardness/wa88,/water-hardness/wa88,WA88,Water Hardness in Outcode WA88,45,Supplier: United Utilities • Sectors: 1
Outcode Regional Hubs,https://waterhardness.uk/water-hardness/wa9,/water-hardness/wa9,WA9,Water Hardness in Outcode WA9,45,Supplier: United Utilities • Sectors: 5
Outcode Regional Hubs,https://waterhardness.uk/water-hardness/wc1a,/water-hardness/wc1a,WC1A,Water Hardness in Outcode WC1A,275,Supplier: Thames Water • Sectors: 3
Outcode Regional Hubs,https://waterhardness.uk/water-hardness/wc1b,/water-hardness/wc1b,WC1B,Water Hardness in Outcode WC1B,275,Supplier: Thames Water • Sectors: 3
Outcode Regional Hubs,https://waterhardness.uk/water-hardness/wc1e,/water-hardness/wc1e,WC1E,Water Hardness in Outcode WC1E,275,Supplier: Thames Water • Sectors: 2
Outcode Regional Hubs,https://waterhardness.uk/water-hardness/wc1h,/water-hardness/wc1h,WC1H,Water Hardness in Outcode WC1H,275,Supplier: Thames Water • Sectors: 3
Outcode Regional Hubs,https://waterhardness.uk/water-hardness/wc1n,/water-hardness/wc1n,WC1N,Water Hardness in Outcode WC1N,275,Supplier: Thames Water • Sectors: 3
Outcode Regional Hubs,https://waterhardness.uk/water-hardness/wc1r,/water-hardness/wc1r,WC1R,Water Hardness in Outcode WC1R,275,Supplier: Thames Water • Sectors: 2
Outcode Regional Hubs,https://waterhardness.uk/water-hardness/wc1v,/water-hardness/wc1v,WC1V,Water Hardness in Outcode WC1V,275,Supplier: Thames Water • Sectors: 2
Outcode Regional Hubs,https://waterhardness.uk/water-hardness/wc1x,/water-hardness/wc1x,WC1X,Water Hardness in Outcode WC1X,275,Supplier: Thames Water • Sectors: 3
Outcode Regional Hubs,https://waterhardness.uk/water-hardness/wc2a,/water-hardness/wc2a,WC2A,Water Hardness in Outcode WC2A,275,Supplier: Thames Water • Sectors: 3
Outcode Regional Hubs,https://waterhardness.uk/water-hardness/wc2b,/water-hardness/wc2b,WC2B,Water Hardness in Outcode WC2B,275,Supplier: Thames Water • Sectors: 3
Outcode Regional Hubs,https://waterhardness.uk/water-hardness/wc2e,/water-hardness/wc2e,WC2E,Water Hardness in Outcode WC2E,275,Supplier: Thames Water • Sectors: 3
Outcode Regional Hubs,https://waterhardness.uk/water-hardness/wc2h,/water-hardness/wc2h,WC2H,Water Hardness in Outcode WC2H,275,Supplier: Thames Water • Sectors: 4
Outcode Regional Hubs,https://waterhardness.uk/water-hardness/wc2n,/water-hardness/wc2n,WC2N,Water Hardness in Outcode WC2N,275,Supplier: Thames Water • Sectors: 3
Outcode Regional Hubs,https://waterhardness.uk/water-hardness/wc2r,/water-hardness/wc2r,WC2R,Water Hardness in Outcode WC2R,275,Supplier: Thames Water • Sectors: 4
Outcode Regional Hubs,https://waterhardness.uk/water-hardness/wd17,/water-hardness/wd17,WD17,Water Hardness in Outcode WD17,290,Supplier: Affinity Water • Sectors: 4
Outcode Regional Hubs,https://waterhardness.uk/water-hardness/wd18,/water-hardness/wd18,WD18,Water Hardness in Outcode WD18,290,Supplier: Affinity Water • Sectors: 6
Outcode Regional Hubs,https://waterhardness.uk/water-hardness/wd19,/water-hardness/wd19,WD19,Water Hardness in Outcode WD19,290,Supplier: Affinity Water • Sectors: 4
Outcode Regional Hubs,https://waterhardness.uk/water-hardness/wd23,/water-hardness/wd23,WD23,Water Hardness in Outcode WD23,290,Supplier: Affinity Water • Sectors: 5
Outcode Regional Hubs,https://waterhardness.uk/water-hardness/wd24,/water-hardness/wd24,WD24,Water Hardness in Outcode WD24,290,Supplier: Affinity Water • Sectors: 4
Outcode Regional Hubs,https://waterhardness.uk/water-hardness/wd25,/water-hardness/wd25,WD25,Water Hardness in Outcode WD25,290,Supplier: Affinity Water • Sectors: 4
Outcode Regional Hubs,https://waterhardness.uk/water-hardness/wd3,/water-hardness/wd3,WD3,Water Hardness in Outcode WD3,290,Supplier: Affinity Water • Sectors: 9
Outcode Regional Hubs,https://waterhardness.uk/water-hardness/wd3,/water-hardness/wd3,WD3,Water Hardness in Outcode WD3,130,Supplier: Northumbrian Water • Sectors: 1
Outcode Regional Hubs,https://waterhardness.uk/water-hardness/wd4,/water-hardness/wd4,WD4,Water Hardness in Outcode WD4,290,Supplier: Affinity Water • Sectors: 3
Outcode Regional Hubs,https://waterhardness.uk/water-hardness/wd5,/water-hardness/wd5,WD5,Water Hardness in Outcode WD5,290,Supplier: Affinity Water • Sectors: 2
Outcode Regional Hubs,https://waterhardness.uk/water-hardness/wd6,/water-hardness/wd6,WD6,Water Hardness in Outcode WD6,290,Supplier: Affinity Water • Sectors: 6
Outcode Regional Hubs,https://waterhardness.uk/water-hardness/wd7,/water-hardness/wd7,WD7,Water Hardness in Outcode WD7,290,Supplier: Affinity Water • Sectors: 4
Outcode Regional Hubs,https://waterhardness.uk/water-hardness/wd99,/water-hardness/wd99,WD99,Water Hardness in Outcode WD99,290,Supplier: Affinity Water • Sectors: 1
Outcode Regional Hubs,https://waterhardness.uk/water-hardness/wf1,/water-hardness/wf1,WF1,Water Hardness in Outcode WF1,110,Supplier: Yorkshire Water • Sectors: 6
Outcode Regional Hubs,https://waterhardness.uk/water-hardness/wf10,/water-hardness/wf10,WF10,Water Hardness in Outcode WF10,110,Supplier: Yorkshire Water • Sectors: 6
Outcode Regional Hubs,https://waterhardness.uk/water-hardness/wf11,/water-hardness/wf11,WF11,Water Hardness in Outcode WF11,110,Supplier: Yorkshire Water • Sectors: 3
Outcode Regional Hubs,https://waterhardness.uk/water-hardness/wf12,/water-hardness/wf12,WF12,Water Hardness in Outcode WF12,110,Supplier: Yorkshire Water • Sectors: 4
Outcode Regional Hubs,https://waterhardness.uk/water-hardness/wf13,/water-hardness/wf13,WF13,Water Hardness in Outcode WF13,110,Supplier: Yorkshire Water • Sectors: 5
Outcode Regional Hubs,https://waterhardness.uk/water-hardness/wf14,/water-hardness/wf14,WF14,Water Hardness in Outcode WF14,110,Supplier: Yorkshire Water • Sectors: 3
Outcode Regional Hubs,https://waterhardness.uk/water-hardness/wf15,/water-hardness/wf15,WF15,Water Hardness in Outcode WF15,110,Supplier: Yorkshire Water • Sectors: 3
Outcode Regional Hubs,https://waterhardness.uk/water-hardness/wf16,/water-hardness/wf16,WF16,Water Hardness in Outcode WF16,110,Supplier: Yorkshire Water • Sectors: 3
Outcode Regional Hubs,https://waterhardness.uk/water-hardness/wf17,/water-hardness/wf17,WF17,Water Hardness in Outcode WF17,110,Supplier: Yorkshire Water • Sectors: 7
Outcode Regional Hubs,https://waterhardness.uk/water-hardness/wf2,/water-hardness/wf2,WF2,Water Hardness in Outcode WF2,110,Supplier: Yorkshire Water • Sectors: 5
Outcode Regional Hubs,https://waterhardness.uk/water-hardness/wf3,/water-hardness/wf3,WF3,Water Hardness in Outcode WF3,110,Supplier: Yorkshire Water • Sectors: 4
Outcode Regional Hubs,https://waterhardness.uk/water-hardness/wf4,/water-hardness/wf4,WF4,Water Hardness in Outcode WF4,110,Supplier: Yorkshire Water • Sectors: 6
Outcode Regional Hubs,https://waterhardness.uk/water-hardness/wf5,/water-hardness/wf5,WF5,Water Hardness in Outcode WF5,110,Supplier: Yorkshire Water • Sectors: 4
Outcode Regional Hubs,https://waterhardness.uk/water-hardness/wf6,/water-hardness/wf6,WF6,Water Hardness in Outcode WF6,110,Supplier: Yorkshire Water • Sectors: 2
Outcode Regional Hubs,https://waterhardness.uk/water-hardness/wf7,/water-hardness/wf7,WF7,Water Hardness in Outcode WF7,110,Supplier: Yorkshire Water • Sectors: 3
Outcode Regional Hubs,https://waterhardness.uk/water-hardness/wf8,/water-hardness/wf8,WF8,Water Hardness in Outcode WF8,110,Supplier: Yorkshire Water • Sectors: 5
Outcode Regional Hubs,https://waterhardness.uk/water-hardness/wf9,/water-hardness/wf9,WF9,Water Hardness in Outcode WF9,110,Supplier: Yorkshire Water • Sectors: 5
Outcode Regional Hubs,https://waterhardness.uk/water-hardness/wf90,/water-hardness/wf90,WF90,Water Hardness in Outcode WF90,110,Supplier: Yorkshire Water • Sectors: 1
Outcode Regional Hubs,https://waterhardness.uk/water-hardness/wn1,/water-hardness/wn1,WN1,Water Hardness in Outcode WN1,45,Supplier: United Utilities • Sectors: 4
Outcode Regional Hubs,https://waterhardness.uk/water-hardness/wn2,/water-hardness/wn2,WN2,Water Hardness in Outcode WN2,45,Supplier: United Utilities • Sectors: 5
Outcode Regional Hubs,https://waterhardness.uk/water-hardness/wn3,/water-hardness/wn3,WN3,Water Hardness in Outcode WN3,45,Supplier: United Utilities • Sectors: 3
Outcode Regional Hubs,https://waterhardness.uk/water-hardness/wn4,/water-hardness/wn4,WN4,Water Hardness in Outcode WN4,45,Supplier: United Utilities • Sectors: 3
Outcode Regional Hubs,https://waterhardness.uk/water-hardness/wn5,/water-hardness/wn5,WN5,Water Hardness in Outcode WN5,45,Supplier: United Utilities • Sectors: 4
Outcode Regional Hubs,https://waterhardness.uk/water-hardness/wn6,/water-hardness/wn6,WN6,Water Hardness in Outcode WN6,45,Supplier: United Utilities • Sectors: 4
Outcode Regional Hubs,https://waterhardness.uk/water-hardness/wn7,/water-hardness/wn7,WN7,Water Hardness in Outcode WN7,45,Supplier: United Utilities • Sectors: 6
Outcode Regional Hubs,https://waterhardness.uk/water-hardness/wn8,/water-hardness/wn8,WN8,Water Hardness in Outcode WN8,45,Supplier: United Utilities • Sectors: 6
Outcode Regional Hubs,https://waterhardness.uk/water-hardness/wr1,/water-hardness/wr1,WR1,Water Hardness in Outcode WR1,160,Supplier: Severn Trent Water • Sectors: 4
Outcode Regional Hubs,https://waterhardness.uk/water-hardness/wr10,/water-hardness/wr10,WR10,Water Hardness in Outcode WR10,160,Supplier: Severn Trent Water • Sectors: 4
Outcode Regional Hubs,https://waterhardness.uk/water-hardness/wr11,/water-hardness/wr11,WR11,Water Hardness in Outcode WR11,160,Supplier: Severn Trent Water • Sectors: 7
Outcode Regional Hubs,https://waterhardness.uk/water-hardness/wr12,/water-hardness/wr12,WR12,Water Hardness in Outcode WR12,160,Supplier: Severn Trent Water • Sectors: 1
Outcode Regional Hubs,https://waterhardness.uk/water-hardness/wr13,/water-hardness/wr13,WR13,Water Hardness in Outcode WR13,160,Supplier: Severn Trent Water • Sectors: 1
Outcode Regional Hubs,https://waterhardness.uk/water-hardness/wr13,/water-hardness/wr13,WR13,Water Hardness in Outcode WR13,150,Supplier: Severn Trent / Hafren Dyfrdwy • Sectors: 1
Outcode Regional Hubs,https://waterhardness.uk/water-hardness/wr14,/water-hardness/wr14,WR14,Water Hardness in Outcode WR14,160,Supplier: Severn Trent Water • Sectors: 5
Outcode Regional Hubs,https://waterhardness.uk/water-hardness/wr15,/water-hardness/wr15,WR15,Water Hardness in Outcode WR15,160,Supplier: Severn Trent Water • Sectors: 1
Outcode Regional Hubs,https://waterhardness.uk/water-hardness/wr2,/water-hardness/wr2,WR2,Water Hardness in Outcode WR2,160,Supplier: Severn Trent Water • Sectors: 3
Outcode Regional Hubs,https://waterhardness.uk/water-hardness/wr3,/water-hardness/wr3,WR3,Water Hardness in Outcode WR3,160,Supplier: Severn Trent Water • Sectors: 2
Outcode Regional Hubs,https://waterhardness.uk/water-hardness/wr4,/water-hardness/wr4,WR4,Water Hardness in Outcode WR4,160,Supplier: Severn Trent Water • Sectors: 3
Outcode Regional Hubs,https://waterhardness.uk/water-hardness/wr5,/water-hardness/wr5,WR5,Water Hardness in Outcode WR5,160,Supplier: Severn Trent Water • Sectors: 3
Outcode Regional Hubs,https://waterhardness.uk/water-hardness/wr6,/water-hardness/wr6,WR6,Water Hardness in Outcode WR6,160,Supplier: Severn Trent Water • Sectors: 2
Outcode Regional Hubs,https://waterhardness.uk/water-hardness/wr7,/water-hardness/wr7,WR7,Water Hardness in Outcode WR7,160,Supplier: Severn Trent Water • Sectors: 1
Outcode Regional Hubs,https://waterhardness.uk/water-hardness/wr8,/water-hardness/wr8,WR8,Water Hardness in Outcode WR8,160,Supplier: Severn Trent Water • Sectors: 2
Outcode Regional Hubs,https://waterhardness.uk/water-hardness/wr9,/water-hardness/wr9,WR9,Water Hardness in Outcode WR9,160,Supplier: Severn Trent Water • Sectors: 5
Outcode Regional Hubs,https://waterhardness.uk/water-hardness/wr99,/water-hardness/wr99,WR99,Water Hardness in Outcode WR99,160,Supplier: Severn Trent Water • Sectors: 2
Outcode Regional Hubs,https://waterhardness.uk/water-hardness/ws1,/water-hardness/ws1,WS1,Water Hardness in Outcode WS1,300,Supplier: South Staffordshire Water • Sectors: 5
Outcode Regional Hubs,https://waterhardness.uk/water-hardness/ws10,/water-hardness/ws10,WS10,Water Hardness in Outcode WS10,300,Supplier: South Staffordshire Water • Sectors: 5
Outcode Regional Hubs,https://waterhardness.uk/water-hardness/ws11,/water-hardness/ws11,WS11,Water Hardness in Outcode WS11,300,Supplier: South Staffordshire Water • Sectors: 8
Outcode Regional Hubs,https://waterhardness.uk/water-hardness/ws12,/water-hardness/ws12,WS12,Water Hardness in Outcode WS12,300,Supplier: South Staffordshire Water • Sectors: 6
Outcode Regional Hubs,https://waterhardness.uk/water-hardness/ws13,/water-hardness/ws13,WS13,Water Hardness in Outcode WS13,300,Supplier: South Staffordshire Water • Sectors: 4
Outcode Regional Hubs,https://waterhardness.uk/water-hardness/ws14,/water-hardness/ws14,WS14,Water Hardness in Outcode WS14,300,Supplier: South Staffordshire Water • Sectors: 3
Outcode Regional Hubs,https://waterhardness.uk/water-hardness/ws15,/water-hardness/ws15,WS15,Water Hardness in Outcode WS15,300,Supplier: South Staffordshire Water • Sectors: 5
Outcode Regional Hubs,https://waterhardness.uk/water-hardness/ws2,/water-hardness/ws2,WS2,Water Hardness in Outcode WS2,300,Supplier: South Staffordshire Water • Sectors: 3
Outcode Regional Hubs,https://waterhardness.uk/water-hardness/ws2,/water-hardness/ws2,WS2,Water Hardness in Outcode WS2,160,Supplier: Severn Trent Water • Sectors: 1
Outcode Regional Hubs,https://waterhardness.uk/water-hardness/ws3,/water-hardness/ws3,WS3,Water Hardness in Outcode WS3,300,Supplier: South Staffordshire Water • Sectors: 5
Outcode Regional Hubs,https://waterhardness.uk/water-hardness/ws4,/water-hardness/ws4,WS4,Water Hardness in Outcode WS4,300,Supplier: South Staffordshire Water • Sectors: 2
Outcode Regional Hubs,https://waterhardness.uk/water-hardness/ws5,/water-hardness/ws5,WS5,Water Hardness in Outcode WS5,300,Supplier: South Staffordshire Water • Sectors: 2
Outcode Regional Hubs,https://waterhardness.uk/water-hardness/ws6,/water-hardness/ws6,WS6,Water Hardness in Outcode WS6,300,Supplier: South Staffordshire Water • Sectors: 3
Outcode Regional Hubs,https://waterhardness.uk/water-hardness/ws7,/water-hardness/ws7,WS7,Water Hardness in Outcode WS7,300,Supplier: South Staffordshire Water • Sectors: 6
Outcode Regional Hubs,https://waterhardness.uk/water-hardness/ws8,/water-hardness/ws8,WS8,Water Hardness in Outcode WS8,300,Supplier: South Staffordshire Water • Sectors: 2
Outcode Regional Hubs,https://waterhardness.uk/water-hardness/ws9,/water-hardness/ws9,WS9,Water Hardness in Outcode WS9,300,Supplier: South Staffordshire Water • Sectors: 4
Outcode Regional Hubs,https://waterhardness.uk/water-hardness/wv1,/water-hardness/wv1,WV1,Water Hardness in Outcode WV1,160,Supplier: Severn Trent Water • Sectors: 5
Outcode Regional Hubs,https://waterhardness.uk/water-hardness/wv10,/water-hardness/wv10,WV10,Water Hardness in Outcode WV10,160,Supplier: Severn Trent Water • Sectors: 5
Outcode Regional Hubs,https://waterhardness.uk/water-hardness/wv11,/water-hardness/wv11,WV11,Water Hardness in Outcode WV11,160,Supplier: Severn Trent Water • Sectors: 4
Outcode Regional Hubs,https://waterhardness.uk/water-hardness/wv12,/water-hardness/wv12,WV12,Water Hardness in Outcode WV12,160,Supplier: Severn Trent Water • Sectors: 3
Outcode Regional Hubs,https://waterhardness.uk/water-hardness/wv13,/water-hardness/wv13,WV13,Water Hardness in Outcode WV13,160,Supplier: Severn Trent Water • Sectors: 3
Outcode Regional Hubs,https://waterhardness.uk/water-hardness/wv14,/water-hardness/wv14,WV14,Water Hardness in Outcode WV14,160,Supplier: Severn Trent Water • Sectors: 5
Outcode Regional Hubs,https://waterhardness.uk/water-hardness/wv14,/water-hardness/wv14,WV14,Water Hardness in Outcode WV14,300,Supplier: South Staffordshire Water • Sectors: 1
Outcode Regional Hubs,https://waterhardness.uk/water-hardness/wv15,/water-hardness/wv15,WV15,Water Hardness in Outcode WV15,160,Supplier: Severn Trent Water • Sectors: 2
Outcode Regional Hubs,https://waterhardness.uk/water-hardness/wv16,/water-hardness/wv16,WV16,Water Hardness in Outcode WV16,160,Supplier: Severn Trent Water • Sectors: 4
Outcode Regional Hubs,https://waterhardness.uk/water-hardness/wv2,/water-hardness/wv2,WV2,Water Hardness in Outcode WV2,160,Supplier: Severn Trent Water • Sectors: 4
Outcode Regional Hubs,https://waterhardness.uk/water-hardness/wv3,/water-hardness/wv3,WV3,Water Hardness in Outcode WV3,160,Supplier: Severn Trent Water • Sectors: 4
Outcode Regional Hubs,https://waterhardness.uk/water-hardness/wv4,/water-hardness/wv4,WV4,Water Hardness in Outcode WV4,160,Supplier: Severn Trent Water • Sectors: 3
Outcode Regional Hubs,https://waterhardness.uk/water-hardness/wv5,/water-hardness/wv5,WV5,Water Hardness in Outcode WV5,160,Supplier: Severn Trent Water • Sectors: 5
Outcode Regional Hubs,https://waterhardness.uk/water-hardness/wv6,/water-hardness/wv6,WV6,Water Hardness in Outcode WV6,160,Supplier: Severn Trent Water • Sectors: 5
Outcode Regional Hubs,https://waterhardness.uk/water-hardness/wv7,/water-hardness/wv7,WV7,Water Hardness in Outcode WV7,160,Supplier: Severn Trent Water • Sectors: 1
Outcode Regional Hubs,https://waterhardness.uk/water-hardness/wv8,/water-hardness/wv8,WV8,Water Hardness in Outcode WV8,160,Supplier: Severn Trent Water • Sectors: 2
Outcode Regional Hubs,https://waterhardness.uk/water-hardness/wv9,/water-hardness/wv9,WV9,Water Hardness in Outcode WV9,160,Supplier: Severn Trent Water • Sectors: 1
Outcode Regional Hubs,https://waterhardness.uk/water-hardness/wv98,/water-hardness/wv98,WV98,Water Hardness in Outcode WV98,160,Supplier: Severn Trent Water • Sectors: 1
Outcode Regional Hubs,https://waterhardness.uk/water-hardness/wv98,/water-hardness/wv98,WV98,Water Hardness in Outcode WV98,130,Supplier: Northumbrian Water • Sectors: 1
Outcode Regional Hubs,https://waterhardness.uk/water-hardness/wv99,/water-hardness/wv99,WV99,Water Hardness in Outcode WV99,160,Supplier: Severn Trent Water • Sectors: 2
Outcode Regional Hubs,https://waterhardness.uk/water-hardness/yo1,/water-hardness/yo1,YO1,Water Hardness in Outcode YO1,110,Supplier: Yorkshire Water • Sectors: 5
Outcode Regional Hubs,https://waterhardness.uk/water-hardness/yo10,/water-hardness/yo10,YO10,Water Hardness in Outcode YO10,110,Supplier: Yorkshire Water • Sectors: 3
Outcode Regional Hubs,https://waterhardness.uk/water-hardness/yo11,/water-hardness/yo11,YO11,Water Hardness in Outcode YO11,110,Supplier: Yorkshire Water • Sectors: 4
Outcode Regional Hubs,https://waterhardness.uk/water-hardness/yo12,/water-hardness/yo12,YO12,Water Hardness in Outcode YO12,110,Supplier: Yorkshire Water • Sectors: 4
Outcode Regional Hubs,https://waterhardness.uk/water-hardness/yo13,/water-hardness/yo13,YO13,Water Hardness in Outcode YO13,110,Supplier: Yorkshire Water • Sectors: 2
Outcode Regional Hubs,https://waterhardness.uk/water-hardness/yo14,/water-hardness/yo14,YO14,Water Hardness in Outcode YO14,110,Supplier: Yorkshire Water • Sectors: 2
Outcode Regional Hubs,https://waterhardness.uk/water-hardness/yo15,/water-hardness/yo15,YO15,Water Hardness in Outcode YO15,110,Supplier: Yorkshire Water • Sectors: 4
Outcode Regional Hubs,https://waterhardness.uk/water-hardness/yo16,/water-hardness/yo16,YO16,Water Hardness in Outcode YO16,110,Supplier: Yorkshire Water • Sectors: 3
Outcode Regional Hubs,https://waterhardness.uk/water-hardness/yo17,/water-hardness/yo17,YO17,Water Hardness in Outcode YO17,110,Supplier: Yorkshire Water • Sectors: 5
Outcode Regional Hubs,https://waterhardness.uk/water-hardness/yo18,/water-hardness/yo18,YO18,Water Hardness in Outcode YO18,110,Supplier: Yorkshire Water • Sectors: 3
Outcode Regional Hubs,https://waterhardness.uk/water-hardness/yo19,/water-hardness/yo19,YO19,Water Hardness in Outcode YO19,110,Supplier: Yorkshire Water • Sectors: 3
Outcode Regional Hubs,https://waterhardness.uk/water-hardness/yo21,/water-hardness/yo21,YO21,Water Hardness in Outcode YO21,110,Supplier: Yorkshire Water • Sectors: 4
Outcode Regional Hubs,https://waterhardness.uk/water-hardness/yo22,/water-hardness/yo22,YO22,Water Hardness in Outcode YO22,110,Supplier: Yorkshire Water • Sectors: 2
Outcode Regional Hubs,https://waterhardness.uk/water-hardness/yo23,/water-hardness/yo23,YO23,Water Hardness in Outcode YO23,110,Supplier: Yorkshire Water • Sectors: 4
Outcode Regional Hubs,https://waterhardness.uk/water-hardness/yo24,/water-hardness/yo24,YO24,Water Hardness in Outcode YO24,110,Supplier: Yorkshire Water • Sectors: 4
Outcode Regional Hubs,https://waterhardness.uk/water-hardness/yo25,/water-hardness/yo25,YO25,Water Hardness in Outcode YO25,110,Supplier: Yorkshire Water • Sectors: 7
Outcode Regional Hubs,https://waterhardness.uk/water-hardness/yo26,/water-hardness/yo26,YO26,Water Hardness in Outcode YO26,110,Supplier: Yorkshire Water • Sectors: 7
Outcode Regional Hubs,https://waterhardness.uk/water-hardness/yo30,/water-hardness/yo30,YO30,Water Hardness in Outcode YO30,110,Supplier: Yorkshire Water • Sectors: 6
Outcode Regional Hubs,https://waterhardness.uk/water-hardness/yo31,/water-hardness/yo31,YO31,Water Hardness in Outcode YO31,110,Supplier: Yorkshire Water • Sectors: 6
Outcode Regional Hubs,https://waterhardness.uk/water-hardness/yo32,/water-hardness/yo32,YO32,Water Hardness in Outcode YO32,110,Supplier: Yorkshire Water • Sectors: 5
Outcode Regional Hubs,https://waterhardness.uk/water-hardness/yo41,/water-hardness/yo41,YO41,Water Hardness in Outcode YO41,110,Supplier: Yorkshire Water • Sectors: 3
Outcode Regional Hubs,https://waterhardness.uk/water-hardness/yo42,/water-hardness/yo42,YO42,Water Hardness in Outcode YO42,110,Supplier: Yorkshire Water • Sectors: 4
Outcode Regional Hubs,https://waterhardness.uk/water-hardness/yo43,/water-hardness/yo43,YO43,Water Hardness in Outcode YO43,110,Supplier: Yorkshire Water • Sectors: 2
Outcode Regional Hubs,https://waterhardness.uk/water-hardness/yo51,/water-hardness/yo51,YO51,Water Hardness in Outcode YO51,110,Supplier: Yorkshire Water • Sectors: 1
Outcode Regional Hubs,https://waterhardness.uk/water-hardness/yo60,/water-hardness/yo60,YO60,Water Hardness in Outcode YO60,110,Supplier: Yorkshire Water • Sectors: 2
Outcode Regional Hubs,https://waterhardness.uk/water-hardness/yo61,/water-hardness/yo61,YO61,Water Hardness in Outcode YO61,110,Supplier: Yorkshire Water • Sectors: 4
Outcode Regional Hubs,https://waterhardness.uk/water-hardness/yo62,/water-hardness/yo62,YO62,Water Hardness in Outcode YO62,110,Supplier: Yorkshire Water • Sectors: 4
Outcode Regional Hubs,https://waterhardness.uk/water-hardness/yo7,/water-hardness/yo7,YO7,Water Hardness in Outcode YO7,110,Supplier: Yorkshire Water • Sectors: 5
Outcode Regional Hubs,https://waterhardness.uk/water-hardness/yo8,/water-hardness/yo8,YO8,Water Hardness in Outcode YO8,110,Supplier: Yorkshire Water • Sectors: 7
Outcode Regional Hubs,https://waterhardness.uk/water-hardness/yo90,/water-hardness/yo90,YO90,Water Hardness in Outcode YO90,110,Supplier: Yorkshire Water • Sectors: 1
Outcode Regional Hubs,https://waterhardness.uk/water-hardness/ze1,/water-hardness/ze1,ZE1,Water Hardness in Outcode ZE1,25,Supplier: Scottish Water • Sectors: 2
Outcode Regional Hubs,https://waterhardness.uk/water-hardness/ze2,/water-hardness/ze2,ZE2,Water Hardness in Outcode ZE2,25,Supplier: Scottish Water • Sectors: 1
Outcode Regional Hubs,https://waterhardness.uk/water-hardness/ze3,/water-hardness/ze3,ZE3,Water Hardness in Outcode ZE3,25,Supplier: Scottish Water • Sectors: 1