Category,URL,Path,Outcode,Company_Name,Avg_PPM,Avg_Clark_Degrees,Sector_Count
Outcode Regional Hub,https://waterhardness.uk/water-hardness/ab10,/water-hardness/ab10,AB10,Scottish Water,25,1.8,3
Outcode Regional Hub,https://waterhardness.uk/water-hardness/ab11,/water-hardness/ab11,AB11,Scottish Water,25,1.8,5
Outcode Regional Hub,https://waterhardness.uk/water-hardness/ab12,/water-hardness/ab12,AB12,Scottish Water,25,1.8,4
Outcode Regional Hub,https://waterhardness.uk/water-hardness/ab13,/water-hardness/ab13,AB13,Scottish Water,25,1.8,1
Outcode Regional Hub,https://waterhardness.uk/water-hardness/ab14,/water-hardness/ab14,AB14,Scottish Water,25,1.8,1
Outcode Regional Hub,https://waterhardness.uk/water-hardness/ab15,/water-hardness/ab15,AB15,Scottish Water,25,1.8,6
Outcode Regional Hub,https://waterhardness.uk/water-hardness/ab16,/water-hardness/ab16,AB16,Scottish Water,25,1.8,4
Outcode Regional Hub,https://waterhardness.uk/water-hardness/ab21,/water-hardness/ab21,AB21,Scottish Water,25,1.8,4
Outcode Regional Hub,https://waterhardness.uk/water-hardness/ab22,/water-hardness/ab22,AB22,Scottish Water,25,1.8,2
Outcode Regional Hub,https://waterhardness.uk/water-hardness/ab23,/water-hardness/ab23,AB23,Scottish Water,25,1.8,2
Outcode Regional Hub,https://waterhardness.uk/water-hardness/ab24,/water-hardness/ab24,AB24,Scottish Water,25,1.8,5
Outcode Regional Hub,https://waterhardness.uk/water-hardness/ab25,/water-hardness/ab25,AB25,Scottish Water,25,1.8,4
Outcode Regional Hub,https://waterhardness.uk/water-hardness/ab30,/water-hardness/ab30,AB30,Scottish Water,25,1.8,1
Outcode Regional Hub,https://waterhardness.uk/water-hardness/ab31,/water-hardness/ab31,AB31,Scottish Water,25,1.8,4
Outcode Regional Hub,https://waterhardness.uk/water-hardness/ab32,/water-hardness/ab32,AB32,Scottish Water,25,1.8,3
Outcode Regional Hub,https://waterhardness.uk/water-hardness/ab33,/water-hardness/ab33,AB33,Scottish Water,25,1.8,1
Outcode Regional Hub,https://waterhardness.uk/water-hardness/ab34,/water-hardness/ab34,AB34,Scottish Water,25,1.8,2
Outcode Regional Hub,https://waterhardness.uk/water-hardness/ab35,/water-hardness/ab35,AB35,Scottish Water,25,1.8,1
Outcode Regional Hub,https://waterhardness.uk/water-hardness/ab36,/water-hardness/ab36,AB36,Scottish Water,25,1.8,1
Outcode Regional Hub,https://waterhardness.uk/water-hardness/ab37,/water-hardness/ab37,AB37,Scottish Water,25,1.8,1
Outcode Regional Hub,https://waterhardness.uk/water-hardness/ab38,/water-hardness/ab38,AB38,Scottish Water,25,1.8,2
Outcode Regional Hub,https://waterhardness.uk/water-hardness/ab39,/water-hardness/ab39,AB39,Scottish Water,25,1.8,4
Outcode Regional Hub,https://waterhardness.uk/water-hardness/ab41,/water-hardness/ab41,AB41,Scottish Water,25,1.8,5
Outcode Regional Hub,https://waterhardness.uk/water-hardness/ab42,/water-hardness/ab42,AB42,Scottish Water,25,1.8,7
Outcode Regional Hub,https://waterhardness.uk/water-hardness/ab43,/water-hardness/ab43,AB43,Scottish Water,25,1.8,5
Outcode Regional Hub,https://waterhardness.uk/water-hardness/ab44,/water-hardness/ab44,AB44,Scottish Water,25,1.8,1
Outcode Regional Hub,https://waterhardness.uk/water-hardness/ab45,/water-hardness/ab45,AB45,Scottish Water,25,1.8,3
Outcode Regional Hub,https://waterhardness.uk/water-hardness/ab51,/water-hardness/ab51,AB51,Scottish Water,25,1.8,8
Outcode Regional Hub,https://waterhardness.uk/water-hardness/ab52,/water-hardness/ab52,AB52,Scottish Water,25,1.8,1
Outcode Regional Hub,https://waterhardness.uk/water-hardness/ab53,/water-hardness/ab53,AB53,Scottish Water,25,1.8,5
Outcode Regional Hub,https://waterhardness.uk/water-hardness/ab54,/water-hardness/ab54,AB54,Scottish Water,25,1.8,5
Outcode Regional Hub,https://waterhardness.uk/water-hardness/ab55,/water-hardness/ab55,AB55,Scottish Water,25,1.8,4
Outcode Regional Hub,https://waterhardness.uk/water-hardness/ab56,/water-hardness/ab56,AB56,Scottish Water,25,1.8,4
Outcode Regional Hub,https://waterhardness.uk/water-hardness/ab99,/water-hardness/ab99,AB99,Scottish Water,25,1.8,1
Outcode Regional Hub,https://waterhardness.uk/water-hardness/al1,/water-hardness/al1,AL1,Affinity Water,290,20.3,6
Outcode Regional Hub,https://waterhardness.uk/water-hardness/al10,/water-hardness/al10,AL10,Affinity Water,290,20.3,4
Outcode Regional Hub,https://waterhardness.uk/water-hardness/al2,/water-hardness/al2,AL2,Affinity Water,290,20.3,3
Outcode Regional Hub,https://waterhardness.uk/water-hardness/al3,/water-hardness/al3,AL3,Affinity Water,290,20.3,5
Outcode Regional Hub,https://waterhardness.uk/water-hardness/al4,/water-hardness/al4,AL4,Affinity Water,290,20.3,3
Outcode Regional Hub,https://waterhardness.uk/water-hardness/al5,/water-hardness/al5,AL5,Affinity Water,290,20.3,6
Outcode Regional Hub,https://waterhardness.uk/water-hardness/al6,/water-hardness/al6,AL6,Affinity Water,290,20.3,2
Outcode Regional Hub,https://waterhardness.uk/water-hardness/al7,/water-hardness/al7,AL7,Affinity Water,290,20.3,5
Outcode Regional Hub,https://waterhardness.uk/water-hardness/al8,/water-hardness/al8,AL8,Affinity Water,290,20.3,2
Outcode Regional Hub,https://waterhardness.uk/water-hardness/al9,/water-hardness/al9,AL9,Affinity Water,290,20.3,3
Outcode Regional Hub,https://waterhardness.uk/water-hardness/b1,/water-hardness/b1,B1,Severn Trent Water,160,11.2,3
Outcode Regional Hub,https://waterhardness.uk/water-hardness/b10,/water-hardness/b10,B10,Severn Trent Water,160,11.2,2
Outcode Regional Hub,https://waterhardness.uk/water-hardness/b11,/water-hardness/b11,B11,Severn Trent Water,160,11.2,4
Outcode Regional Hub,https://waterhardness.uk/water-hardness/b12,/water-hardness/b12,B12,Severn Trent Water,160,11.2,3
Outcode Regional Hub,https://waterhardness.uk/water-hardness/b13,/water-hardness/b13,B13,Severn Trent Water,160,11.2,4
Outcode Regional Hub,https://waterhardness.uk/water-hardness/b14,/water-hardness/b14,B14,Severn Trent Water,160,11.2,4
Outcode Regional Hub,https://waterhardness.uk/water-hardness/b15,/water-hardness/b15,B15,Severn Trent Water,160,11.2,3
Outcode Regional Hub,https://waterhardness.uk/water-hardness/b16,/water-hardness/b16,B16,Severn Trent Water,160,11.2,4
Outcode Regional Hub,https://waterhardness.uk/water-hardness/b17,/water-hardness/b17,B17,Severn Trent Water,160,11.2,3
Outcode Regional Hub,https://waterhardness.uk/water-hardness/b18,/water-hardness/b18,B18,Severn Trent Water,160,11.2,5
Outcode Regional Hub,https://waterhardness.uk/water-hardness/b19,/water-hardness/b19,B19,Severn Trent Water,160,11.2,3
Outcode Regional Hub,https://waterhardness.uk/water-hardness/b2,/water-hardness/b2,B2,Severn Trent Water,160,11.2,3
Outcode Regional Hub,https://waterhardness.uk/water-hardness/b20,/water-hardness/b20,B20,Severn Trent Water,160,11.2,3
Outcode Regional Hub,https://waterhardness.uk/water-hardness/b21,/water-hardness/b21,B21,Severn Trent Water,160,11.2,4
Outcode Regional Hub,https://waterhardness.uk/water-hardness/b23,/water-hardness/b23,B23,Severn Trent Water,160,11.2,4
Outcode Regional Hub,https://waterhardness.uk/water-hardness/b24,/water-hardness/b24,B24,Severn Trent Water,160,11.2,3
Outcode Regional Hub,https://waterhardness.uk/water-hardness/b25,/water-hardness/b25,B25,Severn Trent Water,160,11.2,2
Outcode Regional Hub,https://waterhardness.uk/water-hardness/b26,/water-hardness/b26,B26,Severn Trent Water,160,11.2,3
Outcode Regional Hub,https://waterhardness.uk/water-hardness/b27,/water-hardness/b27,B27,Severn Trent Water,160,11.2,2
Outcode Regional Hub,https://waterhardness.uk/water-hardness/b28,/water-hardness/b28,B28,Severn Trent Water,160,11.2,4
Outcode Regional Hub,https://waterhardness.uk/water-hardness/b29,/water-hardness/b29,B29,Severn Trent Water,160,11.2,5
Outcode Regional Hub,https://waterhardness.uk/water-hardness/b3,/water-hardness/b3,B3,Severn Trent Water,160,11.2,3
Outcode Regional Hub,https://waterhardness.uk/water-hardness/b30,/water-hardness/b30,B30,Severn Trent Water,160,11.2,4
Outcode Regional Hub,https://waterhardness.uk/water-hardness/b31,/water-hardness/b31,B31,Severn Trent Water,160,11.2,6
Outcode Regional Hub,https://waterhardness.uk/water-hardness/b32,/water-hardness/b32,B32,Severn Trent Water,160,11.2,5
Outcode Regional Hub,https://waterhardness.uk/water-hardness/b33,/water-hardness/b33,B33,Severn Trent Water,160,11.2,4
Outcode Regional Hub,https://waterhardness.uk/water-hardness/b34,/water-hardness/b34,B34,Severn Trent Water,160,11.2,2
Outcode Regional Hub,https://waterhardness.uk/water-hardness/b35,/water-hardness/b35,B35,Severn Trent Water,160,11.2,3
Outcode Regional Hub,https://waterhardness.uk/water-hardness/b36,/water-hardness/b36,B36,Severn Trent Water,160,11.2,3
Outcode Regional Hub,https://waterhardness.uk/water-hardness/b37,/water-hardness/b37,B37,Severn Trent Water,160,11.2,4
Outcode Regional Hub,https://waterhardness.uk/water-hardness/b38,/water-hardness/b38,B38,Severn Trent Water,160,11.2,3
Outcode Regional Hub,https://waterhardness.uk/water-hardness/b4,/water-hardness/b4,B4,Severn Trent Water,160,11.2,2
Outcode Regional Hub,https://waterhardness.uk/water-hardness/b40,/water-hardness/b40,B40,Severn Trent Water,160,11.2,1
Outcode Regional Hub,https://waterhardness.uk/water-hardness/b42,/water-hardness/b42,B42,Severn Trent Water,160,11.2,3
Outcode Regional Hub,https://waterhardness.uk/water-hardness/b43,/water-hardness/b43,B43,Severn Trent Water,160,11.2,1
Outcode Regional Hub,https://waterhardness.uk/water-hardness/b43,/water-hardness/b43,B43,South Staffordshire Water,300,21,2
Outcode Regional Hub,https://waterhardness.uk/water-hardness/b44,/water-hardness/b44,B44,Severn Trent Water,160,11.2,3
Outcode Regional Hub,https://waterhardness.uk/water-hardness/b45,/water-hardness/b45,B45,Severn Trent Water,160,11.2,4
Outcode Regional Hub,https://waterhardness.uk/water-hardness/b46,/water-hardness/b46,B46,Severn Trent Water,160,11.2,4
Outcode Regional Hub,https://waterhardness.uk/water-hardness/b47,/water-hardness/b47,B47,Severn Trent Water,160,11.2,2
Outcode Regional Hub,https://waterhardness.uk/water-hardness/b48,/water-hardness/b48,B48,Severn Trent Water,160,11.2,1
Outcode Regional Hub,https://waterhardness.uk/water-hardness/b49,/water-hardness/b49,B49,Severn Trent Water,160,11.2,3
Outcode Regional Hub,https://waterhardness.uk/water-hardness/b5,/water-hardness/b5,B5,Severn Trent Water,160,11.2,4
Outcode Regional Hub,https://waterhardness.uk/water-hardness/b50,/water-hardness/b50,B50,Severn Trent Water,160,11.2,1
Outcode Regional Hub,https://waterhardness.uk/water-hardness/b6,/water-hardness/b6,B6,Severn Trent Water,160,11.2,5
Outcode Regional Hub,https://waterhardness.uk/water-hardness/b60,/water-hardness/b60,B60,Severn Trent Water,160,11.2,5
Outcode Regional Hub,https://waterhardness.uk/water-hardness/b61,/water-hardness/b61,B61,Severn Trent Water,160,11.2,4
Outcode Regional Hub,https://waterhardness.uk/water-hardness/b62,/water-hardness/b62,B62,South Staffordshire Water,300,21,4
Outcode Regional Hub,https://waterhardness.uk/water-hardness/b63,/water-hardness/b63,B63,South Staffordshire Water,300,21,4
Outcode Regional Hub,https://waterhardness.uk/water-hardness/b64,/water-hardness/b64,B64,South Staffordshire Water,300,21,3
Outcode Regional Hub,https://waterhardness.uk/water-hardness/b65,/water-hardness/b65,B65,South Staffordshire Water,300,21,3
Outcode Regional Hub,https://waterhardness.uk/water-hardness/b66,/water-hardness/b66,B66,South Staffordshire Water,300,21,4
Outcode Regional Hub,https://waterhardness.uk/water-hardness/b67,/water-hardness/b67,B67,South Staffordshire Water,300,21,4
Outcode Regional Hub,https://waterhardness.uk/water-hardness/b68,/water-hardness/b68,B68,South Staffordshire Water,300,21,3
Outcode Regional Hub,https://waterhardness.uk/water-hardness/b69,/water-hardness/b69,B69,South Staffordshire Water,300,21,5
Outcode Regional Hub,https://waterhardness.uk/water-hardness/b7,/water-hardness/b7,B7,Severn Trent Water,160,11.2,2
Outcode Regional Hub,https://waterhardness.uk/water-hardness/b70,/water-hardness/b70,B70,South Staffordshire Water,300,21,6
Outcode Regional Hub,https://waterhardness.uk/water-hardness/b71,/water-hardness/b71,B71,South Staffordshire Water,300,21,4
Outcode Regional Hub,https://waterhardness.uk/water-hardness/b72,/water-hardness/b72,B72,South Staffordshire Water,300,21,1
Outcode Regional Hub,https://waterhardness.uk/water-hardness/b73,/water-hardness/b73,B73,South Staffordshire Water,300,21,3
Outcode Regional Hub,https://waterhardness.uk/water-hardness/b74,/water-hardness/b74,B74,South Staffordshire Water,300,21,3
Outcode Regional Hub,https://waterhardness.uk/water-hardness/b75,/water-hardness/b75,B75,South Staffordshire Water,300,21,3
Outcode Regional Hub,https://waterhardness.uk/water-hardness/b76,/water-hardness/b76,B76,Severn Trent Water,160,11.2,1
Outcode Regional Hub,https://waterhardness.uk/water-hardness/b76,/water-hardness/b76,B76,South Staffordshire Water,300,21,3
Outcode Regional Hub,https://waterhardness.uk/water-hardness/b77,/water-hardness/b77,B77,South Staffordshire Water,300,21,6
Outcode Regional Hub,https://waterhardness.uk/water-hardness/b78,/water-hardness/b78,B78,Severn Trent Water,160,11.2,2
Outcode Regional Hub,https://waterhardness.uk/water-hardness/b78,/water-hardness/b78,B78,South Staffordshire Water,300,21,1
Outcode Regional Hub,https://waterhardness.uk/water-hardness/b79,/water-hardness/b79,B79,South Staffordshire Water,300,21,4
Outcode Regional Hub,https://waterhardness.uk/water-hardness/b8,/water-hardness/b8,B8,Severn Trent Water,160,11.2,3
Outcode Regional Hub,https://waterhardness.uk/water-hardness/b80,/water-hardness/b80,B80,Severn Trent Water,160,11.2,1
Outcode Regional Hub,https://waterhardness.uk/water-hardness/b9,/water-hardness/b9,B9,Severn Trent Water,160,11.2,3
Outcode Regional Hub,https://waterhardness.uk/water-hardness/b90,/water-hardness/b90,B90,Severn Trent Water,160,11.2,6
Outcode Regional Hub,https://waterhardness.uk/water-hardness/b91,/water-hardness/b91,B91,Severn Trent Water,160,11.2,4
Outcode Regional Hub,https://waterhardness.uk/water-hardness/b92,/water-hardness/b92,B92,Severn Trent Water,160,11.2,4
Outcode Regional Hub,https://waterhardness.uk/water-hardness/b93,/water-hardness/b93,B93,Severn Trent Water,160,11.2,4
Outcode Regional Hub,https://waterhardness.uk/water-hardness/b94,/water-hardness/b94,B94,Severn Trent Water,160,11.2,2
Outcode Regional Hub,https://waterhardness.uk/water-hardness/b95,/water-hardness/b95,B95,Severn Trent Water,160,11.2,3
Outcode Regional Hub,https://waterhardness.uk/water-hardness/b96,/water-hardness/b96,B96,Severn Trent Water,160,11.2,1
Outcode Regional Hub,https://waterhardness.uk/water-hardness/b97,/water-hardness/b97,B97,Severn Trent Water,160,11.2,4
Outcode Regional Hub,https://waterhardness.uk/water-hardness/b98,/water-hardness/b98,B98,Severn Trent Water,160,11.2,4
Outcode Regional Hub,https://waterhardness.uk/water-hardness/b99,/water-hardness/b99,B99,Severn Trent Water,160,11.2,1
Outcode Regional Hub,https://waterhardness.uk/water-hardness/ba1,/water-hardness/ba1,BA1,Wessex Water,290,20.3,10
Outcode Regional Hub,https://waterhardness.uk/water-hardness/ba10,/water-hardness/ba10,BA10,Wessex Water,290,20.3,1
Outcode Regional Hub,https://waterhardness.uk/water-hardness/ba11,/water-hardness/ba11,BA11,Bristol Water,265,18.6,7
Outcode Regional Hub,https://waterhardness.uk/water-hardness/ba12,/water-hardness/ba12,BA12,Wessex Water,290,20.3,6
Outcode Regional Hub,https://waterhardness.uk/water-hardness/ba13,/water-hardness/ba13,BA13,Wessex Water,290,20.3,4
Outcode Regional Hub,https://waterhardness.uk/water-hardness/ba14,/water-hardness/ba14,BA14,Wessex Water,290,20.3,6
Outcode Regional Hub,https://waterhardness.uk/water-hardness/ba15,/water-hardness/ba15,BA15,Wessex Water,290,20.3,3
Outcode Regional Hub,https://waterhardness.uk/water-hardness/ba16,/water-hardness/ba16,BA16,Bristol Water,265,18.6,2
Outcode Regional Hub,https://waterhardness.uk/water-hardness/ba2,/water-hardness/ba2,BA2,Bristol Water,265,18.6,3
Outcode Regional Hub,https://waterhardness.uk/water-hardness/ba2,/water-hardness/ba2,BA2,Wessex Water,290,20.3,7
Outcode Regional Hub,https://waterhardness.uk/water-hardness/ba20,/water-hardness/ba20,BA20,Wessex Water,290,20.3,3
Outcode Regional Hub,https://waterhardness.uk/water-hardness/ba21,/water-hardness/ba21,BA21,Wessex Water,290,20.3,3
Outcode Regional Hub,https://waterhardness.uk/water-hardness/ba22,/water-hardness/ba22,BA22,Wessex Water,290,20.3,3
Outcode Regional Hub,https://waterhardness.uk/water-hardness/ba3,/water-hardness/ba3,BA3,Bristol Water,265,18.6,5
Outcode Regional Hub,https://waterhardness.uk/water-hardness/ba4,/water-hardness/ba4,BA4,Bristol Water,265,18.6,4
Outcode Regional Hub,https://waterhardness.uk/water-hardness/ba5,/water-hardness/ba5,BA5,Bristol Water,265,18.6,4
Outcode Regional Hub,https://waterhardness.uk/water-hardness/ba6,/water-hardness/ba6,BA6,Bristol Water,265,18.6,3
Outcode Regional Hub,https://waterhardness.uk/water-hardness/ba7,/water-hardness/ba7,BA7,Wessex Water,290,20.3,1
Outcode Regional Hub,https://waterhardness.uk/water-hardness/ba8,/water-hardness/ba8,BA8,Wessex Water,290,20.3,1
Outcode Regional Hub,https://waterhardness.uk/water-hardness/ba9,/water-hardness/ba9,BA9,Wessex Water,290,20.3,3
Outcode Regional Hub,https://waterhardness.uk/water-hardness/bb1,/water-hardness/bb1,BB1,United Utilities,45,3.2,9
Outcode Regional Hub,https://waterhardness.uk/water-hardness/bb10,/water-hardness/bb10,BB10,United Utilities,45,3.2,4
Outcode Regional Hub,https://waterhardness.uk/water-hardness/bb11,/water-hardness/bb11,BB11,United Utilities,45,3.2,6
Outcode Regional Hub,https://waterhardness.uk/water-hardness/bb12,/water-hardness/bb12,BB12,United Utilities,45,3.2,5
Outcode Regional Hub,https://waterhardness.uk/water-hardness/bb18,/water-hardness/bb18,BB18,Yorkshire Water,110,7.7,3
Outcode Regional Hub,https://waterhardness.uk/water-hardness/bb2,/water-hardness/bb2,BB2,United Utilities,45,3.2,8
Outcode Regional Hub,https://waterhardness.uk/water-hardness/bb3,/water-hardness/bb3,BB3,United Utilities,45,3.2,5
Outcode Regional Hub,https://waterhardness.uk/water-hardness/bb4,/water-hardness/bb4,BB4,United Utilities,45,3.2,7
Outcode Regional Hub,https://waterhardness.uk/water-hardness/bb5,/water-hardness/bb5,BB5,United Utilities,45,3.2,8
Outcode Regional Hub,https://waterhardness.uk/water-hardness/bb6,/water-hardness/bb6,BB6,United Utilities,45,3.2,2
Outcode Regional Hub,https://waterhardness.uk/water-hardness/bb7,/water-hardness/bb7,BB7,United Utilities,45,3.2,6
Outcode Regional Hub,https://waterhardness.uk/water-hardness/bb8,/water-hardness/bb8,BB8,United Utilities,45,3.2,4
Outcode Regional Hub,https://waterhardness.uk/water-hardness/bb9,/water-hardness/bb9,BB9,United Utilities,45,3.2,7
Outcode Regional Hub,https://waterhardness.uk/water-hardness/bd1,/water-hardness/bd1,BD1,Yorkshire Water,110,7.7,6
Outcode Regional Hub,https://waterhardness.uk/water-hardness/bd10,/water-hardness/bd10,BD10,Yorkshire Water,110,7.7,3
Outcode Regional Hub,https://waterhardness.uk/water-hardness/bd11,/water-hardness/bd11,BD11,Yorkshire Water,110,7.7,2
Outcode Regional Hub,https://waterhardness.uk/water-hardness/bd12,/water-hardness/bd12,BD12,Yorkshire Water,110,7.7,4
Outcode Regional Hub,https://waterhardness.uk/water-hardness/bd13,/water-hardness/bd13,BD13,Yorkshire Water,110,7.7,6
Outcode Regional Hub,https://waterhardness.uk/water-hardness/bd14,/water-hardness/bd14,BD14,Yorkshire Water,110,7.7,1
Outcode Regional Hub,https://waterhardness.uk/water-hardness/bd15,/water-hardness/bd15,BD15,Yorkshire Water,110,7.7,4
Outcode Regional Hub,https://waterhardness.uk/water-hardness/bd16,/water-hardness/bd16,BD16,Yorkshire Water,110,7.7,5
Outcode Regional Hub,https://waterhardness.uk/water-hardness/bd17,/water-hardness/bd17,BD17,Yorkshire Water,110,7.7,3
Outcode Regional Hub,https://waterhardness.uk/water-hardness/bd18,/water-hardness/bd18,BD18,Yorkshire Water,110,7.7,5
Outcode Regional Hub,https://waterhardness.uk/water-hardness/bd19,/water-hardness/bd19,BD19,Yorkshire Water,110,7.7,5
Outcode Regional Hub,https://waterhardness.uk/water-hardness/bd2,/water-hardness/bd2,BD2,Yorkshire Water,110,7.7,4
Outcode Regional Hub,https://waterhardness.uk/water-hardness/bd20,/water-hardness/bd20,BD20,Yorkshire Water,110,7.7,6
Outcode Regional Hub,https://waterhardness.uk/water-hardness/bd21,/water-hardness/bd21,BD21,Yorkshire Water,110,7.7,6
Outcode Regional Hub,https://waterhardness.uk/water-hardness/bd22,/water-hardness/bd22,BD22,Yorkshire Water,110,7.7,5
Outcode Regional Hub,https://waterhardness.uk/water-hardness/bd23,/water-hardness/bd23,BD23,Yorkshire Water,110,7.7,8
Outcode Regional Hub,https://waterhardness.uk/water-hardness/bd24,/water-hardness/bd24,BD24,Yorkshire Water,110,7.7,2
Outcode Regional Hub,https://waterhardness.uk/water-hardness/bd3,/water-hardness/bd3,BD3,Yorkshire Water,110,7.7,4
Outcode Regional Hub,https://waterhardness.uk/water-hardness/bd4,/water-hardness/bd4,BD4,Yorkshire Water,110,7.7,5
Outcode Regional Hub,https://waterhardness.uk/water-hardness/bd5,/water-hardness/bd5,BD5,Yorkshire Water,110,7.7,5
Outcode Regional Hub,https://waterhardness.uk/water-hardness/bd6,/water-hardness/bd6,BD6,Yorkshire Water,110,7.7,3
Outcode Regional Hub,https://waterhardness.uk/water-hardness/bd7,/water-hardness/bd7,BD7,Yorkshire Water,110,7.7,4
Outcode Regional Hub,https://waterhardness.uk/water-hardness/bd8,/water-hardness/bd8,BD8,Yorkshire Water,110,7.7,4
Outcode Regional Hub,https://waterhardness.uk/water-hardness/bd9,/water-hardness/bd9,BD9,Yorkshire Water,110,7.7,3
Outcode Regional Hub,https://waterhardness.uk/water-hardness/bd97,/water-hardness/bd97,BD97,Yorkshire Water,110,7.7,1
Outcode Regional Hub,https://waterhardness.uk/water-hardness/bd98,/water-hardness/bd98,BD98,Northumbrian Water,130,9.1,2
Outcode Regional Hub,https://waterhardness.uk/water-hardness/bd98,/water-hardness/bd98,BD98,Yorkshire Water,110,7.7,1
Outcode Regional Hub,https://waterhardness.uk/water-hardness/bd99,/water-hardness/bd99,BD99,Yorkshire Water,110,7.7,3
Outcode Regional Hub,https://waterhardness.uk/water-hardness/bh1,/water-hardness/bh1,BH1,South West Water,40,2.8,5
Outcode Regional Hub,https://waterhardness.uk/water-hardness/bh10,/water-hardness/bh10,BH10,South West Water,40,2.8,4
Outcode Regional Hub,https://waterhardness.uk/water-hardness/bh11,/water-hardness/bh11,BH11,South West Water,40,2.8,3
Outcode Regional Hub,https://waterhardness.uk/water-hardness/bh12,/water-hardness/bh12,BH12,South West Water,40,2.8,3
Outcode Regional Hub,https://waterhardness.uk/water-hardness/bh12,/water-hardness/bh12,BH12,Wessex Water,290,20.3,3
Outcode Regional Hub,https://waterhardness.uk/water-hardness/bh13,/water-hardness/bh13,BH13,South West Water,40,2.8,1
Outcode Regional Hub,https://waterhardness.uk/water-hardness/bh13,/water-hardness/bh13,BH13,Wessex Water,290,20.3,1
Outcode Regional Hub,https://waterhardness.uk/water-hardness/bh14,/water-hardness/bh14,BH14,Wessex Water,290,20.3,4
Outcode Regional Hub,https://waterhardness.uk/water-hardness/bh15,/water-hardness/bh15,BH15,Wessex Water,290,20.3,5
Outcode Regional Hub,https://waterhardness.uk/water-hardness/bh16,/water-hardness/bh16,BH16,Wessex Water,290,20.3,2
Outcode Regional Hub,https://waterhardness.uk/water-hardness/bh17,/water-hardness/bh17,BH17,Wessex Water,290,20.3,4
Outcode Regional Hub,https://waterhardness.uk/water-hardness/bh18,/water-hardness/bh18,BH18,Wessex Water,290,20.3,2
Outcode Regional Hub,https://waterhardness.uk/water-hardness/bh19,/water-hardness/bh19,BH19,Wessex Water,290,20.3,4
Outcode Regional Hub,https://waterhardness.uk/water-hardness/bh2,/water-hardness/bh2,BH2,South West Water,40,2.8,2
Outcode Regional Hub,https://waterhardness.uk/water-hardness/bh20,/water-hardness/bh20,BH20,Wessex Water,290,20.3,5
Outcode Regional Hub,https://waterhardness.uk/water-hardness/bh21,/water-hardness/bh21,BH21,South West Water,40,2.8,8
Outcode Regional Hub,https://waterhardness.uk/water-hardness/bh21,/water-hardness/bh21,BH21,Wessex Water,290,20.3,1
Outcode Regional Hub,https://waterhardness.uk/water-hardness/bh22,/water-hardness/bh22,BH22,South West Water,40,2.8,4
Outcode Regional Hub,https://waterhardness.uk/water-hardness/bh23,/water-hardness/bh23,BH23,South West Water,40,2.8,9
Outcode Regional Hub,https://waterhardness.uk/water-hardness/bh24,/water-hardness/bh24,BH24,South West Water,40,2.8,5
Outcode Regional Hub,https://waterhardness.uk/water-hardness/bh25,/water-hardness/bh25,BH25,South West Water,40,2.8,4
Outcode Regional Hub,https://waterhardness.uk/water-hardness/bh3,/water-hardness/bh3,BH3,South West Water,40,2.8,1
Outcode Regional Hub,https://waterhardness.uk/water-hardness/bh31,/water-hardness/bh31,BH31,South West Water,40,2.8,3
Outcode Regional Hub,https://waterhardness.uk/water-hardness/bh4,/water-hardness/bh4,BH4,South West Water,40,2.8,3
Outcode Regional Hub,https://waterhardness.uk/water-hardness/bh5,/water-hardness/bh5,BH5,South West Water,40,2.8,2
Outcode Regional Hub,https://waterhardness.uk/water-hardness/bh6,/water-hardness/bh6,BH6,South West Water,40,2.8,3
Outcode Regional Hub,https://waterhardness.uk/water-hardness/bh7,/water-hardness/bh7,BH7,South West Water,40,2.8,2
Outcode Regional Hub,https://waterhardness.uk/water-hardness/bh8,/water-hardness/bh8,BH8,South West Water,40,2.8,3
Outcode Regional Hub,https://waterhardness.uk/water-hardness/bh9,/water-hardness/bh9,BH9,South West Water,40,2.8,3
Outcode Regional Hub,https://waterhardness.uk/water-hardness/bl0,/water-hardness/bl0,BL0,United Utilities,45,3.2,2
Outcode Regional Hub,https://waterhardness.uk/water-hardness/bl1,/water-hardness/bl1,BL1,United Utilities,45,3.2,9
Outcode Regional Hub,https://waterhardness.uk/water-hardness/bl11,/water-hardness/bl11,BL11,United Utilities,45,3.2,1
Outcode Regional Hub,https://waterhardness.uk/water-hardness/bl2,/water-hardness/bl2,BL2,United Utilities,45,3.2,6
Outcode Regional Hub,https://waterhardness.uk/water-hardness/bl3,/water-hardness/bl3,BL3,United Utilities,45,3.2,6
Outcode Regional Hub,https://waterhardness.uk/water-hardness/bl4,/water-hardness/bl4,BL4,United Utilities,45,3.2,5
Outcode Regional Hub,https://waterhardness.uk/water-hardness/bl5,/water-hardness/bl5,BL5,United Utilities,45,3.2,3
Outcode Regional Hub,https://waterhardness.uk/water-hardness/bl6,/water-hardness/bl6,BL6,United Utilities,45,3.2,5
Outcode Regional Hub,https://waterhardness.uk/water-hardness/bl7,/water-hardness/bl7,BL7,United Utilities,45,3.2,3
Outcode Regional Hub,https://waterhardness.uk/water-hardness/bl78,/water-hardness/bl78,BL78,United Utilities,45,3.2,2
Outcode Regional Hub,https://waterhardness.uk/water-hardness/bl8,/water-hardness/bl8,BL8,United Utilities,45,3.2,5
Outcode Regional Hub,https://waterhardness.uk/water-hardness/bl9,/water-hardness/bl9,BL9,United Utilities,45,3.2,6
Outcode Regional Hub,https://waterhardness.uk/water-hardness/bn1,/water-hardness/bn1,BN1,Southern Water,280,19.6,9
Outcode Regional Hub,https://waterhardness.uk/water-hardness/bn10,/water-hardness/bn10,BN10,South East Water,270,18.9,2
Outcode Regional Hub,https://waterhardness.uk/water-hardness/bn10,/water-hardness/bn10,BN10,Southern Water,280,19.6,1
Outcode Regional Hub,https://waterhardness.uk/water-hardness/bn11,/water-hardness/bn11,BN11,Southern Water,280,19.6,6
Outcode Regional Hub,https://waterhardness.uk/water-hardness/bn12,/water-hardness/bn12,BN12,Southern Water,280,19.6,4
Outcode Regional Hub,https://waterhardness.uk/water-hardness/bn13,/water-hardness/bn13,BN13,Southern Water,280,19.6,3
Outcode Regional Hub,https://waterhardness.uk/water-hardness/bn14,/water-hardness/bn14,BN14,Southern Water,280,19.6,4
Outcode Regional Hub,https://waterhardness.uk/water-hardness/bn15,/water-hardness/bn15,BN15,Southern Water,280,19.6,4
Outcode Regional Hub,https://waterhardness.uk/water-hardness/bn16,/water-hardness/bn16,BN16,Southern Water,280,19.6,5
Outcode Regional Hub,https://waterhardness.uk/water-hardness/bn17,/water-hardness/bn17,BN17,Southern Water,280,19.6,3
Outcode Regional Hub,https://waterhardness.uk/water-hardness/bn18,/water-hardness/bn18,BN18,Portsmouth Water,250,17.5,1
Outcode Regional Hub,https://waterhardness.uk/water-hardness/bn18,/water-hardness/bn18,BN18,Southern Water,280,19.6,2
Outcode Regional Hub,https://waterhardness.uk/water-hardness/bn2,/water-hardness/bn2,BN2,Southern Water,280,19.6,9
Outcode Regional Hub,https://waterhardness.uk/water-hardness/bn20,/water-hardness/bn20,BN20,South East Water,270,18.9,4
Outcode Regional Hub,https://waterhardness.uk/water-hardness/bn21,/water-hardness/bn21,BN21,South East Water,270,18.9,5
Outcode Regional Hub,https://waterhardness.uk/water-hardness/bn22,/water-hardness/bn22,BN22,South East Water,270,18.9,4
Outcode Regional Hub,https://waterhardness.uk/water-hardness/bn23,/water-hardness/bn23,BN23,South East Water,270,18.9,4
Outcode Regional Hub,https://waterhardness.uk/water-hardness/bn24,/water-hardness/bn24,BN24,South East Water,270,18.9,3
Outcode Regional Hub,https://waterhardness.uk/water-hardness/bn25,/water-hardness/bn25,BN25,South East Water,270,18.9,5
Outcode Regional Hub,https://waterhardness.uk/water-hardness/bn26,/water-hardness/bn26,BN26,South East Water,270,18.9,3
Outcode Regional Hub,https://waterhardness.uk/water-hardness/bn27,/water-hardness/bn27,BN27,South East Water,270,18.9,5
Outcode Regional Hub,https://waterhardness.uk/water-hardness/bn3,/water-hardness/bn3,BN3,Southern Water,280,19.6,8
Outcode Regional Hub,https://waterhardness.uk/water-hardness/bn41,/water-hardness/bn41,BN41,Southern Water,280,19.6,3
Outcode Regional Hub,https://waterhardness.uk/water-hardness/bn42,/water-hardness/bn42,BN42,Southern Water,280,19.6,1
Outcode Regional Hub,https://waterhardness.uk/water-hardness/bn43,/water-hardness/bn43,BN43,Southern Water,280,19.6,3
Outcode Regional Hub,https://waterhardness.uk/water-hardness/bn44,/water-hardness/bn44,BN44,Southern Water,280,19.6,1
Outcode Regional Hub,https://waterhardness.uk/water-hardness/bn45,/water-hardness/bn45,BN45,South East Water,270,18.9,1
Outcode Regional Hub,https://waterhardness.uk/water-hardness/bn5,/water-hardness/bn5,BN5,Southern Water,280,19.6,2
Outcode Regional Hub,https://waterhardness.uk/water-hardness/bn50,/water-hardness/bn50,BN50,Southern Water,280,19.6,2
Outcode Regional Hub,https://waterhardness.uk/water-hardness/bn51,/water-hardness/bn51,BN51,Southern Water,280,19.6,1
Outcode Regional Hub,https://waterhardness.uk/water-hardness/bn52,/water-hardness/bn52,BN52,Southern Water,280,19.6,1
Outcode Regional Hub,https://waterhardness.uk/water-hardness/bn6,/water-hardness/bn6,BN6,South East Water,270,18.9,3
Outcode Regional Hub,https://waterhardness.uk/water-hardness/bn7,/water-hardness/bn7,BN7,Southern Water,280,19.6,4
Outcode Regional Hub,https://waterhardness.uk/water-hardness/bn8,/water-hardness/bn8,BN8,South East Water,270,18.9,3
Outcode Regional Hub,https://waterhardness.uk/water-hardness/bn88,/water-hardness/bn88,BN88,Southern Water,280,19.6,1
Outcode Regional Hub,https://waterhardness.uk/water-hardness/bn9,/water-hardness/bn9,BN9,South East Water,270,18.9,3
Outcode Regional Hub,https://waterhardness.uk/water-hardness/bn91,/water-hardness/bn91,BN91,Northumbrian Water,130,9.1,1
Outcode Regional Hub,https://waterhardness.uk/water-hardness/bn95,/water-hardness/bn95,BN95,Southern Water,280,19.6,1
Outcode Regional Hub,https://waterhardness.uk/water-hardness/bn99,/water-hardness/bn99,BN99,Southern Water,280,19.6,5
Outcode Regional Hub,https://waterhardness.uk/water-hardness/br1,/water-hardness/br1,BR1,Thames Water,275,19.3,6
Outcode Regional Hub,https://waterhardness.uk/water-hardness/br2,/water-hardness/br2,BR2,Thames Water,275,19.3,5
Outcode Regional Hub,https://waterhardness.uk/water-hardness/br3,/water-hardness/br3,BR3,Thames Water,275,19.3,6
Outcode Regional Hub,https://waterhardness.uk/water-hardness/br4,/water-hardness/br4,BR4,Thames Water,275,19.3,3
Outcode Regional Hub,https://waterhardness.uk/water-hardness/br5,/water-hardness/br5,BR5,Thames Water,275,19.3,4
Outcode Regional Hub,https://waterhardness.uk/water-hardness/br6,/water-hardness/br6,BR6,Thames Water,275,19.3,6
Outcode Regional Hub,https://waterhardness.uk/water-hardness/br7,/water-hardness/br7,BR7,Thames Water,275,19.3,3
Outcode Regional Hub,https://waterhardness.uk/water-hardness/br8,/water-hardness/br8,BR8,Thames Water,275,19.3,3
Outcode Regional Hub,https://waterhardness.uk/water-hardness/bs1,/water-hardness/bs1,BS1,Bristol Water,265,18.6,7
Outcode Regional Hub,https://waterhardness.uk/water-hardness/bs10,/water-hardness/bs10,BS10,Bristol Water,265,18.6,3
Outcode Regional Hub,https://waterhardness.uk/water-hardness/bs11,/water-hardness/bs11,BS11,Bristol Water,265,18.6,4
Outcode Regional Hub,https://waterhardness.uk/water-hardness/bs13,/water-hardness/bs13,BS13,Bristol Water,265,18.6,4
Outcode Regional Hub,https://waterhardness.uk/water-hardness/bs14,/water-hardness/bs14,BS14,Bristol Water,265,18.6,3
Outcode Regional Hub,https://waterhardness.uk/water-hardness/bs15,/water-hardness/bs15,BS15,Bristol Water,265,18.6,6
Outcode Regional Hub,https://waterhardness.uk/water-hardness/bs16,/water-hardness/bs16,BS16,Bristol Water,265,18.6,9
Outcode Regional Hub,https://waterhardness.uk/water-hardness/bs2,/water-hardness/bs2,BS2,Bristol Water,265,18.6,4
Outcode Regional Hub,https://waterhardness.uk/water-hardness/bs20,/water-hardness/bs20,BS20,Bristol Water,265,18.6,5
Outcode Regional Hub,https://waterhardness.uk/water-hardness/bs21,/water-hardness/bs21,BS21,Bristol Water,265,18.6,4
Outcode Regional Hub,https://waterhardness.uk/water-hardness/bs22,/water-hardness/bs22,BS22,Bristol Water,265,18.6,4
Outcode Regional Hub,https://waterhardness.uk/water-hardness/bs23,/water-hardness/bs23,BS23,Bristol Water,265,18.6,5
Outcode Regional Hub,https://waterhardness.uk/water-hardness/bs24,/water-hardness/bs24,BS24,Bristol Water,265,18.6,5
Outcode Regional Hub,https://waterhardness.uk/water-hardness/bs25,/water-hardness/bs25,BS25,Bristol Water,265,18.6,3
Outcode Regional Hub,https://waterhardness.uk/water-hardness/bs26,/water-hardness/bs26,BS26,Bristol Water,265,18.6,1
Outcode Regional Hub,https://waterhardness.uk/water-hardness/bs27,/water-hardness/bs27,BS27,Bristol Water,265,18.6,2
Outcode Regional Hub,https://waterhardness.uk/water-hardness/bs28,/water-hardness/bs28,BS28,Bristol Water,265,18.6,1
Outcode Regional Hub,https://waterhardness.uk/water-hardness/bs29,/water-hardness/bs29,BS29,Bristol Water,265,18.6,1
Outcode Regional Hub,https://waterhardness.uk/water-hardness/bs3,/water-hardness/bs3,BS3,Bristol Water,265,18.6,6
Outcode Regional Hub,https://waterhardness.uk/water-hardness/bs30,/water-hardness/bs30,BS30,Bristol Water,265,18.6,5
Outcode Regional Hub,https://waterhardness.uk/water-hardness/bs31,/water-hardness/bs31,BS31,Bristol Water,265,18.6,4
Outcode Regional Hub,https://waterhardness.uk/water-hardness/bs32,/water-hardness/bs32,BS32,Bristol Water,265,18.6,4
Outcode Regional Hub,https://waterhardness.uk/water-hardness/bs34,/water-hardness/bs34,BS34,Bristol Water,265,18.6,6
Outcode Regional Hub,https://waterhardness.uk/water-hardness/bs35,/water-hardness/bs35,BS35,Bristol Water,265,18.6,6
Outcode Regional Hub,https://waterhardness.uk/water-hardness/bs36,/water-hardness/bs36,BS36,Bristol Water,265,18.6,3
Outcode Regional Hub,https://waterhardness.uk/water-hardness/bs37,/water-hardness/bs37,BS37,Bristol Water,265,18.6,7
Outcode Regional Hub,https://waterhardness.uk/water-hardness/bs39,/water-hardness/bs39,BS39,Bristol Water,265,18.6,4
Outcode Regional Hub,https://waterhardness.uk/water-hardness/bs4,/water-hardness/bs4,BS4,Bristol Water,265,18.6,6
Outcode Regional Hub,https://waterhardness.uk/water-hardness/bs40,/water-hardness/bs40,BS40,Bristol Water,265,18.6,5
Outcode Regional Hub,https://waterhardness.uk/water-hardness/bs41,/water-hardness/bs41,BS41,Bristol Water,265,18.6,2
Outcode Regional Hub,https://waterhardness.uk/water-hardness/bs48,/water-hardness/bs48,BS48,Bristol Water,265,18.6,5
Outcode Regional Hub,https://waterhardness.uk/water-hardness/bs49,/water-hardness/bs49,BS49,Bristol Water,265,18.6,2
Outcode Regional Hub,https://waterhardness.uk/water-hardness/bs5,/water-hardness/bs5,BS5,Bristol Water,265,18.6,6
Outcode Regional Hub,https://waterhardness.uk/water-hardness/bs6,/water-hardness/bs6,BS6,Bristol Water,265,18.6,4
Outcode Regional Hub,https://waterhardness.uk/water-hardness/bs7,/water-hardness/bs7,BS7,Bristol Water,265,18.6,3
Outcode Regional Hub,https://waterhardness.uk/water-hardness/bs8,/water-hardness/bs8,BS8,Bristol Water,265,18.6,5
Outcode Regional Hub,https://waterhardness.uk/water-hardness/bs9,/water-hardness/bs9,BS9,Bristol Water,265,18.6,5
Outcode Regional Hub,https://waterhardness.uk/water-hardness/bs98,/water-hardness/bs98,BS98,Bristol Water,265,18.6,1
Outcode Regional Hub,https://waterhardness.uk/water-hardness/bs99,/water-hardness/bs99,BS99,Bristol Water,265,18.6,6
Outcode Regional Hub,https://waterhardness.uk/water-hardness/bt1,/water-hardness/bt1,BT1,Northern Ireland Water,35,2.4,7
Outcode Regional Hub,https://waterhardness.uk/water-hardness/bt10,/water-hardness/bt10,BT10,Northern Ireland Water,35,2.4,2
Outcode Regional Hub,https://waterhardness.uk/water-hardness/bt11,/water-hardness/bt11,BT11,Northern Ireland Water,35,2.4,2
Outcode Regional Hub,https://waterhardness.uk/water-hardness/bt12,/water-hardness/bt12,BT12,Northern Ireland Water,35,2.4,4
Outcode Regional Hub,https://waterhardness.uk/water-hardness/bt13,/water-hardness/bt13,BT13,Northern Ireland Water,35,2.4,4
Outcode Regional Hub,https://waterhardness.uk/water-hardness/bt14,/water-hardness/bt14,BT14,Northern Ireland Water,35,2.4,3
Outcode Regional Hub,https://waterhardness.uk/water-hardness/bt15,/water-hardness/bt15,BT15,Northern Ireland Water,35,2.4,5
Outcode Regional Hub,https://waterhardness.uk/water-hardness/bt16,/water-hardness/bt16,BT16,Northern Ireland Water,35,2.4,2
Outcode Regional Hub,https://waterhardness.uk/water-hardness/bt17,/water-hardness/bt17,BT17,Northern Ireland Water,35,2.4,2
Outcode Regional Hub,https://waterhardness.uk/water-hardness/bt18,/water-hardness/bt18,BT18,Northern Ireland Water,35,2.4,3
Outcode Regional Hub,https://waterhardness.uk/water-hardness/bt19,/water-hardness/bt19,BT19,Northern Ireland Water,35,2.4,3
Outcode Regional Hub,https://waterhardness.uk/water-hardness/bt2,/water-hardness/bt2,BT2,Northern Ireland Water,35,2.4,2
Outcode Regional Hub,https://waterhardness.uk/water-hardness/bt20,/water-hardness/bt20,BT20,Northern Ireland Water,35,2.4,4
Outcode Regional Hub,https://waterhardness.uk/water-hardness/bt21,/water-hardness/bt21,BT21,Northern Ireland Water,35,2.4,1
Outcode Regional Hub,https://waterhardness.uk/water-hardness/bt22,/water-hardness/bt22,BT22,Northern Ireland Water,35,2.4,2
Outcode Regional Hub,https://waterhardness.uk/water-hardness/bt23,/water-hardness/bt23,BT23,Northern Ireland Water,35,2.4,7
Outcode Regional Hub,https://waterhardness.uk/water-hardness/bt24,/water-hardness/bt24,BT24,Northern Ireland Water,35,2.4,2
Outcode Regional Hub,https://waterhardness.uk/water-hardness/bt25,/water-hardness/bt25,BT25,Northern Ireland Water,35,2.4,2
Outcode Regional Hub,https://waterhardness.uk/water-hardness/bt26,/water-hardness/bt26,BT26,Northern Ireland Water,35,2.4,1
Outcode Regional Hub,https://waterhardness.uk/water-hardness/bt27,/water-hardness/bt27,BT27,Northern Ireland Water,35,2.4,3
Outcode Regional Hub,https://waterhardness.uk/water-hardness/bt28,/water-hardness/bt28,BT28,Northern Ireland Water,35,2.4,5
Outcode Regional Hub,https://waterhardness.uk/water-hardness/bt29,/water-hardness/bt29,BT29,Northern Ireland Water,35,2.4,1
Outcode Regional Hub,https://waterhardness.uk/water-hardness/bt3,/water-hardness/bt3,BT3,Northern Ireland Water,35,2.4,1
Outcode Regional Hub,https://waterhardness.uk/water-hardness/bt30,/water-hardness/bt30,BT30,Northern Ireland Water,35,2.4,5
Outcode Regional Hub,https://waterhardness.uk/water-hardness/bt31,/water-hardness/bt31,BT31,Northern Ireland Water,35,2.4,1
Outcode Regional Hub,https://waterhardness.uk/water-hardness/bt32,/water-hardness/bt32,BT32,Northern Ireland Water,35,2.4,4
Outcode Regional Hub,https://waterhardness.uk/water-hardness/bt33,/water-hardness/bt33,BT33,Northern Ireland Water,35,2.4,1
Outcode Regional Hub,https://waterhardness.uk/water-hardness/bt34,/water-hardness/bt34,BT34,Northern Ireland Water,35,2.4,5
Outcode Regional Hub,https://waterhardness.uk/water-hardness/bt35,/water-hardness/bt35,BT35,Northern Ireland Water,35,2.4,6
Outcode Regional Hub,https://waterhardness.uk/water-hardness/bt36,/water-hardness/bt36,BT36,Northern Ireland Water,35,2.4,5
Outcode Regional Hub,https://waterhardness.uk/water-hardness/bt37,/water-hardness/bt37,BT37,Northern Ireland Water,35,2.4,2
Outcode Regional Hub,https://waterhardness.uk/water-hardness/bt38,/water-hardness/bt38,BT38,Northern Ireland Water,35,2.4,4
Outcode Regional Hub,https://waterhardness.uk/water-hardness/bt39,/water-hardness/bt39,BT39,Northern Ireland Water,35,2.4,4
Outcode Regional Hub,https://waterhardness.uk/water-hardness/bt4,/water-hardness/bt4,BT4,Northern Ireland Water,35,2.4,4
Outcode Regional Hub,https://waterhardness.uk/water-hardness/bt40,/water-hardness/bt40,BT40,Northern Ireland Water,35,2.4,4
Outcode Regional Hub,https://waterhardness.uk/water-hardness/bt41,/water-hardness/bt41,BT41,Northern Ireland Water,35,2.4,5
Outcode Regional Hub,https://waterhardness.uk/water-hardness/bt42,/water-hardness/bt42,BT42,Northern Ireland Water,35,2.4,5
Outcode Regional Hub,https://waterhardness.uk/water-hardness/bt43,/water-hardness/bt43,BT43,Northern Ireland Water,35,2.4,3
Outcode Regional Hub,https://waterhardness.uk/water-hardness/bt44,/water-hardness/bt44,BT44,Northern Ireland Water,35,2.4,3
Outcode Regional Hub,https://waterhardness.uk/water-hardness/bt45,/water-hardness/bt45,BT45,Northern Ireland Water,35,2.4,5
Outcode Regional Hub,https://waterhardness.uk/water-hardness/bt46,/water-hardness/bt46,BT46,Northern Ireland Water,35,2.4,1
Outcode Regional Hub,https://waterhardness.uk/water-hardness/bt47,/water-hardness/bt47,BT47,Northern Ireland Water,35,2.4,5
Outcode Regional Hub,https://waterhardness.uk/water-hardness/bt48,/water-hardness/bt48,BT48,Northern Ireland Water,35,2.4,6
Outcode Regional Hub,https://waterhardness.uk/water-hardness/bt49,/water-hardness/bt49,BT49,Northern Ireland Water,35,2.4,3
Outcode Regional Hub,https://waterhardness.uk/water-hardness/bt5,/water-hardness/bt5,BT5,Northern Ireland Water,35,2.4,5
Outcode Regional Hub,https://waterhardness.uk/water-hardness/bt51,/water-hardness/bt51,BT51,Northern Ireland Water,35,2.4,3
Outcode Regional Hub,https://waterhardness.uk/water-hardness/bt52,/water-hardness/bt52,BT52,Northern Ireland Water,35,2.4,3
Outcode Regional Hub,https://waterhardness.uk/water-hardness/bt53,/water-hardness/bt53,BT53,Northern Ireland Water,35,2.4,4
Outcode Regional Hub,https://waterhardness.uk/water-hardness/bt54,/water-hardness/bt54,BT54,Northern Ireland Water,35,2.4,1
Outcode Regional Hub,https://waterhardness.uk/water-hardness/bt55,/water-hardness/bt55,BT55,Northern Ireland Water,35,2.4,1
Outcode Regional Hub,https://waterhardness.uk/water-hardness/bt56,/water-hardness/bt56,BT56,Northern Ireland Water,35,2.4,1
Outcode Regional Hub,https://waterhardness.uk/water-hardness/bt57,/water-hardness/bt57,BT57,Northern Ireland Water,35,2.4,1
Outcode Regional Hub,https://waterhardness.uk/water-hardness/bt6,/water-hardness/bt6,BT6,Northern Ireland Water,35,2.4,3
Outcode Regional Hub,https://waterhardness.uk/water-hardness/bt60,/water-hardness/bt60,BT60,Northern Ireland Water,35,2.4,4
Outcode Regional Hub,https://waterhardness.uk/water-hardness/bt61,/water-hardness/bt61,BT61,Northern Ireland Water,35,2.4,4
Outcode Regional Hub,https://waterhardness.uk/water-hardness/bt62,/water-hardness/bt62,BT62,Northern Ireland Water,35,2.4,4
Outcode Regional Hub,https://waterhardness.uk/water-hardness/bt63,/water-hardness/bt63,BT63,Northern Ireland Water,35,2.4,2
Outcode Regional Hub,https://waterhardness.uk/water-hardness/bt64,/water-hardness/bt64,BT64,Northern Ireland Water,35,2.4,4
Outcode Regional Hub,https://waterhardness.uk/water-hardness/bt65,/water-hardness/bt65,BT65,Northern Ireland Water,35,2.4,3
Outcode Regional Hub,https://waterhardness.uk/water-hardness/bt66,/water-hardness/bt66,BT66,Northern Ireland Water,35,2.4,3
Outcode Regional Hub,https://waterhardness.uk/water-hardness/bt67,/water-hardness/bt67,BT67,Northern Ireland Water,35,2.4,2
Outcode Regional Hub,https://waterhardness.uk/water-hardness/bt68,/water-hardness/bt68,BT68,Northern Ireland Water,35,2.4,1
Outcode Regional Hub,https://waterhardness.uk/water-hardness/bt69,/water-hardness/bt69,BT69,Northern Ireland Water,35,2.4,1
Outcode Regional Hub,https://waterhardness.uk/water-hardness/bt7,/water-hardness/bt7,BT7,Northern Ireland Water,35,2.4,3
Outcode Regional Hub,https://waterhardness.uk/water-hardness/bt70,/water-hardness/bt70,BT70,Northern Ireland Water,35,2.4,4
Outcode Regional Hub,https://waterhardness.uk/water-hardness/bt71,/water-hardness/bt71,BT71,Northern Ireland Water,35,2.4,4
Outcode Regional Hub,https://waterhardness.uk/water-hardness/bt74,/water-hardness/bt74,BT74,Northern Ireland Water,35,2.4,7
Outcode Regional Hub,https://waterhardness.uk/water-hardness/bt75,/water-hardness/bt75,BT75,Northern Ireland Water,35,2.4,1
Outcode Regional Hub,https://waterhardness.uk/water-hardness/bt76,/water-hardness/bt76,BT76,Northern Ireland Water,35,2.4,1
Outcode Regional Hub,https://waterhardness.uk/water-hardness/bt77,/water-hardness/bt77,BT77,Northern Ireland Water,35,2.4,1
Outcode Regional Hub,https://waterhardness.uk/water-hardness/bt78,/water-hardness/bt78,BT78,Northern Ireland Water,35,2.4,6
Outcode Regional Hub,https://waterhardness.uk/water-hardness/bt79,/water-hardness/bt79,BT79,Northern Ireland Water,35,2.4,4
Outcode Regional Hub,https://waterhardness.uk/water-hardness/bt8,/water-hardness/bt8,BT8,Northern Ireland Water,35,2.4,3
Outcode Regional Hub,https://waterhardness.uk/water-hardness/bt80,/water-hardness/bt80,BT80,Northern Ireland Water,35,2.4,4
Outcode Regional Hub,https://waterhardness.uk/water-hardness/bt81,/water-hardness/bt81,BT81,Northern Ireland Water,35,2.4,1
Outcode Regional Hub,https://waterhardness.uk/water-hardness/bt82,/water-hardness/bt82,BT82,Northern Ireland Water,35,2.4,4
Outcode Regional Hub,https://waterhardness.uk/water-hardness/bt9,/water-hardness/bt9,BT9,Northern Ireland Water,35,2.4,3
Outcode Regional Hub,https://waterhardness.uk/water-hardness/bt92,/water-hardness/bt92,BT92,Northern Ireland Water,35,2.4,10
Outcode Regional Hub,https://waterhardness.uk/water-hardness/bt93,/water-hardness/bt93,BT93,Northern Ireland Water,35,2.4,9
Outcode Regional Hub,https://waterhardness.uk/water-hardness/bt94,/water-hardness/bt94,BT94,Northern Ireland Water,35,2.4,5
Outcode Regional Hub,https://waterhardness.uk/water-hardness/ca1,/water-hardness/ca1,CA1,United Utilities,45,3.2,4
Outcode Regional Hub,https://waterhardness.uk/water-hardness/ca10,/water-hardness/ca10,CA10,United Utilities,45,3.2,3
Outcode Regional Hub,https://waterhardness.uk/water-hardness/ca11,/water-hardness/ca11,CA11,United Utilities,45,3.2,5
Outcode Regional Hub,https://waterhardness.uk/water-hardness/ca12,/water-hardness/ca12,CA12,United Utilities,45,3.2,3
Outcode Regional Hub,https://waterhardness.uk/water-hardness/ca13,/water-hardness/ca13,CA13,United Utilities,45,3.2,3
Outcode Regional Hub,https://waterhardness.uk/water-hardness/ca14,/water-hardness/ca14,CA14,United Utilities,45,3.2,6
Outcode Regional Hub,https://waterhardness.uk/water-hardness/ca15,/water-hardness/ca15,CA15,United Utilities,45,3.2,4
Outcode Regional Hub,https://waterhardness.uk/water-hardness/ca16,/water-hardness/ca16,CA16,United Utilities,45,3.2,1
Outcode Regional Hub,https://waterhardness.uk/water-hardness/ca17,/water-hardness/ca17,CA17,United Utilities,45,3.2,1
Outcode Regional Hub,https://waterhardness.uk/water-hardness/ca18,/water-hardness/ca18,CA18,United Utilities,45,3.2,1
Outcode Regional Hub,https://waterhardness.uk/water-hardness/ca19,/water-hardness/ca19,CA19,United Utilities,45,3.2,1
Outcode Regional Hub,https://waterhardness.uk/water-hardness/ca2,/water-hardness/ca2,CA2,United Utilities,45,3.2,4
Outcode Regional Hub,https://waterhardness.uk/water-hardness/ca20,/water-hardness/ca20,CA20,United Utilities,45,3.2,1
Outcode Regional Hub,https://waterhardness.uk/water-hardness/ca21,/water-hardness/ca21,CA21,United Utilities,45,3.2,1
Outcode Regional Hub,https://waterhardness.uk/water-hardness/ca22,/water-hardness/ca22,CA22,United Utilities,45,3.2,2
Outcode Regional Hub,https://waterhardness.uk/water-hardness/ca23,/water-hardness/ca23,CA23,United Utilities,45,3.2,1
Outcode Regional Hub,https://waterhardness.uk/water-hardness/ca24,/water-hardness/ca24,CA24,United Utilities,45,3.2,1
Outcode Regional Hub,https://waterhardness.uk/water-hardness/ca25,/water-hardness/ca25,CA25,United Utilities,45,3.2,1
Outcode Regional Hub,https://waterhardness.uk/water-hardness/ca26,/water-hardness/ca26,CA26,United Utilities,45,3.2,1
Outcode Regional Hub,https://waterhardness.uk/water-hardness/ca27,/water-hardness/ca27,CA27,United Utilities,45,3.2,1
Outcode Regional Hub,https://waterhardness.uk/water-hardness/ca28,/water-hardness/ca28,CA28,United Utilities,45,3.2,5
Outcode Regional Hub,https://waterhardness.uk/water-hardness/ca3,/water-hardness/ca3,CA3,United Utilities,45,3.2,3
Outcode Regional Hub,https://waterhardness.uk/water-hardness/ca4,/water-hardness/ca4,CA4,United Utilities,45,3.2,3
Outcode Regional Hub,https://waterhardness.uk/water-hardness/ca5,/water-hardness/ca5,CA5,United Utilities,45,3.2,2
Outcode Regional Hub,https://waterhardness.uk/water-hardness/ca6,/water-hardness/ca6,CA6,United Utilities,45,3.2,3
Outcode Regional Hub,https://waterhardness.uk/water-hardness/ca7,/water-hardness/ca7,CA7,United Utilities,45,3.2,9
Outcode Regional Hub,https://waterhardness.uk/water-hardness/ca8,/water-hardness/ca8,CA8,Northumbrian Water,130,9.1,1
Outcode Regional Hub,https://waterhardness.uk/water-hardness/ca8,/water-hardness/ca8,CA8,United Utilities,45,3.2,4
Outcode Regional Hub,https://waterhardness.uk/water-hardness/ca9,/water-hardness/ca9,CA9,United Utilities,45,3.2,1
Outcode Regional Hub,https://waterhardness.uk/water-hardness/ca95,/water-hardness/ca95,CA95,United Utilities,45,3.2,1
Outcode Regional Hub,https://waterhardness.uk/water-hardness/cb1,/water-hardness/cb1,CB1,Cambridge Water,315,22,7
Outcode Regional Hub,https://waterhardness.uk/water-hardness/cb10,/water-hardness/cb10,CB10,Affinity Water,290,20.3,3
Outcode Regional Hub,https://waterhardness.uk/water-hardness/cb11,/water-hardness/cb11,CB11,Affinity Water,290,20.3,2
Outcode Regional Hub,https://waterhardness.uk/water-hardness/cb2,/water-hardness/cb2,CB2,Cambridge Water,315,22,6
Outcode Regional Hub,https://waterhardness.uk/water-hardness/cb21,/water-hardness/cb21,CB21,Cambridge Water,315,22,3
Outcode Regional Hub,https://waterhardness.uk/water-hardness/cb22,/water-hardness/cb22,CB22,Cambridge Water,315,22,5
Outcode Regional Hub,https://waterhardness.uk/water-hardness/cb23,/water-hardness/cb23,CB23,Cambridge Water,315,22,8
Outcode Regional Hub,https://waterhardness.uk/water-hardness/cb24,/water-hardness/cb24,CB24,Cambridge Water,315,22,7
Outcode Regional Hub,https://waterhardness.uk/water-hardness/cb25,/water-hardness/cb25,CB25,Anglian Water,310,21.7,1
Outcode Regional Hub,https://waterhardness.uk/water-hardness/cb25,/water-hardness/cb25,CB25,Cambridge Water,315,22,1
Outcode Regional Hub,https://waterhardness.uk/water-hardness/cb3,/water-hardness/cb3,CB3,Cambridge Water,315,22,3
Outcode Regional Hub,https://waterhardness.uk/water-hardness/cb4,/water-hardness/cb4,CB4,Cambridge Water,315,22,4
Outcode Regional Hub,https://waterhardness.uk/water-hardness/cb5,/water-hardness/cb5,CB5,Cambridge Water,315,22,1
Outcode Regional Hub,https://waterhardness.uk/water-hardness/cb6,/water-hardness/cb6,CB6,Anglian Water,310,21.7,3
Outcode Regional Hub,https://waterhardness.uk/water-hardness/cb7,/water-hardness/cb7,CB7,Anglian Water,310,21.7,5
Outcode Regional Hub,https://waterhardness.uk/water-hardness/cb8,/water-hardness/cb8,CB8,Anglian Water,310,21.7,5
Outcode Regional Hub,https://waterhardness.uk/water-hardness/cb9,/water-hardness/cb9,CB9,Anglian Water,310,21.7,5
Outcode Regional Hub,https://waterhardness.uk/water-hardness/cf10,/water-hardness/cf10,CF10,Dŵr Cymru Welsh Water,45,3.2,5
Outcode Regional Hub,https://waterhardness.uk/water-hardness/cf11,/water-hardness/cf11,CF11,Dŵr Cymru Welsh Water,45,3.2,6
Outcode Regional Hub,https://waterhardness.uk/water-hardness/cf14,/water-hardness/cf14,CF14,Dŵr Cymru Welsh Water,45,3.2,10
Outcode Regional Hub,https://waterhardness.uk/water-hardness/cf15,/water-hardness/cf15,CF15,Dŵr Cymru Welsh Water,45,3.2,4
Outcode Regional Hub,https://waterhardness.uk/water-hardness/cf23,/water-hardness/cf23,CF23,Dŵr Cymru Welsh Water,45,3.2,6
Outcode Regional Hub,https://waterhardness.uk/water-hardness/cf24,/water-hardness/cf24,CF24,Dŵr Cymru Welsh Water,45,3.2,6
Outcode Regional Hub,https://waterhardness.uk/water-hardness/cf3,/water-hardness/cf3,CF3,Dŵr Cymru Welsh Water,45,3.2,7
Outcode Regional Hub,https://waterhardness.uk/water-hardness/cf30,/water-hardness/cf30,CF30,Dŵr Cymru Welsh Water,45,3.2,1
Outcode Regional Hub,https://waterhardness.uk/water-hardness/cf31,/water-hardness/cf31,CF31,Dŵr Cymru Welsh Water,45,3.2,6
Outcode Regional Hub,https://waterhardness.uk/water-hardness/cf32,/water-hardness/cf32,CF32,Dŵr Cymru Welsh Water,45,3.2,4
Outcode Regional Hub,https://waterhardness.uk/water-hardness/cf33,/water-hardness/cf33,CF33,Dŵr Cymru Welsh Water,45,3.2,2
Outcode Regional Hub,https://waterhardness.uk/water-hardness/cf34,/water-hardness/cf34,CF34,Dŵr Cymru Welsh Water,45,3.2,3
Outcode Regional Hub,https://waterhardness.uk/water-hardness/cf35,/water-hardness/cf35,CF35,Dŵr Cymru Welsh Water,45,3.2,2
Outcode Regional Hub,https://waterhardness.uk/water-hardness/cf36,/water-hardness/cf36,CF36,Dŵr Cymru Welsh Water,45,3.2,3
Outcode Regional Hub,https://waterhardness.uk/water-hardness/cf37,/water-hardness/cf37,CF37,Dŵr Cymru Welsh Water,45,3.2,6
Outcode Regional Hub,https://waterhardness.uk/water-hardness/cf38,/water-hardness/cf38,CF38,Dŵr Cymru Welsh Water,45,3.2,2
Outcode Regional Hub,https://waterhardness.uk/water-hardness/cf39,/water-hardness/cf39,CF39,Dŵr Cymru Welsh Water,45,3.2,3
Outcode Regional Hub,https://waterhardness.uk/water-hardness/cf40,/water-hardness/cf40,CF40,Dŵr Cymru Welsh Water,45,3.2,3
Outcode Regional Hub,https://waterhardness.uk/water-hardness/cf41,/water-hardness/cf41,CF41,Dŵr Cymru Welsh Water,45,3.2,1
Outcode Regional Hub,https://waterhardness.uk/water-hardness/cf42,/water-hardness/cf42,CF42,Dŵr Cymru Welsh Water,45,3.2,3
Outcode Regional Hub,https://waterhardness.uk/water-hardness/cf43,/water-hardness/cf43,CF43,Dŵr Cymru Welsh Water,45,3.2,3
Outcode Regional Hub,https://waterhardness.uk/water-hardness/cf44,/water-hardness/cf44,CF44,Dŵr Cymru Welsh Water,45,3.2,6
Outcode Regional Hub,https://waterhardness.uk/water-hardness/cf45,/water-hardness/cf45,CF45,Dŵr Cymru Welsh Water,45,3.2,2
Outcode Regional Hub,https://waterhardness.uk/water-hardness/cf46,/water-hardness/cf46,CF46,Dŵr Cymru Welsh Water,45,3.2,2
Outcode Regional Hub,https://waterhardness.uk/water-hardness/cf47,/water-hardness/cf47,CF47,Dŵr Cymru Welsh Water,45,3.2,4
Outcode Regional Hub,https://waterhardness.uk/water-hardness/cf48,/water-hardness/cf48,CF48,Dŵr Cymru Welsh Water,45,3.2,4
Outcode Regional Hub,https://waterhardness.uk/water-hardness/cf5,/water-hardness/cf5,CF5,Dŵr Cymru Welsh Water,45,3.2,8
Outcode Regional Hub,https://waterhardness.uk/water-hardness/cf61,/water-hardness/cf61,CF61,Dŵr Cymru Welsh Water,45,3.2,2
Outcode Regional Hub,https://waterhardness.uk/water-hardness/cf62,/water-hardness/cf62,CF62,Dŵr Cymru Welsh Water,45,3.2,7
Outcode Regional Hub,https://waterhardness.uk/water-hardness/cf63,/water-hardness/cf63,CF63,Dŵr Cymru Welsh Water,45,3.2,5
Outcode Regional Hub,https://waterhardness.uk/water-hardness/cf64,/water-hardness/cf64,CF64,Dŵr Cymru Welsh Water,45,3.2,6
Outcode Regional Hub,https://waterhardness.uk/water-hardness/cf71,/water-hardness/cf71,CF71,Dŵr Cymru Welsh Water,45,3.2,2
Outcode Regional Hub,https://waterhardness.uk/water-hardness/cf72,/water-hardness/cf72,CF72,Dŵr Cymru Welsh Water,45,3.2,4
Outcode Regional Hub,https://waterhardness.uk/water-hardness/cf81,/water-hardness/cf81,CF81,Dŵr Cymru Welsh Water,45,3.2,2
Outcode Regional Hub,https://waterhardness.uk/water-hardness/cf82,/water-hardness/cf82,CF82,Dŵr Cymru Welsh Water,45,3.2,4
Outcode Regional Hub,https://waterhardness.uk/water-hardness/cf83,/water-hardness/cf83,CF83,Dŵr Cymru Welsh Water,45,3.2,6
Outcode Regional Hub,https://waterhardness.uk/water-hardness/cf91,/water-hardness/cf91,CF91,Dŵr Cymru Welsh Water,45,3.2,2
Outcode Regional Hub,https://waterhardness.uk/water-hardness/cf95,/water-hardness/cf95,CF95,Dŵr Cymru Welsh Water,45,3.2,1
Outcode Regional Hub,https://waterhardness.uk/water-hardness/cf99,/water-hardness/cf99,CF99,Dŵr Cymru Welsh Water,45,3.2,1
Outcode Regional Hub,https://waterhardness.uk/water-hardness/ch1,/water-hardness/ch1,CH1,Severn Trent Water,160,11.2,6
Outcode Regional Hub,https://waterhardness.uk/water-hardness/ch1,/water-hardness/ch1,CH1,United Utilities,45,3.2,1
Outcode Regional Hub,https://waterhardness.uk/water-hardness/ch2,/water-hardness/ch2,CH2,Severn Trent Water,160,11.2,4
Outcode Regional Hub,https://waterhardness.uk/water-hardness/ch25,/water-hardness/ch25,CH25,United Utilities,45,3.2,1
Outcode Regional Hub,https://waterhardness.uk/water-hardness/ch26,/water-hardness/ch26,CH26,United Utilities,45,3.2,1
Outcode Regional Hub,https://waterhardness.uk/water-hardness/ch27,/water-hardness/ch27,CH27,United Utilities,45,3.2,1
Outcode Regional Hub,https://waterhardness.uk/water-hardness/ch28,/water-hardness/ch28,CH28,United Utilities,45,3.2,1
Outcode Regional Hub,https://waterhardness.uk/water-hardness/ch29,/water-hardness/ch29,CH29,United Utilities,45,3.2,1
Outcode Regional Hub,https://waterhardness.uk/water-hardness/ch3,/water-hardness/ch3,CH3,Severn Trent Water,160,11.2,3
Outcode Regional Hub,https://waterhardness.uk/water-hardness/ch3,/water-hardness/ch3,CH3,United Utilities,45,3.2,2
Outcode Regional Hub,https://waterhardness.uk/water-hardness/ch30,/water-hardness/ch30,CH30,United Utilities,45,3.2,1
Outcode Regional Hub,https://waterhardness.uk/water-hardness/ch31,/water-hardness/ch31,CH31,United Utilities,45,3.2,1
Outcode Regional Hub,https://waterhardness.uk/water-hardness/ch32,/water-hardness/ch32,CH32,United Utilities,45,3.2,1
Outcode Regional Hub,https://waterhardness.uk/water-hardness/ch33,/water-hardness/ch33,CH33,United Utilities,45,3.2,1
Outcode Regional Hub,https://waterhardness.uk/water-hardness/ch34,/water-hardness/ch34,CH34,United Utilities,45,3.2,1
Outcode Regional Hub,https://waterhardness.uk/water-hardness/ch4,/water-hardness/ch4,CH4,Hafren Dyfrdwy,140,9.8,1
Outcode Regional Hub,https://waterhardness.uk/water-hardness/ch4,/water-hardness/ch4,CH4,Severn Trent Water,160,11.2,3
Outcode Regional Hub,https://waterhardness.uk/water-hardness/ch41,/water-hardness/ch41,CH41,United Utilities,45,3.2,10
Outcode Regional Hub,https://waterhardness.uk/water-hardness/ch42,/water-hardness/ch42,CH42,United Utilities,45,3.2,10
Outcode Regional Hub,https://waterhardness.uk/water-hardness/ch43,/water-hardness/ch43,CH43,United Utilities,45,3.2,10
Outcode Regional Hub,https://waterhardness.uk/water-hardness/ch44,/water-hardness/ch44,CH44,United Utilities,45,3.2,10
Outcode Regional Hub,https://waterhardness.uk/water-hardness/ch45,/water-hardness/ch45,CH45,United Utilities,45,3.2,10
Outcode Regional Hub,https://waterhardness.uk/water-hardness/ch46,/water-hardness/ch46,CH46,United Utilities,45,3.2,10
Outcode Regional Hub,https://waterhardness.uk/water-hardness/ch47,/water-hardness/ch47,CH47,United Utilities,45,3.2,10
Outcode Regional Hub,https://waterhardness.uk/water-hardness/ch48,/water-hardness/ch48,CH48,United Utilities,45,3.2,10
Outcode Regional Hub,https://waterhardness.uk/water-hardness/ch49,/water-hardness/ch49,CH49,United Utilities,45,3.2,10
Outcode Regional Hub,https://waterhardness.uk/water-hardness/ch5,/water-hardness/ch5,CH5,Hafren Dyfrdwy,140,9.8,1
Outcode Regional Hub,https://waterhardness.uk/water-hardness/ch5,/water-hardness/ch5,CH5,Severn Trent / Hafren Dyfrdwy,150,10.5,4
Outcode Regional Hub,https://waterhardness.uk/water-hardness/ch6,/water-hardness/ch6,CH6,Severn Trent / Hafren Dyfrdwy,150,10.5,3
Outcode Regional Hub,https://waterhardness.uk/water-hardness/ch60,/water-hardness/ch60,CH60,United Utilities,45,3.2,10
Outcode Regional Hub,https://waterhardness.uk/water-hardness/ch61,/water-hardness/ch61,CH61,United Utilities,45,3.2,10
Outcode Regional Hub,https://waterhardness.uk/water-hardness/ch62,/water-hardness/ch62,CH62,United Utilities,45,3.2,10
Outcode Regional Hub,https://waterhardness.uk/water-hardness/ch63,/water-hardness/ch63,CH63,United Utilities,45,3.2,10
Outcode Regional Hub,https://waterhardness.uk/water-hardness/ch64,/water-hardness/ch64,CH64,United Utilities,45,3.2,10
Outcode Regional Hub,https://waterhardness.uk/water-hardness/ch65,/water-hardness/ch65,CH65,United Utilities,45,3.2,10
Outcode Regional Hub,https://waterhardness.uk/water-hardness/ch66,/water-hardness/ch66,CH66,United Utilities,45,3.2,10
Outcode Regional Hub,https://waterhardness.uk/water-hardness/ch7,/water-hardness/ch7,CH7,Hafren Dyfrdwy,140,9.8,1
Outcode Regional Hub,https://waterhardness.uk/water-hardness/ch7,/water-hardness/ch7,CH7,Severn Trent / Hafren Dyfrdwy,150,10.5,6
Outcode Regional Hub,https://waterhardness.uk/water-hardness/ch70,/water-hardness/ch70,CH70,Severn Trent Water,160,11.2,1
Outcode Regional Hub,https://waterhardness.uk/water-hardness/ch8,/water-hardness/ch8,CH8,Severn Trent / Hafren Dyfrdwy,150,10.5,3
Outcode Regional Hub,https://waterhardness.uk/water-hardness/ch88,/water-hardness/ch88,CH88,Severn Trent Water,160,11.2,1
Outcode Regional Hub,https://waterhardness.uk/water-hardness/ch90,/water-hardness/ch90,CH90,Northumbrian Water,130,9.1,1
Outcode Regional Hub,https://waterhardness.uk/water-hardness/ch99,/water-hardness/ch99,CH99,Severn Trent Water,160,11.2,1
Outcode Regional Hub,https://waterhardness.uk/water-hardness/cm0,/water-hardness/cm0,CM0,Essex and Suffolk Water,320,22.4,2
Outcode Regional Hub,https://waterhardness.uk/water-hardness/cm1,/water-hardness/cm1,CM1,Essex and Suffolk Water,320,22.4,7
Outcode Regional Hub,https://waterhardness.uk/water-hardness/cm11,/water-hardness/cm11,CM11,Essex and Suffolk Water,320,22.4,2
Outcode Regional Hub,https://waterhardness.uk/water-hardness/cm12,/water-hardness/cm12,CM12,Essex and Suffolk Water,320,22.4,3
Outcode Regional Hub,https://waterhardness.uk/water-hardness/cm13,/water-hardness/cm13,CM13,Essex and Suffolk Water,320,22.4,3
Outcode Regional Hub,https://waterhardness.uk/water-hardness/cm14,/water-hardness/cm14,CM14,Essex and Suffolk Water,320,22.4,3
Outcode Regional Hub,https://waterhardness.uk/water-hardness/cm15,/water-hardness/cm15,CM15,Affinity Water,290,20.3,1
Outcode Regional Hub,https://waterhardness.uk/water-hardness/cm15,/water-hardness/cm15,CM15,Essex and Suffolk Water,320,22.4,2
Outcode Regional Hub,https://waterhardness.uk/water-hardness/cm16,/water-hardness/cm16,CM16,Affinity Water,290,20.3,5
Outcode Regional Hub,https://waterhardness.uk/water-hardness/cm17,/water-hardness/cm17,CM17,Affinity Water,290,20.3,2
Outcode Regional Hub,https://waterhardness.uk/water-hardness/cm18,/water-hardness/cm18,CM18,Affinity Water,290,20.3,2
Outcode Regional Hub,https://waterhardness.uk/water-hardness/cm19,/water-hardness/cm19,CM19,Affinity Water,290,20.3,2
Outcode Regional Hub,https://waterhardness.uk/water-hardness/cm2,/water-hardness/cm2,CM2,Essex and Suffolk Water,320,22.4,6
Outcode Regional Hub,https://waterhardness.uk/water-hardness/cm20,/water-hardness/cm20,CM20,Affinity Water,290,20.3,4
Outcode Regional Hub,https://waterhardness.uk/water-hardness/cm21,/water-hardness/cm21,CM21,Affinity Water,290,20.3,3
Outcode Regional Hub,https://waterhardness.uk/water-hardness/cm22,/water-hardness/cm22,CM22,Affinity Water,290,20.3,2
Outcode Regional Hub,https://waterhardness.uk/water-hardness/cm23,/water-hardness/cm23,CM23,Affinity Water,290,20.3,7
Outcode Regional Hub,https://waterhardness.uk/water-hardness/cm24,/water-hardness/cm24,CM24,Affinity Water,290,20.3,2
Outcode Regional Hub,https://waterhardness.uk/water-hardness/cm3,/water-hardness/cm3,CM3,Anglian Water,310,21.7,1
Outcode Regional Hub,https://waterhardness.uk/water-hardness/cm3,/water-hardness/cm3,CM3,Essex and Suffolk Water,320,22.4,8
Outcode Regional Hub,https://waterhardness.uk/water-hardness/cm4,/water-hardness/cm4,CM4,Essex and Suffolk Water,320,22.4,2
Outcode Regional Hub,https://waterhardness.uk/water-hardness/cm5,/water-hardness/cm5,CM5,Affinity Water,290,20.3,3
Outcode Regional Hub,https://waterhardness.uk/water-hardness/cm6,/water-hardness/cm6,CM6,Affinity Water,290,20.3,4
Outcode Regional Hub,https://waterhardness.uk/water-hardness/cm6,/water-hardness/cm6,CM6,Anglian Water,310,21.7,1
Outcode Regional Hub,https://waterhardness.uk/water-hardness/cm7,/water-hardness/cm7,CM7,Anglian Water,310,21.7,7
Outcode Regional Hub,https://waterhardness.uk/water-hardness/cm77,/water-hardness/cm77,CM77,Anglian Water,310,21.7,3
Outcode Regional Hub,https://waterhardness.uk/water-hardness/cm8,/water-hardness/cm8,CM8,Essex and Suffolk Water,320,22.4,4
Outcode Regional Hub,https://waterhardness.uk/water-hardness/cm9,/water-hardness/cm9,CM9,Essex and Suffolk Water,320,22.4,5
Outcode Regional Hub,https://waterhardness.uk/water-hardness/cm92,/water-hardness/cm92,CM92,Affinity Water,290,20.3,1
Outcode Regional Hub,https://waterhardness.uk/water-hardness/cm98,/water-hardness/cm98,CM98,Essex and Suffolk Water,320,22.4,1
Outcode Regional Hub,https://waterhardness.uk/water-hardness/cm99,/water-hardness/cm99,CM99,Essex and Suffolk Water,320,22.4,1
Outcode Regional Hub,https://waterhardness.uk/water-hardness/co1,/water-hardness/co1,CO1,Anglian Water,310,21.7,3
Outcode Regional Hub,https://waterhardness.uk/water-hardness/co10,/water-hardness/co10,CO10,Anglian Water,310,21.7,8
Outcode Regional Hub,https://waterhardness.uk/water-hardness/co11,/water-hardness/co11,CO11,Affinity Water,290,20.3,2
Outcode Regional Hub,https://waterhardness.uk/water-hardness/co11,/water-hardness/co11,CO11,Anglian Water,310,21.7,1
Outcode Regional Hub,https://waterhardness.uk/water-hardness/co12,/water-hardness/co12,CO12,Affinity Water,290,20.3,4
Outcode Regional Hub,https://waterhardness.uk/water-hardness/co13,/water-hardness/co13,CO13,Affinity Water,290,20.3,3
Outcode Regional Hub,https://waterhardness.uk/water-hardness/co14,/water-hardness/co14,CO14,Affinity Water,290,20.3,1
Outcode Regional Hub,https://waterhardness.uk/water-hardness/co15,/water-hardness/co15,CO15,Affinity Water,290,20.3,7
Outcode Regional Hub,https://waterhardness.uk/water-hardness/co16,/water-hardness/co16,CO16,Affinity Water,290,20.3,4
Outcode Regional Hub,https://waterhardness.uk/water-hardness/co2,/water-hardness/co2,CO2,Anglian Water,310,21.7,4
Outcode Regional Hub,https://waterhardness.uk/water-hardness/co3,/water-hardness/co3,CO3,Anglian Water,310,21.7,5
Outcode Regional Hub,https://waterhardness.uk/water-hardness/co4,/water-hardness/co4,CO4,Anglian Water,310,21.7,6
Outcode Regional Hub,https://waterhardness.uk/water-hardness/co5,/water-hardness/co5,CO5,Anglian Water,310,21.7,5
Outcode Regional Hub,https://waterhardness.uk/water-hardness/co6,/water-hardness/co6,CO6,Anglian Water,310,21.7,5
Outcode Regional Hub,https://waterhardness.uk/water-hardness/co7,/water-hardness/co7,CO7,Affinity Water,290,20.3,5
Outcode Regional Hub,https://waterhardness.uk/water-hardness/co7,/water-hardness/co7,CO7,Anglian Water,310,21.7,1
Outcode Regional Hub,https://waterhardness.uk/water-hardness/co8,/water-hardness/co8,CO8,Anglian Water,310,21.7,1
Outcode Regional Hub,https://waterhardness.uk/water-hardness/co9,/water-hardness/co9,CO9,Anglian Water,310,21.7,5
Outcode Regional Hub,https://waterhardness.uk/water-hardness/cr0,/water-hardness/cr0,CR0,Thames Water,275,19.3,10
Outcode Regional Hub,https://waterhardness.uk/water-hardness/cr2,/water-hardness/cr2,CR2,SES Water,260,18.2,3
Outcode Regional Hub,https://waterhardness.uk/water-hardness/cr2,/water-hardness/cr2,CR2,Thames Water,275,19.3,3
Outcode Regional Hub,https://waterhardness.uk/water-hardness/cr3,/water-hardness/cr3,CR3,SES Water,260,18.2,5
Outcode Regional Hub,https://waterhardness.uk/water-hardness/cr4,/water-hardness/cr4,CR4,Thames Water,275,19.3,5
Outcode Regional Hub,https://waterhardness.uk/water-hardness/cr5,/water-hardness/cr5,CR5,SES Water,260,18.2,4
Outcode Regional Hub,https://waterhardness.uk/water-hardness/cr6,/water-hardness/cr6,CR6,SES Water,260,18.2,2
Outcode Regional Hub,https://waterhardness.uk/water-hardness/cr7,/water-hardness/cr7,CR7,Thames Water,275,19.3,4
Outcode Regional Hub,https://waterhardness.uk/water-hardness/cr8,/water-hardness/cr8,CR8,SES Water,260,18.2,5
Outcode Regional Hub,https://waterhardness.uk/water-hardness/cr8,/water-hardness/cr8,CR8,Thames Water,275,19.3,1
Outcode Regional Hub,https://waterhardness.uk/water-hardness/cr9,/water-hardness/cr9,CR9,Thames Water,275,19.3,10
Outcode Regional Hub,https://waterhardness.uk/water-hardness/cr90,/water-hardness/cr90,CR90,Thames Water,275,19.3,1
Outcode Regional Hub,https://waterhardness.uk/water-hardness/ct1,/water-hardness/ct1,CT1,South East Water,270,18.9,4
Outcode Regional Hub,https://waterhardness.uk/water-hardness/ct10,/water-hardness/ct10,CT10,Southern Water,280,19.6,4
Outcode Regional Hub,https://waterhardness.uk/water-hardness/ct11,/water-hardness/ct11,CT11,Southern Water,280,19.6,5
Outcode Regional Hub,https://waterhardness.uk/water-hardness/ct12,/water-hardness/ct12,CT12,Southern Water,280,19.6,3
Outcode Regional Hub,https://waterhardness.uk/water-hardness/ct13,/water-hardness/ct13,CT13,Southern Water,280,19.6,3
Outcode Regional Hub,https://waterhardness.uk/water-hardness/ct14,/water-hardness/ct14,CT14,Affinity Water,290,20.3,1
Outcode Regional Hub,https://waterhardness.uk/water-hardness/ct14,/water-hardness/ct14,CT14,Southern Water,280,19.6,5
Outcode Regional Hub,https://waterhardness.uk/water-hardness/ct15,/water-hardness/ct15,CT15,Affinity Water,290,20.3,4
Outcode Regional Hub,https://waterhardness.uk/water-hardness/ct16,/water-hardness/ct16,CT16,Affinity Water,290,20.3,4
Outcode Regional Hub,https://waterhardness.uk/water-hardness/ct17,/water-hardness/ct17,CT17,Affinity Water,290,20.3,2
Outcode Regional Hub,https://waterhardness.uk/water-hardness/ct18,/water-hardness/ct18,CT18,Affinity Water,290,20.3,2
Outcode Regional Hub,https://waterhardness.uk/water-hardness/ct19,/water-hardness/ct19,CT19,Affinity Water,290,20.3,3
Outcode Regional Hub,https://waterhardness.uk/water-hardness/ct2,/water-hardness/ct2,CT2,South East Water,270,18.9,4
Outcode Regional Hub,https://waterhardness.uk/water-hardness/ct20,/water-hardness/ct20,CT20,Affinity Water,290,20.3,4
Outcode Regional Hub,https://waterhardness.uk/water-hardness/ct21,/water-hardness/ct21,CT21,Affinity Water,290,20.3,4
Outcode Regional Hub,https://waterhardness.uk/water-hardness/ct3,/water-hardness/ct3,CT3,Affinity Water,290,20.3,1
Outcode Regional Hub,https://waterhardness.uk/water-hardness/ct3,/water-hardness/ct3,CT3,South East Water,270,18.9,1
Outcode Regional Hub,https://waterhardness.uk/water-hardness/ct3,/water-hardness/ct3,CT3,Southern Water,280,19.6,2
Outcode Regional Hub,https://waterhardness.uk/water-hardness/ct4,/water-hardness/ct4,CT4,Affinity Water,290,20.3,1
Outcode Regional Hub,https://waterhardness.uk/water-hardness/ct4,/water-hardness/ct4,CT4,South East Water,270,18.9,2
Outcode Regional Hub,https://waterhardness.uk/water-hardness/ct4,/water-hardness/ct4,CT4,Southern Water,280,19.6,1
Outcode Regional Hub,https://waterhardness.uk/water-hardness/ct5,/water-hardness/ct5,CT5,South East Water,270,18.9,5
Outcode Regional Hub,https://waterhardness.uk/water-hardness/ct50,/water-hardness/ct50,CT50,Affinity Water,290,20.3,1
Outcode Regional Hub,https://waterhardness.uk/water-hardness/ct6,/water-hardness/ct6,CT6,South East Water,270,18.9,5
Outcode Regional Hub,https://waterhardness.uk/water-hardness/ct7,/water-hardness/ct7,CT7,Southern Water,280,19.6,2
Outcode Regional Hub,https://waterhardness.uk/water-hardness/ct8,/water-hardness/ct8,CT8,Southern Water,280,19.6,1
Outcode Regional Hub,https://waterhardness.uk/water-hardness/ct9,/water-hardness/ct9,CT9,Southern Water,280,19.6,6
Outcode Regional Hub,https://waterhardness.uk/water-hardness/cv1,/water-hardness/cv1,CV1,Severn Trent Water,160,11.2,6
Outcode Regional Hub,https://waterhardness.uk/water-hardness/cv10,/water-hardness/cv10,CV10,Severn Trent Water,160,11.2,5
Outcode Regional Hub,https://waterhardness.uk/water-hardness/cv11,/water-hardness/cv11,CV11,Severn Trent Water,160,11.2,6
Outcode Regional Hub,https://waterhardness.uk/water-hardness/cv12,/water-hardness/cv12,CV12,Severn Trent Water,160,11.2,3
Outcode Regional Hub,https://waterhardness.uk/water-hardness/cv13,/water-hardness/cv13,CV13,Severn Trent Water,160,11.2,2
Outcode Regional Hub,https://waterhardness.uk/water-hardness/cv2,/water-hardness/cv2,CV2,Severn Trent Water,160,11.2,5
Outcode Regional Hub,https://waterhardness.uk/water-hardness/cv21,/water-hardness/cv21,CV21,Severn Trent Water,160,11.2,5
Outcode Regional Hub,https://waterhardness.uk/water-hardness/cv22,/water-hardness/cv22,CV22,Severn Trent Water,160,11.2,3
Outcode Regional Hub,https://waterhardness.uk/water-hardness/cv23,/water-hardness/cv23,CV23,Severn Trent Water,160,11.2,4
Outcode Regional Hub,https://waterhardness.uk/water-hardness/cv3,/water-hardness/cv3,CV3,Severn Trent Water,160,11.2,7
Outcode Regional Hub,https://waterhardness.uk/water-hardness/cv31,/water-hardness/cv31,CV31,Severn Trent Water,160,11.2,4
Outcode Regional Hub,https://waterhardness.uk/water-hardness/cv32,/water-hardness/cv32,CV32,Severn Trent Water,160,11.2,4
Outcode Regional Hub,https://waterhardness.uk/water-hardness/cv33,/water-hardness/cv33,CV33,Severn Trent Water,160,11.2,2
Outcode Regional Hub,https://waterhardness.uk/water-hardness/cv34,/water-hardness/cv34,CV34,Severn Trent Water,160,11.2,7
Outcode Regional Hub,https://waterhardness.uk/water-hardness/cv35,/water-hardness/cv35,CV35,Severn Trent Water,160,11.2,4
Outcode Regional Hub,https://waterhardness.uk/water-hardness/cv36,/water-hardness/cv36,CV36,Severn Trent Water,160,11.2,2
Outcode Regional Hub,https://waterhardness.uk/water-hardness/cv37,/water-hardness/cv37,CV37,Severn Trent Water,160,11.2,7
Outcode Regional Hub,https://waterhardness.uk/water-hardness/cv4,/water-hardness/cv4,CV4,Severn Trent Water,160,11.2,4
Outcode Regional Hub,https://waterhardness.uk/water-hardness/cv47,/water-hardness/cv47,CV47,Severn Trent Water,160,11.2,7
Outcode Regional Hub,https://waterhardness.uk/water-hardness/cv5,/water-hardness/cv5,CV5,Severn Trent Water,160,11.2,4
Outcode Regional Hub,https://waterhardness.uk/water-hardness/cv6,/water-hardness/cv6,CV6,Severn Trent Water,160,11.2,8
Outcode Regional Hub,https://waterhardness.uk/water-hardness/cv7,/water-hardness/cv7,CV7,Severn Trent Water,160,11.2,3
Outcode Regional Hub,https://waterhardness.uk/water-hardness/cv8,/water-hardness/cv8,CV8,Severn Trent Water,160,11.2,4
Outcode Regional Hub,https://waterhardness.uk/water-hardness/cv9,/water-hardness/cv9,CV9,Severn Trent Water,160,11.2,4
Outcode Regional Hub,https://waterhardness.uk/water-hardness/cw1,/water-hardness/cw1,CW1,United Utilities,45,3.2,6
Outcode Regional Hub,https://waterhardness.uk/water-hardness/cw10,/water-hardness/cw10,CW10,United Utilities,45,3.2,2
Outcode Regional Hub,https://waterhardness.uk/water-hardness/cw11,/water-hardness/cw11,CW11,United Utilities,45,3.2,5
Outcode Regional Hub,https://waterhardness.uk/water-hardness/cw12,/water-hardness/cw12,CW12,United Utilities,45,3.2,5
Outcode Regional Hub,https://waterhardness.uk/water-hardness/cw2,/water-hardness/cw2,CW2,United Utilities,45,3.2,4
Outcode Regional Hub,https://waterhardness.uk/water-hardness/cw3,/water-hardness/cw3,CW3,Severn Trent Water,160,11.2,1
Outcode Regional Hub,https://waterhardness.uk/water-hardness/cw3,/water-hardness/cw3,CW3,United Utilities,45,3.2,1
Outcode Regional Hub,https://waterhardness.uk/water-hardness/cw4,/water-hardness/cw4,CW4,United Utilities,45,3.2,2
Outcode Regional Hub,https://waterhardness.uk/water-hardness/cw5,/water-hardness/cw5,CW5,United Utilities,45,3.2,5
Outcode Regional Hub,https://waterhardness.uk/water-hardness/cw6,/water-hardness/cw6,CW6,United Utilities,45,3.2,3
Outcode Regional Hub,https://waterhardness.uk/water-hardness/cw7,/water-hardness/cw7,CW7,United Utilities,45,3.2,5
Outcode Regional Hub,https://waterhardness.uk/water-hardness/cw8,/water-hardness/cw8,CW8,United Utilities,45,3.2,4
Outcode Regional Hub,https://waterhardness.uk/water-hardness/cw9,/water-hardness/cw9,CW9,United Utilities,45,3.2,5
Outcode Regional Hub,https://waterhardness.uk/water-hardness/cw98,/water-hardness/cw98,CW98,United Utilities,45,3.2,1
Outcode Regional Hub,https://waterhardness.uk/water-hardness/da1,/water-hardness/da1,DA1,Thames Water,275,19.3,6
Outcode Regional Hub,https://waterhardness.uk/water-hardness/da10,/water-hardness/da10,DA10,Thames Water,275,19.3,3
Outcode Regional Hub,https://waterhardness.uk/water-hardness/da11,/water-hardness/da11,DA11,Southern Water,280,19.6,4
Outcode Regional Hub,https://waterhardness.uk/water-hardness/da12,/water-hardness/da12,DA12,Southern Water,280,19.6,6
Outcode Regional Hub,https://waterhardness.uk/water-hardness/da13,/water-hardness/da13,DA13,Southern Water,280,19.6,2
Outcode Regional Hub,https://waterhardness.uk/water-hardness/da14,/water-hardness/da14,DA14,Thames Water,275,19.3,3
Outcode Regional Hub,https://waterhardness.uk/water-hardness/da15,/water-hardness/da15,DA15,Thames Water,275,19.3,4
Outcode Regional Hub,https://waterhardness.uk/water-hardness/da16,/water-hardness/da16,DA16,Thames Water,275,19.3,3
Outcode Regional Hub,https://waterhardness.uk/water-hardness/da17,/water-hardness/da17,DA17,Thames Water,275,19.3,3
Outcode Regional Hub,https://waterhardness.uk/water-hardness/da18,/water-hardness/da18,DA18,Thames Water,275,19.3,1
Outcode Regional Hub,https://waterhardness.uk/water-hardness/da2,/water-hardness/da2,DA2,Thames Water,275,19.3,3
Outcode Regional Hub,https://waterhardness.uk/water-hardness/da3,/water-hardness/da3,DA3,South East Water,270,18.9,3
Outcode Regional Hub,https://waterhardness.uk/water-hardness/da4,/water-hardness/da4,DA4,Thames Water,275,19.3,2
Outcode Regional Hub,https://waterhardness.uk/water-hardness/da5,/water-hardness/da5,DA5,Thames Water,275,19.3,4
Outcode Regional Hub,https://waterhardness.uk/water-hardness/da6,/water-hardness/da6,DA6,Thames Water,275,19.3,2
Outcode Regional Hub,https://waterhardness.uk/water-hardness/da7,/water-hardness/da7,DA7,Thames Water,275,19.3,4
Outcode Regional Hub,https://waterhardness.uk/water-hardness/da8,/water-hardness/da8,DA8,Thames Water,275,19.3,4
Outcode Regional Hub,https://waterhardness.uk/water-hardness/da9,/water-hardness/da9,DA9,Thames Water,275,19.3,1
Outcode Regional Hub,https://waterhardness.uk/water-hardness/dd1,/water-hardness/dd1,DD1,Scottish Water,25,1.8,6
Outcode Regional Hub,https://waterhardness.uk/water-hardness/dd10,/water-hardness/dd10,DD10,Scottish Water,25,1.8,4
Outcode Regional Hub,https://waterhardness.uk/water-hardness/dd11,/water-hardness/dd11,DD11,Scottish Water,25,1.8,6
Outcode Regional Hub,https://waterhardness.uk/water-hardness/dd2,/water-hardness/dd2,DD2,Scottish Water,25,1.8,6
Outcode Regional Hub,https://waterhardness.uk/water-hardness/dd3,/water-hardness/dd3,DD3,Scottish Water,25,1.8,5
Outcode Regional Hub,https://waterhardness.uk/water-hardness/dd4,/water-hardness/dd4,DD4,Scottish Water,25,1.8,5
Outcode Regional Hub,https://waterhardness.uk/water-hardness/dd5,/water-hardness/dd5,DD5,Scottish Water,25,1.8,5
Outcode Regional Hub,https://waterhardness.uk/water-hardness/dd6,/water-hardness/dd6,DD6,Scottish Water,25,1.8,2
Outcode Regional Hub,https://waterhardness.uk/water-hardness/dd7,/water-hardness/dd7,DD7,Scottish Water,25,1.8,2
Outcode Regional Hub,https://waterhardness.uk/water-hardness/dd8,/water-hardness/dd8,DD8,Scottish Water,25,1.8,7
Outcode Regional Hub,https://waterhardness.uk/water-hardness/dd9,/water-hardness/dd9,DD9,Scottish Water,25,1.8,3
Outcode Regional Hub,https://waterhardness.uk/water-hardness/de1,/water-hardness/de1,DE1,Severn Trent Water,160,11.2,5
Outcode Regional Hub,https://waterhardness.uk/water-hardness/de11,/water-hardness/de11,DE11,Severn Trent Water,160,11.2,5
Outcode Regional Hub,https://waterhardness.uk/water-hardness/de12,/water-hardness/de12,DE12,Severn Trent Water,160,11.2,1
Outcode Regional Hub,https://waterhardness.uk/water-hardness/de12,/water-hardness/de12,DE12,South Staffordshire Water,300,21,2
Outcode Regional Hub,https://waterhardness.uk/water-hardness/de13,/water-hardness/de13,DE13,South Staffordshire Water,300,21,4
Outcode Regional Hub,https://waterhardness.uk/water-hardness/de14,/water-hardness/de14,DE14,South Staffordshire Water,300,21,4
Outcode Regional Hub,https://waterhardness.uk/water-hardness/de15,/water-hardness/de15,DE15,South Staffordshire Water,300,21,2
Outcode Regional Hub,https://waterhardness.uk/water-hardness/de21,/water-hardness/de21,DE21,Severn Trent Water,160,11.2,5
Outcode Regional Hub,https://waterhardness.uk/water-hardness/de22,/water-hardness/de22,DE22,Severn Trent Water,160,11.2,5
Outcode Regional Hub,https://waterhardness.uk/water-hardness/de23,/water-hardness/de23,DE23,Severn Trent Water,160,11.2,6
Outcode Regional Hub,https://waterhardness.uk/water-hardness/de24,/water-hardness/de24,DE24,Severn Trent Water,160,11.2,6
Outcode Regional Hub,https://waterhardness.uk/water-hardness/de3,/water-hardness/de3,DE3,Severn Trent Water,160,11.2,2
Outcode Regional Hub,https://waterhardness.uk/water-hardness/de4,/water-hardness/de4,DE4,Severn Trent Water,160,11.2,5
Outcode Regional Hub,https://waterhardness.uk/water-hardness/de45,/water-hardness/de45,DE45,Severn Trent Water,160,11.2,2
Outcode Regional Hub,https://waterhardness.uk/water-hardness/de5,/water-hardness/de5,DE5,Severn Trent Water,160,11.2,4
Outcode Regional Hub,https://waterhardness.uk/water-hardness/de55,/water-hardness/de55,DE55,Severn Trent Water,160,11.2,8
Outcode Regional Hub,https://waterhardness.uk/water-hardness/de56,/water-hardness/de56,DE56,Severn Trent Water,160,11.2,5
Outcode Regional Hub,https://waterhardness.uk/water-hardness/de6,/water-hardness/de6,DE6,Severn Trent Water,160,11.2,5
Outcode Regional Hub,https://waterhardness.uk/water-hardness/de6,/water-hardness/de6,DE6,South Staffordshire Water,300,21,1
Outcode Regional Hub,https://waterhardness.uk/water-hardness/de65,/water-hardness/de65,DE65,Severn Trent Water,160,11.2,2
Outcode Regional Hub,https://waterhardness.uk/water-hardness/de65,/water-hardness/de65,DE65,South Staffordshire Water,300,21,1
Outcode Regional Hub,https://waterhardness.uk/water-hardness/de7,/water-hardness/de7,DE7,Severn Trent Water,160,11.2,6
Outcode Regional Hub,https://waterhardness.uk/water-hardness/de72,/water-hardness/de72,DE72,Severn Trent Water,160,11.2,2
Outcode Regional Hub,https://waterhardness.uk/water-hardness/de73,/water-hardness/de73,DE73,Severn Trent Water,160,11.2,4
Outcode Regional Hub,https://waterhardness.uk/water-hardness/de74,/water-hardness/de74,DE74,Severn Trent Water,160,11.2,2
Outcode Regional Hub,https://waterhardness.uk/water-hardness/de75,/water-hardness/de75,DE75,Severn Trent Water,160,11.2,2
Outcode Regional Hub,https://waterhardness.uk/water-hardness/de99,/water-hardness/de99,DE99,Severn Trent Water,160,11.2,1
Outcode Regional Hub,https://waterhardness.uk/water-hardness/dg1,/water-hardness/dg1,DG1,United Utilities,45,3.2,5
Outcode Regional Hub,https://waterhardness.uk/water-hardness/dg10,/water-hardness/dg10,DG10,Northumbrian Water,130,9.1,1
Outcode Regional Hub,https://waterhardness.uk/water-hardness/dg10,/water-hardness/dg10,DG10,United Utilities,45,3.2,1
Outcode Regional Hub,https://waterhardness.uk/water-hardness/dg11,/water-hardness/dg11,DG11,United Utilities,45,3.2,4
Outcode Regional Hub,https://waterhardness.uk/water-hardness/dg12,/water-hardness/dg12,DG12,United Utilities,45,3.2,3
Outcode Regional Hub,https://waterhardness.uk/water-hardness/dg13,/water-hardness/dg13,DG13,United Utilities,45,3.2,1
Outcode Regional Hub,https://waterhardness.uk/water-hardness/dg14,/water-hardness/dg14,DG14,United Utilities,45,3.2,1
Outcode Regional Hub,https://waterhardness.uk/water-hardness/dg16,/water-hardness/dg16,DG16,United Utilities,45,3.2,1
Outcode Regional Hub,https://waterhardness.uk/water-hardness/dg2,/water-hardness/dg2,DG2,United Utilities,45,3.2,4
Outcode Regional Hub,https://waterhardness.uk/water-hardness/dg3,/water-hardness/dg3,DG3,United Utilities,45,3.2,2
Outcode Regional Hub,https://waterhardness.uk/water-hardness/dg4,/water-hardness/dg4,DG4,United Utilities,45,3.2,1
Outcode Regional Hub,https://waterhardness.uk/water-hardness/dg5,/water-hardness/dg5,DG5,United Utilities,45,3.2,1
Outcode Regional Hub,https://waterhardness.uk/water-hardness/dg6,/water-hardness/dg6,DG6,Northumbrian Water,130,9.1,1
Outcode Regional Hub,https://waterhardness.uk/water-hardness/dg6,/water-hardness/dg6,DG6,United Utilities,45,3.2,1
Outcode Regional Hub,https://waterhardness.uk/water-hardness/dg7,/water-hardness/dg7,DG7,United Utilities,45,3.2,4
Outcode Regional Hub,https://waterhardness.uk/water-hardness/dg8,/water-hardness/dg8,DG8,United Utilities,45,3.2,5
Outcode Regional Hub,https://waterhardness.uk/water-hardness/dg9,/water-hardness/dg9,DG9,United Utilities,45,3.2,5
Outcode Regional Hub,https://waterhardness.uk/water-hardness/dh1,/water-hardness/dh1,DH1,Northumbrian Water,130,9.1,6
Outcode Regional Hub,https://waterhardness.uk/water-hardness/dh2,/water-hardness/dh2,DH2,Northumbrian Water,130,9.1,3
Outcode Regional Hub,https://waterhardness.uk/water-hardness/dh3,/water-hardness/dh3,DH3,Northumbrian Water,130,9.1,5
Outcode Regional Hub,https://waterhardness.uk/water-hardness/dh4,/water-hardness/dh4,DH4,Northumbrian Water,130,9.1,5
Outcode Regional Hub,https://waterhardness.uk/water-hardness/dh5,/water-hardness/dh5,DH5,Northumbrian Water,130,9.1,3
Outcode Regional Hub,https://waterhardness.uk/water-hardness/dh6,/water-hardness/dh6,DH6,Northumbrian Water,130,9.1,5
Outcode Regional Hub,https://waterhardness.uk/water-hardness/dh7,/water-hardness/dh7,DH7,Northumbrian Water,130,9.1,5
Outcode Regional Hub,https://waterhardness.uk/water-hardness/dh8,/water-hardness/dh8,DH8,Northumbrian Water,130,9.1,7
Outcode Regional Hub,https://waterhardness.uk/water-hardness/dh9,/water-hardness/dh9,DH9,Northumbrian Water,130,9.1,5
Outcode Regional Hub,https://waterhardness.uk/water-hardness/dh97,/water-hardness/dh97,DH97,Northumbrian Water,130,9.1,1
Outcode Regional Hub,https://waterhardness.uk/water-hardness/dh98,/water-hardness/dh98,DH98,Northumbrian Water,130,9.1,1
Outcode Regional Hub,https://waterhardness.uk/water-hardness/dh99,/water-hardness/dh99,DH99,Northumbrian Water,130,9.1,1
Outcode Regional Hub,https://waterhardness.uk/water-hardness/dl1,/water-hardness/dl1,DL1,Northumbrian Water,130,9.1,6
Outcode Regional Hub,https://waterhardness.uk/water-hardness/dl10,/water-hardness/dl10,DL10,Yorkshire Water,110,7.7,5
Outcode Regional Hub,https://waterhardness.uk/water-hardness/dl11,/water-hardness/dl11,DL11,Yorkshire Water,110,7.7,2
Outcode Regional Hub,https://waterhardness.uk/water-hardness/dl12,/water-hardness/dl12,DL12,Northumbrian Water,130,9.1,4
Outcode Regional Hub,https://waterhardness.uk/water-hardness/dl13,/water-hardness/dl13,DL13,Northumbrian Water,130,9.1,5
Outcode Regional Hub,https://waterhardness.uk/water-hardness/dl14,/water-hardness/dl14,DL14,Northumbrian Water,130,9.1,6
Outcode Regional Hub,https://waterhardness.uk/water-hardness/dl15,/water-hardness/dl15,DL15,Northumbrian Water,130,9.1,3
Outcode Regional Hub,https://waterhardness.uk/water-hardness/dl16,/water-hardness/dl16,DL16,Northumbrian Water,130,9.1,3
Outcode Regional Hub,https://waterhardness.uk/water-hardness/dl17,/water-hardness/dl17,DL17,Northumbrian Water,130,9.1,3
Outcode Regional Hub,https://waterhardness.uk/water-hardness/dl2,/water-hardness/dl2,DL2,Northumbrian Water,130,9.1,3
Outcode Regional Hub,https://waterhardness.uk/water-hardness/dl3,/water-hardness/dl3,DL3,Northumbrian Water,130,9.1,5
Outcode Regional Hub,https://waterhardness.uk/water-hardness/dl4,/water-hardness/dl4,DL4,Northumbrian Water,130,9.1,2
Outcode Regional Hub,https://waterhardness.uk/water-hardness/dl5,/water-hardness/dl5,DL5,Northumbrian Water,130,9.1,5
Outcode Regional Hub,https://waterhardness.uk/water-hardness/dl6,/water-hardness/dl6,DL6,Yorkshire Water,110,7.7,3
Outcode Regional Hub,https://waterhardness.uk/water-hardness/dl7,/water-hardness/dl7,DL7,Yorkshire Water,110,7.7,4
Outcode Regional Hub,https://waterhardness.uk/water-hardness/dl8,/water-hardness/dl8,DL8,Yorkshire Water,110,7.7,6
Outcode Regional Hub,https://waterhardness.uk/water-hardness/dl9,/water-hardness/dl9,DL9,Yorkshire Water,110,7.7,2
Outcode Regional Hub,https://waterhardness.uk/water-hardness/dl98,/water-hardness/dl98,DL98,Northumbrian Water,130,9.1,1
Outcode Regional Hub,https://waterhardness.uk/water-hardness/dn1,/water-hardness/dn1,DN1,Yorkshire Water,110,7.7,4
Outcode Regional Hub,https://waterhardness.uk/water-hardness/dn10,/water-hardness/dn10,DN10,Anglian Water,310,21.7,2
Outcode Regional Hub,https://waterhardness.uk/water-hardness/dn10,/water-hardness/dn10,DN10,Yorkshire Water,110,7.7,1
Outcode Regional Hub,https://waterhardness.uk/water-hardness/dn11,/water-hardness/dn11,DN11,Severn Trent Water,160,11.2,1
Outcode Regional Hub,https://waterhardness.uk/water-hardness/dn11,/water-hardness/dn11,DN11,Yorkshire Water,110,7.7,2
Outcode Regional Hub,https://waterhardness.uk/water-hardness/dn12,/water-hardness/dn12,DN12,Yorkshire Water,110,7.7,4
Outcode Regional Hub,https://waterhardness.uk/water-hardness/dn14,/water-hardness/dn14,DN14,Yorkshire Water,110,7.7,7
Outcode Regional Hub,https://waterhardness.uk/water-hardness/dn15,/water-hardness/dn15,DN15,Anglian Water,310,21.7,6
Outcode Regional Hub,https://waterhardness.uk/water-hardness/dn16,/water-hardness/dn16,DN16,Anglian Water,310,21.7,3
Outcode Regional Hub,https://waterhardness.uk/water-hardness/dn17,/water-hardness/dn17,DN17,Anglian Water,310,21.7,3
Outcode Regional Hub,https://waterhardness.uk/water-hardness/dn17,/water-hardness/dn17,DN17,Yorkshire Water,110,7.7,1
Outcode Regional Hub,https://waterhardness.uk/water-hardness/dn18,/water-hardness/dn18,DN18,Anglian Water,310,21.7,3
Outcode Regional Hub,https://waterhardness.uk/water-hardness/dn19,/water-hardness/dn19,DN19,Anglian Water,310,21.7,2
Outcode Regional Hub,https://waterhardness.uk/water-hardness/dn2,/water-hardness/dn2,DN2,Yorkshire Water,110,7.7,3
Outcode Regional Hub,https://waterhardness.uk/water-hardness/dn20,/water-hardness/dn20,DN20,Anglian Water,310,21.7,4
Outcode Regional Hub,https://waterhardness.uk/water-hardness/dn21,/water-hardness/dn21,DN21,Anglian Water,310,21.7,6
Outcode Regional Hub,https://waterhardness.uk/water-hardness/dn22,/water-hardness/dn22,DN22,Anglian Water,310,21.7,8
Outcode Regional Hub,https://waterhardness.uk/water-hardness/dn3,/water-hardness/dn3,DN3,Yorkshire Water,110,7.7,3
Outcode Regional Hub,https://waterhardness.uk/water-hardness/dn31,/water-hardness/dn31,DN31,Anglian Water,310,21.7,4
Outcode Regional Hub,https://waterhardness.uk/water-hardness/dn32,/water-hardness/dn32,DN32,Anglian Water,310,21.7,4
Outcode Regional Hub,https://waterhardness.uk/water-hardness/dn33,/water-hardness/dn33,DN33,Anglian Water,310,21.7,3
Outcode Regional Hub,https://waterhardness.uk/water-hardness/dn34,/water-hardness/dn34,DN34,Anglian Water,310,21.7,2
Outcode Regional Hub,https://waterhardness.uk/water-hardness/dn35,/water-hardness/dn35,DN35,Anglian Water,310,21.7,4
Outcode Regional Hub,https://waterhardness.uk/water-hardness/dn36,/water-hardness/dn36,DN36,Anglian Water,310,21.7,2
Outcode Regional Hub,https://waterhardness.uk/water-hardness/dn37,/water-hardness/dn37,DN37,Anglian Water,310,21.7,4
Outcode Regional Hub,https://waterhardness.uk/water-hardness/dn38,/water-hardness/dn38,DN38,Anglian Water,310,21.7,1
Outcode Regional Hub,https://waterhardness.uk/water-hardness/dn39,/water-hardness/dn39,DN39,Anglian Water,310,21.7,1
Outcode Regional Hub,https://waterhardness.uk/water-hardness/dn4,/water-hardness/dn4,DN4,Yorkshire Water,110,7.7,6
Outcode Regional Hub,https://waterhardness.uk/water-hardness/dn40,/water-hardness/dn40,DN40,Anglian Water,310,21.7,4
Outcode Regional Hub,https://waterhardness.uk/water-hardness/dn41,/water-hardness/dn41,DN41,Anglian Water,310,21.7,2
Outcode Regional Hub,https://waterhardness.uk/water-hardness/dn5,/water-hardness/dn5,DN5,Yorkshire Water,110,7.7,4
Outcode Regional Hub,https://waterhardness.uk/water-hardness/dn6,/water-hardness/dn6,DN6,Yorkshire Water,110,7.7,4
Outcode Regional Hub,https://waterhardness.uk/water-hardness/dn7,/water-hardness/dn7,DN7,Yorkshire Water,110,7.7,3
Outcode Regional Hub,https://waterhardness.uk/water-hardness/dn8,/water-hardness/dn8,DN8,Yorkshire Water,110,7.7,2
Outcode Regional Hub,https://waterhardness.uk/water-hardness/dn9,/water-hardness/dn9,DN9,Yorkshire Water,110,7.7,3
Outcode Regional Hub,https://waterhardness.uk/water-hardness/dt1,/water-hardness/dt1,DT1,Wessex Water,290,20.3,4
Outcode Regional Hub,https://waterhardness.uk/water-hardness/dt10,/water-hardness/dt10,DT10,Wessex Water,290,20.3,3
Outcode Regional Hub,https://waterhardness.uk/water-hardness/dt11,/water-hardness/dt11,DT11,Wessex Water,290,20.3,5
Outcode Regional Hub,https://waterhardness.uk/water-hardness/dt2,/water-hardness/dt2,DT2,Wessex Water,290,20.3,4
Outcode Regional Hub,https://waterhardness.uk/water-hardness/dt3,/water-hardness/dt3,DT3,Wessex Water,290,20.3,3
Outcode Regional Hub,https://waterhardness.uk/water-hardness/dt4,/water-hardness/dt4,DT4,Wessex Water,290,20.3,5
Outcode Regional Hub,https://waterhardness.uk/water-hardness/dt5,/water-hardness/dt5,DT5,Wessex Water,290,20.3,3
Outcode Regional Hub,https://waterhardness.uk/water-hardness/dt6,/water-hardness/dt6,DT6,Wessex Water,290,20.3,5
Outcode Regional Hub,https://waterhardness.uk/water-hardness/dt7,/water-hardness/dt7,DT7,South West Water,40,2.8,1
Outcode Regional Hub,https://waterhardness.uk/water-hardness/dt8,/water-hardness/dt8,DT8,Wessex Water,290,20.3,1
Outcode Regional Hub,https://waterhardness.uk/water-hardness/dt9,/water-hardness/dt9,DT9,Wessex Water,290,20.3,5
Outcode Regional Hub,https://waterhardness.uk/water-hardness/dy1,/water-hardness/dy1,DY1,South Staffordshire Water,300,21,5
Outcode Regional Hub,https://waterhardness.uk/water-hardness/dy10,/water-hardness/dy10,DY10,Severn Trent Water,160,11.2,4
Outcode Regional Hub,https://waterhardness.uk/water-hardness/dy11,/water-hardness/dy11,DY11,Severn Trent Water,160,11.2,4
Outcode Regional Hub,https://waterhardness.uk/water-hardness/dy12,/water-hardness/dy12,DY12,Severn Trent Water,160,11.2,4
Outcode Regional Hub,https://waterhardness.uk/water-hardness/dy13,/water-hardness/dy13,DY13,Severn Trent Water,160,11.2,4
Outcode Regional Hub,https://waterhardness.uk/water-hardness/dy14,/water-hardness/dy14,DY14,Severn Trent Water,160,11.2,3
Outcode Regional Hub,https://waterhardness.uk/water-hardness/dy2,/water-hardness/dy2,DY2,South Staffordshire Water,300,21,4
Outcode Regional Hub,https://waterhardness.uk/water-hardness/dy3,/water-hardness/dy3,DY3,Severn Trent Water,160,11.2,1
Outcode Regional Hub,https://waterhardness.uk/water-hardness/dy3,/water-hardness/dy3,DY3,South Staffordshire Water,300,21,3
Outcode Regional Hub,https://waterhardness.uk/water-hardness/dy4,/water-hardness/dy4,DY4,South Staffordshire Water,300,21,5
Outcode Regional Hub,https://waterhardness.uk/water-hardness/dy5,/water-hardness/dy5,DY5,South Staffordshire Water,300,21,5
Outcode Regional Hub,https://waterhardness.uk/water-hardness/dy6,/water-hardness/dy6,DY6,South Staffordshire Water,300,21,5
Outcode Regional Hub,https://waterhardness.uk/water-hardness/dy7,/water-hardness/dy7,DY7,South Staffordshire Water,300,21,2
Outcode Regional Hub,https://waterhardness.uk/water-hardness/dy8,/water-hardness/dy8,DY8,Severn Trent Water,160,11.2,6
Outcode Regional Hub,https://waterhardness.uk/water-hardness/dy9,/water-hardness/dy9,DY9,Severn Trent Water,160,11.2,4
Outcode Regional Hub,https://waterhardness.uk/water-hardness/e1,/water-hardness/e1,E1,Thames Water,275,19.3,9
Outcode Regional Hub,https://waterhardness.uk/water-hardness/e10,/water-hardness/e10,E10,Thames Water,275,19.3,4
Outcode Regional Hub,https://waterhardness.uk/water-hardness/e11,/water-hardness/e11,E11,Thames Water,275,19.3,5
Outcode Regional Hub,https://waterhardness.uk/water-hardness/e12,/water-hardness/e12,E12,Thames Water,275,19.3,3
Outcode Regional Hub,https://waterhardness.uk/water-hardness/e13,/water-hardness/e13,E13,Thames Water,275,19.3,4
Outcode Regional Hub,https://waterhardness.uk/water-hardness/e14,/water-hardness/e14,E14,Thames Water,275,19.3,10
Outcode Regional Hub,https://waterhardness.uk/water-hardness/e15,/water-hardness/e15,E15,Thames Water,275,19.3,5
Outcode Regional Hub,https://waterhardness.uk/water-hardness/e16,/water-hardness/e16,E16,Thames Water,275,19.3,5
Outcode Regional Hub,https://waterhardness.uk/water-hardness/e17,/water-hardness/e17,E17,Thames Water,275,19.3,8
Outcode Regional Hub,https://waterhardness.uk/water-hardness/e18,/water-hardness/e18,E18,Thames Water,275,19.3,3
Outcode Regional Hub,https://waterhardness.uk/water-hardness/e1w,/water-hardness/e1w,E1W,Thames Water,275,19.3,4
Outcode Regional Hub,https://waterhardness.uk/water-hardness/e2,/water-hardness/e2,E2,Thames Water,275,19.3,6
Outcode Regional Hub,https://waterhardness.uk/water-hardness/e20,/water-hardness/e20,E20,Thames Water,275,19.3,3
Outcode Regional Hub,https://waterhardness.uk/water-hardness/e22,/water-hardness/e22,E22,Thames Water,275,19.3,2
Outcode Regional Hub,https://waterhardness.uk/water-hardness/e3,/water-hardness/e3,E3,Thames Water,275,19.3,5
Outcode Regional Hub,https://waterhardness.uk/water-hardness/e4,/water-hardness/e4,E4,Thames Water,275,19.3,5
Outcode Regional Hub,https://waterhardness.uk/water-hardness/e5,/water-hardness/e5,E5,Thames Water,275,19.3,4
Outcode Regional Hub,https://waterhardness.uk/water-hardness/e6,/water-hardness/e6,E6,Thames Water,275,19.3,7
Outcode Regional Hub,https://waterhardness.uk/water-hardness/e7,/water-hardness/e7,E7,Thames Water,275,19.3,4
Outcode Regional Hub,https://waterhardness.uk/water-hardness/e8,/water-hardness/e8,E8,Thames Water,275,19.3,5
Outcode Regional Hub,https://waterhardness.uk/water-hardness/e9,/water-hardness/e9,E9,Thames Water,275,19.3,4
Outcode Regional Hub,https://waterhardness.uk/water-hardness/e98,/water-hardness/e98,E98,Thames Water,275,19.3,1
Outcode Regional Hub,https://waterhardness.uk/water-hardness/ec1a,/water-hardness/ec1a,EC1A,Thames Water,275,19.3,5
Outcode Regional Hub,https://waterhardness.uk/water-hardness/ec1m,/water-hardness/ec1m,EC1M,Thames Water,275,19.3,5
Outcode Regional Hub,https://waterhardness.uk/water-hardness/ec1n,/water-hardness/ec1n,EC1N,Thames Water,275,19.3,4
Outcode Regional Hub,https://waterhardness.uk/water-hardness/ec1p,/water-hardness/ec1p,EC1P,Thames Water,275,19.3,1
Outcode Regional Hub,https://waterhardness.uk/water-hardness/ec1r,/water-hardness/ec1r,EC1R,Thames Water,275,19.3,5
Outcode Regional Hub,https://waterhardness.uk/water-hardness/ec1v,/water-hardness/ec1v,EC1V,Thames Water,275,19.3,8
Outcode Regional Hub,https://waterhardness.uk/water-hardness/ec1y,/water-hardness/ec1y,EC1Y,Thames Water,275,19.3,5
Outcode Regional Hub,https://waterhardness.uk/water-hardness/ec2a,/water-hardness/ec2a,EC2A,Thames Water,275,19.3,4
Outcode Regional Hub,https://waterhardness.uk/water-hardness/ec2m,/water-hardness/ec2m,EC2M,Thames Water,275,19.3,7
Outcode Regional Hub,https://waterhardness.uk/water-hardness/ec2n,/water-hardness/ec2n,EC2N,Thames Water,275,19.3,4
Outcode Regional Hub,https://waterhardness.uk/water-hardness/ec2p,/water-hardness/ec2p,EC2P,Thames Water,275,19.3,1
Outcode Regional Hub,https://waterhardness.uk/water-hardness/ec2r,/water-hardness/ec2r,EC2R,Thames Water,275,19.3,4
Outcode Regional Hub,https://waterhardness.uk/water-hardness/ec2v,/water-hardness/ec2v,EC2V,Thames Water,275,19.3,4
Outcode Regional Hub,https://waterhardness.uk/water-hardness/ec2y,/water-hardness/ec2y,EC2Y,Thames Water,275,19.3,3
Outcode Regional Hub,https://waterhardness.uk/water-hardness/ec3a,/water-hardness/ec3a,EC3A,Thames Water,275,19.3,8
Outcode Regional Hub,https://waterhardness.uk/water-hardness/ec3m,/water-hardness/ec3m,EC3M,Thames Water,275,19.3,8
Outcode Regional Hub,https://waterhardness.uk/water-hardness/ec3n,/water-hardness/ec3n,EC3N,Thames Water,275,19.3,4
Outcode Regional Hub,https://waterhardness.uk/water-hardness/ec3p,/water-hardness/ec3p,EC3P,Thames Water,275,19.3,1
Outcode Regional Hub,https://waterhardness.uk/water-hardness/ec3r,/water-hardness/ec3r,EC3R,Thames Water,275,19.3,4
Outcode Regional Hub,https://waterhardness.uk/water-hardness/ec3v,/water-hardness/ec3v,EC3V,Thames Water,275,19.3,5
Outcode Regional Hub,https://waterhardness.uk/water-hardness/ec4a,/water-hardness/ec4a,EC4A,Thames Water,275,19.3,4
Outcode Regional Hub,https://waterhardness.uk/water-hardness/ec4m,/water-hardness/ec4m,EC4M,Thames Water,275,19.3,5
Outcode Regional Hub,https://waterhardness.uk/water-hardness/ec4n,/water-hardness/ec4n,EC4N,Thames Water,275,19.3,6
Outcode Regional Hub,https://waterhardness.uk/water-hardness/ec4p,/water-hardness/ec4p,EC4P,Thames Water,275,19.3,1
Outcode Regional Hub,https://waterhardness.uk/water-hardness/ec4r,/water-hardness/ec4r,EC4R,Thames Water,275,19.3,5
Outcode Regional Hub,https://waterhardness.uk/water-hardness/ec4v,/water-hardness/ec4v,EC4V,Thames Water,275,19.3,5
Outcode Regional Hub,https://waterhardness.uk/water-hardness/ec4y,/water-hardness/ec4y,EC4Y,Thames Water,275,19.3,5
Outcode Regional Hub,https://waterhardness.uk/water-hardness/eh1,/water-hardness/eh1,EH1,Scottish Water,25,1.8,4
Outcode Regional Hub,https://waterhardness.uk/water-hardness/eh10,/water-hardness/eh10,EH10,Scottish Water,25,1.8,5
Outcode Regional Hub,https://waterhardness.uk/water-hardness/eh11,/water-hardness/eh11,EH11,Scottish Water,25,1.8,4
Outcode Regional Hub,https://waterhardness.uk/water-hardness/eh12,/water-hardness/eh12,EH12,Scottish Water,25,1.8,7
Outcode Regional Hub,https://waterhardness.uk/water-hardness/eh13,/water-hardness/eh13,EH13,Scottish Water,25,1.8,2
Outcode Regional Hub,https://waterhardness.uk/water-hardness/eh14,/water-hardness/eh14,EH14,Scottish Water,25,1.8,8
Outcode Regional Hub,https://waterhardness.uk/water-hardness/eh15,/water-hardness/eh15,EH15,Scottish Water,25,1.8,4
Outcode Regional Hub,https://waterhardness.uk/water-hardness/eh16,/water-hardness/eh16,EH16,Scottish Water,25,1.8,4
Outcode Regional Hub,https://waterhardness.uk/water-hardness/eh17,/water-hardness/eh17,EH17,Scottish Water,25,1.8,2
Outcode Regional Hub,https://waterhardness.uk/water-hardness/eh18,/water-hardness/eh18,EH18,Scottish Water,25,1.8,1
Outcode Regional Hub,https://waterhardness.uk/water-hardness/eh19,/water-hardness/eh19,EH19,Scottish Water,25,1.8,2
Outcode Regional Hub,https://waterhardness.uk/water-hardness/eh2,/water-hardness/eh2,EH2,Scottish Water,25,1.8,5
Outcode Regional Hub,https://waterhardness.uk/water-hardness/eh20,/water-hardness/eh20,EH20,Scottish Water,25,1.8,2
Outcode Regional Hub,https://waterhardness.uk/water-hardness/eh21,/water-hardness/eh21,EH21,Scottish Water,25,1.8,4
Outcode Regional Hub,https://waterhardness.uk/water-hardness/eh22,/water-hardness/eh22,EH22,Scottish Water,25,1.8,6
Outcode Regional Hub,https://waterhardness.uk/water-hardness/eh23,/water-hardness/eh23,EH23,Scottish Water,25,1.8,1
Outcode Regional Hub,https://waterhardness.uk/water-hardness/eh24,/water-hardness/eh24,EH24,Scottish Water,25,1.8,1
Outcode Regional Hub,https://waterhardness.uk/water-hardness/eh25,/water-hardness/eh25,EH25,Scottish Water,25,1.8,1
Outcode Regional Hub,https://waterhardness.uk/water-hardness/eh26,/water-hardness/eh26,EH26,Scottish Water,25,1.8,4
Outcode Regional Hub,https://waterhardness.uk/water-hardness/eh27,/water-hardness/eh27,EH27,Scottish Water,25,1.8,1
Outcode Regional Hub,https://waterhardness.uk/water-hardness/eh28,/water-hardness/eh28,EH28,Scottish Water,25,1.8,2
Outcode Regional Hub,https://waterhardness.uk/water-hardness/eh29,/water-hardness/eh29,EH29,Scottish Water,25,1.8,1
Outcode Regional Hub,https://waterhardness.uk/water-hardness/eh3,/water-hardness/eh3,EH3,Scottish Water,25,1.8,6
Outcode Regional Hub,https://waterhardness.uk/water-hardness/eh30,/water-hardness/eh30,EH30,Scottish Water,25,1.8,1
Outcode Regional Hub,https://waterhardness.uk/water-hardness/eh31,/water-hardness/eh31,EH31,Scottish Water,25,1.8,1
Outcode Regional Hub,https://waterhardness.uk/water-hardness/eh32,/water-hardness/eh32,EH32,Scottish Water,25,1.8,3
Outcode Regional Hub,https://waterhardness.uk/water-hardness/eh33,/water-hardness/eh33,EH33,Scottish Water,25,1.8,2
Outcode Regional Hub,https://waterhardness.uk/water-hardness/eh34,/water-hardness/eh34,EH34,Scottish Water,25,1.8,1
Outcode Regional Hub,https://waterhardness.uk/water-hardness/eh35,/water-hardness/eh35,EH35,Scottish Water,25,1.8,1
Outcode Regional Hub,https://waterhardness.uk/water-hardness/eh36,/water-hardness/eh36,EH36,Scottish Water,25,1.8,1
Outcode Regional Hub,https://waterhardness.uk/water-hardness/eh37,/water-hardness/eh37,EH37,Scottish Water,25,1.8,1
Outcode Regional Hub,https://waterhardness.uk/water-hardness/eh38,/water-hardness/eh38,EH38,Scottish Water,25,1.8,1
Outcode Regional Hub,https://waterhardness.uk/water-hardness/eh39,/water-hardness/eh39,EH39,Scottish Water,25,1.8,3
Outcode Regional Hub,https://waterhardness.uk/water-hardness/eh4,/water-hardness/eh4,EH4,Scottish Water,25,1.8,9
Outcode Regional Hub,https://waterhardness.uk/water-hardness/eh40,/water-hardness/eh40,EH40,Scottish Water,25,1.8,1
Outcode Regional Hub,https://waterhardness.uk/water-hardness/eh41,/water-hardness/eh41,EH41,Scottish Water,25,1.8,3
Outcode Regional Hub,https://waterhardness.uk/water-hardness/eh42,/water-hardness/eh42,EH42,Scottish Water,25,1.8,2
Outcode Regional Hub,https://waterhardness.uk/water-hardness/eh43,/water-hardness/eh43,EH43,Scottish Water,25,1.8,1
Outcode Regional Hub,https://waterhardness.uk/water-hardness/eh44,/water-hardness/eh44,EH44,Scottish Water,25,1.8,1
Outcode Regional Hub,https://waterhardness.uk/water-hardness/eh45,/water-hardness/eh45,EH45,Scottish Water,25,1.8,3
Outcode Regional Hub,https://waterhardness.uk/water-hardness/eh46,/water-hardness/eh46,EH46,Scottish Water,25,1.8,1
Outcode Regional Hub,https://waterhardness.uk/water-hardness/eh47,/water-hardness/eh47,EH47,Scottish Water,25,1.8,4
Outcode Regional Hub,https://waterhardness.uk/water-hardness/eh48,/water-hardness/eh48,EH48,Scottish Water,25,1.8,5
Outcode Regional Hub,https://waterhardness.uk/water-hardness/eh49,/water-hardness/eh49,EH49,Scottish Water,25,1.8,3
Outcode Regional Hub,https://waterhardness.uk/water-hardness/eh5,/water-hardness/eh5,EH5,Scottish Water,25,1.8,3
Outcode Regional Hub,https://waterhardness.uk/water-hardness/eh51,/water-hardness/eh51,EH51,Scottish Water,25,1.8,2
Outcode Regional Hub,https://waterhardness.uk/water-hardness/eh52,/water-hardness/eh52,EH52,Scottish Water,25,1.8,4
Outcode Regional Hub,https://waterhardness.uk/water-hardness/eh53,/water-hardness/eh53,EH53,Scottish Water,25,1.8,1
Outcode Regional Hub,https://waterhardness.uk/water-hardness/eh54,/water-hardness/eh54,EH54,Scottish Water,25,1.8,6
Outcode Regional Hub,https://waterhardness.uk/water-hardness/eh55,/water-hardness/eh55,EH55,Scottish Water,25,1.8,1
Outcode Regional Hub,https://waterhardness.uk/water-hardness/eh6,/water-hardness/eh6,EH6,Scottish Water,25,1.8,6
Outcode Regional Hub,https://waterhardness.uk/water-hardness/eh7,/water-hardness/eh7,EH7,Scottish Water,25,1.8,4
Outcode Regional Hub,https://waterhardness.uk/water-hardness/eh8,/water-hardness/eh8,EH8,Scottish Water,25,1.8,3
Outcode Regional Hub,https://waterhardness.uk/water-hardness/eh9,/water-hardness/eh9,EH9,Scottish Water,25,1.8,4
Outcode Regional Hub,https://waterhardness.uk/water-hardness/eh91,/water-hardness/eh91,EH91,Scottish Water,25,1.8,1
Outcode Regional Hub,https://waterhardness.uk/water-hardness/eh95,/water-hardness/eh95,EH95,Scottish Water,25,1.8,1
Outcode Regional Hub,https://waterhardness.uk/water-hardness/eh99,/water-hardness/eh99,EH99,Scottish Water,25,1.8,1
Outcode Regional Hub,https://waterhardness.uk/water-hardness/en1,/water-hardness/en1,EN1,Thames Water,275,19.3,5
Outcode Regional Hub,https://waterhardness.uk/water-hardness/en10,/water-hardness/en10,EN10,Thames Water,275,19.3,2
Outcode Regional Hub,https://waterhardness.uk/water-hardness/en11,/water-hardness/en11,EN11,Thames Water,275,19.3,4
Outcode Regional Hub,https://waterhardness.uk/water-hardness/en2,/water-hardness/en2,EN2,Thames Water,275,19.3,5
Outcode Regional Hub,https://waterhardness.uk/water-hardness/en3,/water-hardness/en3,EN3,Thames Water,275,19.3,4
Outcode Regional Hub,https://waterhardness.uk/water-hardness/en4,/water-hardness/en4,EN4,Affinity Water,290,20.3,3
Outcode Regional Hub,https://waterhardness.uk/water-hardness/en5,/water-hardness/en5,EN5,Affinity Water,290,20.3,6
Outcode Regional Hub,https://waterhardness.uk/water-hardness/en6,/water-hardness/en6,EN6,Affinity Water,290,20.3,6
Outcode Regional Hub,https://waterhardness.uk/water-hardness/en7,/water-hardness/en7,EN7,Thames Water,275,19.3,2
Outcode Regional Hub,https://waterhardness.uk/water-hardness/en77,/water-hardness/en77,EN77,Northumbrian Water,130,9.1,1
Outcode Regional Hub,https://waterhardness.uk/water-hardness/en8,/water-hardness/en8,EN8,Thames Water,275,19.3,5
Outcode Regional Hub,https://waterhardness.uk/water-hardness/en9,/water-hardness/en9,EN9,Affinity Water,290,20.3,1
Outcode Regional Hub,https://waterhardness.uk/water-hardness/en9,/water-hardness/en9,EN9,Thames Water,275,19.3,2
Outcode Regional Hub,https://waterhardness.uk/water-hardness/ex1,/water-hardness/ex1,EX1,South West Water,40,2.8,5
Outcode Regional Hub,https://waterhardness.uk/water-hardness/ex10,/water-hardness/ex10,EX10,South West Water,40,2.8,4
Outcode Regional Hub,https://waterhardness.uk/water-hardness/ex11,/water-hardness/ex11,EX11,South West Water,40,2.8,1
Outcode Regional Hub,https://waterhardness.uk/water-hardness/ex12,/water-hardness/ex12,EX12,South West Water,40,2.8,4
Outcode Regional Hub,https://waterhardness.uk/water-hardness/ex13,/water-hardness/ex13,EX13,South West Water,40,2.8,4
Outcode Regional Hub,https://waterhardness.uk/water-hardness/ex14,/water-hardness/ex14,EX14,South West Water,40,2.8,6
Outcode Regional Hub,https://waterhardness.uk/water-hardness/ex15,/water-hardness/ex15,EX15,South West Water,40,2.8,4
Outcode Regional Hub,https://waterhardness.uk/water-hardness/ex16,/water-hardness/ex16,EX16,South West Water,40,2.8,7
Outcode Regional Hub,https://waterhardness.uk/water-hardness/ex17,/water-hardness/ex17,EX17,South West Water,40,2.8,7
Outcode Regional Hub,https://waterhardness.uk/water-hardness/ex18,/water-hardness/ex18,EX18,South West Water,40,2.8,1
Outcode Regional Hub,https://waterhardness.uk/water-hardness/ex19,/water-hardness/ex19,EX19,South West Water,40,2.8,1
Outcode Regional Hub,https://waterhardness.uk/water-hardness/ex2,/water-hardness/ex2,EX2,South West Water,40,2.8,7
Outcode Regional Hub,https://waterhardness.uk/water-hardness/ex20,/water-hardness/ex20,EX20,South West Water,40,2.8,5
Outcode Regional Hub,https://waterhardness.uk/water-hardness/ex21,/water-hardness/ex21,EX21,South West Water,40,2.8,1
Outcode Regional Hub,https://waterhardness.uk/water-hardness/ex22,/water-hardness/ex22,EX22,South West Water,40,2.8,3
Outcode Regional Hub,https://waterhardness.uk/water-hardness/ex23,/water-hardness/ex23,EX23,South West Water,40,2.8,4
Outcode Regional Hub,https://waterhardness.uk/water-hardness/ex24,/water-hardness/ex24,EX24,South West Water,40,2.8,1
Outcode Regional Hub,https://waterhardness.uk/water-hardness/ex3,/water-hardness/ex3,EX3,South West Water,40,2.8,2
Outcode Regional Hub,https://waterhardness.uk/water-hardness/ex31,/water-hardness/ex31,EX31,South West Water,40,2.8,4
Outcode Regional Hub,https://waterhardness.uk/water-hardness/ex32,/water-hardness/ex32,EX32,South West Water,40,2.8,5
Outcode Regional Hub,https://waterhardness.uk/water-hardness/ex33,/water-hardness/ex33,EX33,South West Water,40,2.8,2
Outcode Regional Hub,https://waterhardness.uk/water-hardness/ex34,/water-hardness/ex34,EX34,South West Water,40,2.8,5
Outcode Regional Hub,https://waterhardness.uk/water-hardness/ex35,/water-hardness/ex35,EX35,South West Water,40,2.8,1
Outcode Regional Hub,https://waterhardness.uk/water-hardness/ex36,/water-hardness/ex36,EX36,South West Water,40,2.8,3
Outcode Regional Hub,https://waterhardness.uk/water-hardness/ex37,/water-hardness/ex37,EX37,South West Water,40,2.8,1
Outcode Regional Hub,https://waterhardness.uk/water-hardness/ex38,/water-hardness/ex38,EX38,South West Water,40,2.8,3
Outcode Regional Hub,https://waterhardness.uk/water-hardness/ex39,/water-hardness/ex39,EX39,South West Water,40,2.8,7
Outcode Regional Hub,https://waterhardness.uk/water-hardness/ex4,/water-hardness/ex4,EX4,South West Water,40,2.8,10
Outcode Regional Hub,https://waterhardness.uk/water-hardness/ex5,/water-hardness/ex5,EX5,South West Water,40,2.8,6
Outcode Regional Hub,https://waterhardness.uk/water-hardness/ex6,/water-hardness/ex6,EX6,South West Water,40,2.8,4
Outcode Regional Hub,https://waterhardness.uk/water-hardness/ex7,/water-hardness/ex7,EX7,South West Water,40,2.8,3
Outcode Regional Hub,https://waterhardness.uk/water-hardness/ex8,/water-hardness/ex8,EX8,South West Water,40,2.8,6
Outcode Regional Hub,https://waterhardness.uk/water-hardness/ex9,/water-hardness/ex9,EX9,South West Water,40,2.8,3
Outcode Regional Hub,https://waterhardness.uk/water-hardness/fk1,/water-hardness/fk1,FK1,Scottish Water,25,1.8,6
Outcode Regional Hub,https://waterhardness.uk/water-hardness/fk10,/water-hardness/fk10,FK10,Scottish Water,25,1.8,5
Outcode Regional Hub,https://waterhardness.uk/water-hardness/fk11,/water-hardness/fk11,FK11,Scottish Water,25,1.8,1
Outcode Regional Hub,https://waterhardness.uk/water-hardness/fk12,/water-hardness/fk12,FK12,Scottish Water,25,1.8,1
Outcode Regional Hub,https://waterhardness.uk/water-hardness/fk13,/water-hardness/fk13,FK13,Scottish Water,25,1.8,1
Outcode Regional Hub,https://waterhardness.uk/water-hardness/fk14,/water-hardness/fk14,FK14,Scottish Water,25,1.8,1
Outcode Regional Hub,https://waterhardness.uk/water-hardness/fk15,/water-hardness/fk15,FK15,Scottish Water,25,1.8,3
Outcode Regional Hub,https://waterhardness.uk/water-hardness/fk16,/water-hardness/fk16,FK16,Scottish Water,25,1.8,1
Outcode Regional Hub,https://waterhardness.uk/water-hardness/fk17,/water-hardness/fk17,FK17,Scottish Water,25,1.8,1
Outcode Regional Hub,https://waterhardness.uk/water-hardness/fk18,/water-hardness/fk18,FK18,Scottish Water,25,1.8,1
Outcode Regional Hub,https://waterhardness.uk/water-hardness/fk19,/water-hardness/fk19,FK19,Scottish Water,25,1.8,1
Outcode Regional Hub,https://waterhardness.uk/water-hardness/fk2,/water-hardness/fk2,FK2,Scottish Water,25,1.8,4
Outcode Regional Hub,https://waterhardness.uk/water-hardness/fk20,/water-hardness/fk20,FK20,Scottish Water,25,1.8,1
Outcode Regional Hub,https://waterhardness.uk/water-hardness/fk21,/water-hardness/fk21,FK21,Scottish Water,25,1.8,1
Outcode Regional Hub,https://waterhardness.uk/water-hardness/fk3,/water-hardness/fk3,FK3,Scottish Water,25,1.8,4
Outcode Regional Hub,https://waterhardness.uk/water-hardness/fk4,/water-hardness/fk4,FK4,Scottish Water,25,1.8,2
Outcode Regional Hub,https://waterhardness.uk/water-hardness/fk5,/water-hardness/fk5,FK5,Scottish Water,25,1.8,2
Outcode Regional Hub,https://waterhardness.uk/water-hardness/fk6,/water-hardness/fk6,FK6,Scottish Water,25,1.8,3
Outcode Regional Hub,https://waterhardness.uk/water-hardness/fk7,/water-hardness/fk7,FK7,Scottish Water,25,1.8,5
Outcode Regional Hub,https://waterhardness.uk/water-hardness/fk8,/water-hardness/fk8,FK8,Scottish Water,25,1.8,3
Outcode Regional Hub,https://waterhardness.uk/water-hardness/fk9,/water-hardness/fk9,FK9,Scottish Water,25,1.8,2
Outcode Regional Hub,https://waterhardness.uk/water-hardness/fy1,/water-hardness/fy1,FY1,United Utilities,45,3.2,7
Outcode Regional Hub,https://waterhardness.uk/water-hardness/fy2,/water-hardness/fy2,FY2,United Utilities,45,3.2,2
Outcode Regional Hub,https://waterhardness.uk/water-hardness/fy3,/water-hardness/fy3,FY3,United Utilities,45,3.2,4
Outcode Regional Hub,https://waterhardness.uk/water-hardness/fy4,/water-hardness/fy4,FY4,United Utilities,45,3.2,6
Outcode Regional Hub,https://waterhardness.uk/water-hardness/fy5,/water-hardness/fy5,FY5,United Utilities,45,3.2,6
Outcode Regional Hub,https://waterhardness.uk/water-hardness/fy6,/water-hardness/fy6,FY6,United Utilities,45,3.2,5
Outcode Regional Hub,https://waterhardness.uk/water-hardness/fy7,/water-hardness/fy7,FY7,United Utilities,45,3.2,4
Outcode Regional Hub,https://waterhardness.uk/water-hardness/fy8,/water-hardness/fy8,FY8,United Utilities,45,3.2,6
Outcode Regional Hub,https://waterhardness.uk/water-hardness/g1,/water-hardness/g1,G1,Scottish Water,25,1.8,6
Outcode Regional Hub,https://waterhardness.uk/water-hardness/g11,/water-hardness/g11,G11,Scottish Water,25,1.8,4
Outcode Regional Hub,https://waterhardness.uk/water-hardness/g12,/water-hardness/g12,G12,Scottish Water,25,1.8,3
Outcode Regional Hub,https://waterhardness.uk/water-hardness/g13,/water-hardness/g13,G13,Scottish Water,25,1.8,5
Outcode Regional Hub,https://waterhardness.uk/water-hardness/g14,/water-hardness/g14,G14,Scottish Water,25,1.8,2
Outcode Regional Hub,https://waterhardness.uk/water-hardness/g15,/water-hardness/g15,G15,Scottish Water,25,1.8,4
Outcode Regional Hub,https://waterhardness.uk/water-hardness/g2,/water-hardness/g2,G2,Scottish Water,25,1.8,9
Outcode Regional Hub,https://waterhardness.uk/water-hardness/g20,/water-hardness/g20,G20,Scottish Water,25,1.8,6
Outcode Regional Hub,https://waterhardness.uk/water-hardness/g21,/water-hardness/g21,G21,Scottish Water,25,1.8,4
Outcode Regional Hub,https://waterhardness.uk/water-hardness/g22,/water-hardness/g22,G22,Scottish Water,25,1.8,4
Outcode Regional Hub,https://waterhardness.uk/water-hardness/g23,/water-hardness/g23,G23,Scottish Water,25,1.8,1
Outcode Regional Hub,https://waterhardness.uk/water-hardness/g3,/water-hardness/g3,G3,Scottish Water,25,1.8,4
Outcode Regional Hub,https://waterhardness.uk/water-hardness/g31,/water-hardness/g31,G31,Scottish Water,25,1.8,6
Outcode Regional Hub,https://waterhardness.uk/water-hardness/g32,/water-hardness/g32,G32,Scottish Water,25,1.8,6
Outcode Regional Hub,https://waterhardness.uk/water-hardness/g33,/water-hardness/g33,G33,Scottish Water,25,1.8,7
Outcode Regional Hub,https://waterhardness.uk/water-hardness/g34,/water-hardness/g34,G34,Scottish Water,25,1.8,2
Outcode Regional Hub,https://waterhardness.uk/water-hardness/g4,/water-hardness/g4,G4,Scottish Water,25,1.8,3
Outcode Regional Hub,https://waterhardness.uk/water-hardness/g40,/water-hardness/g40,G40,Scottish Water,25,1.8,5
Outcode Regional Hub,https://waterhardness.uk/water-hardness/g41,/water-hardness/g41,G41,Scottish Water,25,1.8,5
Outcode Regional Hub,https://waterhardness.uk/water-hardness/g42,/water-hardness/g42,G42,Scottish Water,25,1.8,5
Outcode Regional Hub,https://waterhardness.uk/water-hardness/g43,/water-hardness/g43,G43,Scottish Water,25,1.8,2
Outcode Regional Hub,https://waterhardness.uk/water-hardness/g44,/water-hardness/g44,G44,Scottish Water,25,1.8,4
Outcode Regional Hub,https://waterhardness.uk/water-hardness/g45,/water-hardness/g45,G45,Scottish Water,25,1.8,3
Outcode Regional Hub,https://waterhardness.uk/water-hardness/g46,/water-hardness/g46,G46,Scottish Water,25,1.8,4
Outcode Regional Hub,https://waterhardness.uk/water-hardness/g5,/water-hardness/g5,G5,Scottish Water,25,1.8,3
Outcode Regional Hub,https://waterhardness.uk/water-hardness/g51,/water-hardness/g51,G51,Scottish Water,25,1.8,5
Outcode Regional Hub,https://waterhardness.uk/water-hardness/g52,/water-hardness/g52,G52,Scottish Water,25,1.8,5
Outcode Regional Hub,https://waterhardness.uk/water-hardness/g53,/water-hardness/g53,G53,Scottish Water,25,1.8,4
Outcode Regional Hub,https://waterhardness.uk/water-hardness/g58,/water-hardness/g58,G58,Scottish Water,25,1.8,2
Outcode Regional Hub,https://waterhardness.uk/water-hardness/g60,/water-hardness/g60,G60,Scottish Water,25,1.8,2
Outcode Regional Hub,https://waterhardness.uk/water-hardness/g61,/water-hardness/g61,G61,Scottish Water,25,1.8,5
Outcode Regional Hub,https://waterhardness.uk/water-hardness/g62,/water-hardness/g62,G62,Scottish Water,25,1.8,4
Outcode Regional Hub,https://waterhardness.uk/water-hardness/g63,/water-hardness/g63,G63,Scottish Water,25,1.8,2
Outcode Regional Hub,https://waterhardness.uk/water-hardness/g64,/water-hardness/g64,G64,Scottish Water,25,1.8,5
Outcode Regional Hub,https://waterhardness.uk/water-hardness/g65,/water-hardness/g65,G65,Scottish Water,25,1.8,2
Outcode Regional Hub,https://waterhardness.uk/water-hardness/g66,/water-hardness/g66,G66,Scottish Water,25,1.8,8
Outcode Regional Hub,https://waterhardness.uk/water-hardness/g67,/water-hardness/g67,G67,Scottish Water,25,1.8,5
Outcode Regional Hub,https://waterhardness.uk/water-hardness/g68,/water-hardness/g68,G68,Scottish Water,25,1.8,2
Outcode Regional Hub,https://waterhardness.uk/water-hardness/g69,/water-hardness/g69,G69,Scottish Water,25,1.8,6
Outcode Regional Hub,https://waterhardness.uk/water-hardness/g70,/water-hardness/g70,G70,Scottish Water,25,1.8,2
Outcode Regional Hub,https://waterhardness.uk/water-hardness/g71,/water-hardness/g71,G71,Scottish Water,25,1.8,5
Outcode Regional Hub,https://waterhardness.uk/water-hardness/g72,/water-hardness/g72,G72,Scottish Water,25,1.8,5
Outcode Regional Hub,https://waterhardness.uk/water-hardness/g73,/water-hardness/g73,G73,Scottish Water,25,1.8,6
Outcode Regional Hub,https://waterhardness.uk/water-hardness/g74,/water-hardness/g74,G74,Scottish Water,25,1.8,6
Outcode Regional Hub,https://waterhardness.uk/water-hardness/g75,/water-hardness/g75,G75,Scottish Water,25,1.8,4
Outcode Regional Hub,https://waterhardness.uk/water-hardness/g76,/water-hardness/g76,G76,Scottish Water,25,1.8,5
Outcode Regional Hub,https://waterhardness.uk/water-hardness/g77,/water-hardness/g77,G77,Scottish Water,25,1.8,3
Outcode Regional Hub,https://waterhardness.uk/water-hardness/g78,/water-hardness/g78,G78,Scottish Water,25,1.8,5
Outcode Regional Hub,https://waterhardness.uk/water-hardness/g79,/water-hardness/g79,G79,Scottish Water,25,1.8,1
Outcode Regional Hub,https://waterhardness.uk/water-hardness/g81,/water-hardness/g81,G81,Scottish Water,25,1.8,6
Outcode Regional Hub,https://waterhardness.uk/water-hardness/g82,/water-hardness/g82,G82,Scottish Water,25,1.8,6
Outcode Regional Hub,https://waterhardness.uk/water-hardness/g83,/water-hardness/g83,G83,Scottish Water,25,1.8,5
Outcode Regional Hub,https://waterhardness.uk/water-hardness/g84,/water-hardness/g84,G84,Scottish Water,25,1.8,5
Outcode Regional Hub,https://waterhardness.uk/water-hardness/g90,/water-hardness/g90,G90,Scottish Water,25,1.8,1
Outcode Regional Hub,https://waterhardness.uk/water-hardness/gir,/water-hardness/gir,GIR,Scottish Water,25,1.8,1
Outcode Regional Hub,https://waterhardness.uk/water-hardness/gl1,/water-hardness/gl1,GL1,Scottish Water,25,1.8,6
Outcode Regional Hub,https://waterhardness.uk/water-hardness/gl10,/water-hardness/gl10,GL10,Scottish Water,25,1.8,2
Outcode Regional Hub,https://waterhardness.uk/water-hardness/gl11,/water-hardness/gl11,GL11,Scottish Water,25,1.8,4
Outcode Regional Hub,https://waterhardness.uk/water-hardness/gl12,/water-hardness/gl12,GL12,Scottish Water,25,1.8,2
Outcode Regional Hub,https://waterhardness.uk/water-hardness/gl13,/water-hardness/gl13,GL13,Scottish Water,25,1.8,1
Outcode Regional Hub,https://waterhardness.uk/water-hardness/gl14,/water-hardness/gl14,GL14,Scottish Water,25,1.8,4
Outcode Regional Hub,https://waterhardness.uk/water-hardness/gl15,/water-hardness/gl15,GL15,Scottish Water,25,1.8,4
Outcode Regional Hub,https://waterhardness.uk/water-hardness/gl16,/water-hardness/gl16,GL16,Scottish Water,25,1.8,3
Outcode Regional Hub,https://waterhardness.uk/water-hardness/gl17,/water-hardness/gl17,GL17,Scottish Water,25,1.8,3
Outcode Regional Hub,https://waterhardness.uk/water-hardness/gl18,/water-hardness/gl18,GL18,Scottish Water,25,1.8,2
Outcode Regional Hub,https://waterhardness.uk/water-hardness/gl19,/water-hardness/gl19,GL19,Scottish Water,25,1.8,2
Outcode Regional Hub,https://waterhardness.uk/water-hardness/gl2,/water-hardness/gl2,GL2,Scottish Water,25,1.8,8
Outcode Regional Hub,https://waterhardness.uk/water-hardness/gl20,/water-hardness/gl20,GL20,Scottish Water,25,1.8,5
Outcode Regional Hub,https://waterhardness.uk/water-hardness/gl3,/water-hardness/gl3,GL3,Scottish Water,25,1.8,6
Outcode Regional Hub,https://waterhardness.uk/water-hardness/gl4,/water-hardness/gl4,GL4,Scottish Water,25,1.8,6
Outcode Regional Hub,https://waterhardness.uk/water-hardness/gl5,/water-hardness/gl5,GL5,Scottish Water,25,1.8,5
Outcode Regional Hub,https://waterhardness.uk/water-hardness/gl50,/water-hardness/gl50,GL50,Scottish Water,25,1.8,5
Outcode Regional Hub,https://waterhardness.uk/water-hardness/gl51,/water-hardness/gl51,GL51,Scottish Water,25,1.8,7
Outcode Regional Hub,https://waterhardness.uk/water-hardness/gl52,/water-hardness/gl52,GL52,Scottish Water,25,1.8,7
Outcode Regional Hub,https://waterhardness.uk/water-hardness/gl53,/water-hardness/gl53,GL53,Scottish Water,25,1.8,4
Outcode Regional Hub,https://waterhardness.uk/water-hardness/gl54,/water-hardness/gl54,GL54,Scottish Water,25,1.8,5
Outcode Regional Hub,https://waterhardness.uk/water-hardness/gl55,/water-hardness/gl55,GL55,Scottish Water,25,1.8,2
Outcode Regional Hub,https://waterhardness.uk/water-hardness/gl56,/water-hardness/gl56,GL56,Scottish Water,25,1.8,2
Outcode Regional Hub,https://waterhardness.uk/water-hardness/gl6,/water-hardness/gl6,GL6,Scottish Water,25,1.8,6
Outcode Regional Hub,https://waterhardness.uk/water-hardness/gl7,/water-hardness/gl7,GL7,Scottish Water,25,1.8,9
Outcode Regional Hub,https://waterhardness.uk/water-hardness/gl8,/water-hardness/gl8,GL8,Scottish Water,25,1.8,2
Outcode Regional Hub,https://waterhardness.uk/water-hardness/gl9,/water-hardness/gl9,GL9,Scottish Water,25,1.8,1
Outcode Regional Hub,https://waterhardness.uk/water-hardness/gu1,/water-hardness/gu1,GU1,Scottish Water,25,1.8,5
Outcode Regional Hub,https://waterhardness.uk/water-hardness/gu10,/water-hardness/gu10,GU10,Scottish Water,25,1.8,5
Outcode Regional Hub,https://waterhardness.uk/water-hardness/gu11,/water-hardness/gu11,GU11,Scottish Water,25,1.8,5
Outcode Regional Hub,https://waterhardness.uk/water-hardness/gu12,/water-hardness/gu12,GU12,Scottish Water,25,1.8,3
Outcode Regional Hub,https://waterhardness.uk/water-hardness/gu14,/water-hardness/gu14,GU14,Scottish Water,25,1.8,6
Outcode Regional Hub,https://waterhardness.uk/water-hardness/gu15,/water-hardness/gu15,GU15,Scottish Water,25,1.8,5
Outcode Regional Hub,https://waterhardness.uk/water-hardness/gu16,/water-hardness/gu16,GU16,Scottish Water,25,1.8,4
Outcode Regional Hub,https://waterhardness.uk/water-hardness/gu17,/water-hardness/gu17,GU17,Scottish Water,25,1.8,2
Outcode Regional Hub,https://waterhardness.uk/water-hardness/gu18,/water-hardness/gu18,GU18,Scottish Water,25,1.8,1
Outcode Regional Hub,https://waterhardness.uk/water-hardness/gu19,/water-hardness/gu19,GU19,Scottish Water,25,1.8,1
Outcode Regional Hub,https://waterhardness.uk/water-hardness/gu2,/water-hardness/gu2,GU2,Scottish Water,25,1.8,4
Outcode Regional Hub,https://waterhardness.uk/water-hardness/gu20,/water-hardness/gu20,GU20,Scottish Water,25,1.8,2
Outcode Regional Hub,https://waterhardness.uk/water-hardness/gu21,/water-hardness/gu21,GU21,Scottish Water,25,1.8,8
Outcode Regional Hub,https://waterhardness.uk/water-hardness/gu22,/water-hardness/gu22,GU22,Scottish Water,25,1.8,5
Outcode Regional Hub,https://waterhardness.uk/water-hardness/gu23,/water-hardness/gu23,GU23,Scottish Water,25,1.8,2
Outcode Regional Hub,https://waterhardness.uk/water-hardness/gu24,/water-hardness/gu24,GU24,Scottish Water,25,1.8,3
Outcode Regional Hub,https://waterhardness.uk/water-hardness/gu25,/water-hardness/gu25,GU25,Scottish Water,25,1.8,2
Outcode Regional Hub,https://waterhardness.uk/water-hardness/gu26,/water-hardness/gu26,GU26,Scottish Water,25,1.8,1
Outcode Regional Hub,https://waterhardness.uk/water-hardness/gu27,/water-hardness/gu27,GU27,Scottish Water,25,1.8,4
Outcode Regional Hub,https://waterhardness.uk/water-hardness/gu28,/water-hardness/gu28,GU28,Scottish Water,25,1.8,3
Outcode Regional Hub,https://waterhardness.uk/water-hardness/gu29,/water-hardness/gu29,GU29,Scottish Water,25,1.8,3
Outcode Regional Hub,https://waterhardness.uk/water-hardness/gu3,/water-hardness/gu3,GU3,Scottish Water,25,1.8,3
Outcode Regional Hub,https://waterhardness.uk/water-hardness/gu30,/water-hardness/gu30,GU30,Scottish Water,25,1.8,2
Outcode Regional Hub,https://waterhardness.uk/water-hardness/gu31,/water-hardness/gu31,GU31,Scottish Water,25,1.8,2
Outcode Regional Hub,https://waterhardness.uk/water-hardness/gu32,/water-hardness/gu32,GU32,Scottish Water,25,1.8,4
Outcode Regional Hub,https://waterhardness.uk/water-hardness/gu33,/water-hardness/gu33,GU33,Scottish Water,25,1.8,2
Outcode Regional Hub,https://waterhardness.uk/water-hardness/gu34,/water-hardness/gu34,GU34,Scottish Water,25,1.8,6
Outcode Regional Hub,https://waterhardness.uk/water-hardness/gu35,/water-hardness/gu35,GU35,Scottish Water,25,1.8,4
Outcode Regional Hub,https://waterhardness.uk/water-hardness/gu4,/water-hardness/gu4,GU4,Scottish Water,25,1.8,2
Outcode Regional Hub,https://waterhardness.uk/water-hardness/gu46,/water-hardness/gu46,GU46,Scottish Water,25,1.8,2
Outcode Regional Hub,https://waterhardness.uk/water-hardness/gu47,/water-hardness/gu47,GU47,Scottish Water,25,1.8,4
Outcode Regional Hub,https://waterhardness.uk/water-hardness/gu5,/water-hardness/gu5,GU5,Scottish Water,25,1.8,2
Outcode Regional Hub,https://waterhardness.uk/water-hardness/gu51,/water-hardness/gu51,GU51,Scottish Water,25,1.8,6
Outcode Regional Hub,https://waterhardness.uk/water-hardness/gu52,/water-hardness/gu52,GU52,Scottish Water,25,1.8,5
Outcode Regional Hub,https://waterhardness.uk/water-hardness/gu6,/water-hardness/gu6,GU6,Scottish Water,25,1.8,3
Outcode Regional Hub,https://waterhardness.uk/water-hardness/gu7,/water-hardness/gu7,GU7,Scottish Water,25,1.8,4
Outcode Regional Hub,https://waterhardness.uk/water-hardness/gu8,/water-hardness/gu8,GU8,Scottish Water,25,1.8,3
Outcode Regional Hub,https://waterhardness.uk/water-hardness/gu9,/water-hardness/gu9,GU9,Scottish Water,25,1.8,5
Outcode Regional Hub,https://waterhardness.uk/water-hardness/gy1,/water-hardness/gy1,GY1,Guernsey Water,140,9.8,6
Outcode Regional Hub,https://waterhardness.uk/water-hardness/gy10,/water-hardness/gy10,GY10,Guernsey Water,140,9.8,1
Outcode Regional Hub,https://waterhardness.uk/water-hardness/gy2,/water-hardness/gy2,GY2,Guernsey Water,140,9.8,1
Outcode Regional Hub,https://waterhardness.uk/water-hardness/gy3,/water-hardness/gy3,GY3,Guernsey Water,140,9.8,1
Outcode Regional Hub,https://waterhardness.uk/water-hardness/gy4,/water-hardness/gy4,GY4,Guernsey Water,140,9.8,1
Outcode Regional Hub,https://waterhardness.uk/water-hardness/gy5,/water-hardness/gy5,GY5,Guernsey Water,140,9.8,1
Outcode Regional Hub,https://waterhardness.uk/water-hardness/gy6,/water-hardness/gy6,GY6,Guernsey Water,140,9.8,1
Outcode Regional Hub,https://waterhardness.uk/water-hardness/gy7,/water-hardness/gy7,GY7,Guernsey Water,140,9.8,1
Outcode Regional Hub,https://waterhardness.uk/water-hardness/gy8,/water-hardness/gy8,GY8,Guernsey Water,140,9.8,1
Outcode Regional Hub,https://waterhardness.uk/water-hardness/gy9,/water-hardness/gy9,GY9,Guernsey Water,140,9.8,1
Outcode Regional Hub,https://waterhardness.uk/water-hardness/ha0,/water-hardness/ha0,HA0,Affinity Water,290,20.3,5
Outcode Regional Hub,https://waterhardness.uk/water-hardness/ha1,/water-hardness/ha1,HA1,Affinity Water,290,20.3,5
Outcode Regional Hub,https://waterhardness.uk/water-hardness/ha2,/water-hardness/ha2,HA2,Affinity Water,290,20.3,6
Outcode Regional Hub,https://waterhardness.uk/water-hardness/ha3,/water-hardness/ha3,HA3,Affinity Water,290,20.3,7
Outcode Regional Hub,https://waterhardness.uk/water-hardness/ha4,/water-hardness/ha4,HA4,Affinity Water,290,20.3,6
Outcode Regional Hub,https://waterhardness.uk/water-hardness/ha5,/water-hardness/ha5,HA5,Affinity Water,290,20.3,6
Outcode Regional Hub,https://waterhardness.uk/water-hardness/ha6,/water-hardness/ha6,HA6,Affinity Water,290,20.3,4
Outcode Regional Hub,https://waterhardness.uk/water-hardness/ha7,/water-hardness/ha7,HA7,Affinity Water,290,20.3,5
Outcode Regional Hub,https://waterhardness.uk/water-hardness/ha8,/water-hardness/ha8,HA8,Affinity Water,290,20.3,7
Outcode Regional Hub,https://waterhardness.uk/water-hardness/ha9,/water-hardness/ha9,HA9,Affinity Water,290,20.3,6
Outcode Regional Hub,https://waterhardness.uk/water-hardness/hd1,/water-hardness/hd1,HD1,Yorkshire Water,110,7.7,7
Outcode Regional Hub,https://waterhardness.uk/water-hardness/hd2,/water-hardness/hd2,HD2,Yorkshire Water,110,7.7,2
Outcode Regional Hub,https://waterhardness.uk/water-hardness/hd3,/water-hardness/hd3,HD3,Yorkshire Water,110,7.7,3
Outcode Regional Hub,https://waterhardness.uk/water-hardness/hd4,/water-hardness/hd4,HD4,Yorkshire Water,110,7.7,3
Outcode Regional Hub,https://waterhardness.uk/water-hardness/hd5,/water-hardness/hd5,HD5,Yorkshire Water,110,7.7,3
Outcode Regional Hub,https://waterhardness.uk/water-hardness/hd6,/water-hardness/hd6,HD6,Yorkshire Water,110,7.7,5
Outcode Regional Hub,https://waterhardness.uk/water-hardness/hd7,/water-hardness/hd7,HD7,Yorkshire Water,110,7.7,4
Outcode Regional Hub,https://waterhardness.uk/water-hardness/hd8,/water-hardness/hd8,HD8,Yorkshire Water,110,7.7,4
Outcode Regional Hub,https://waterhardness.uk/water-hardness/hd9,/water-hardness/hd9,HD9,Yorkshire Water,110,7.7,8
Outcode Regional Hub,https://waterhardness.uk/water-hardness/hg1,/water-hardness/hg1,HG1,Yorkshire Water,110,7.7,6
Outcode Regional Hub,https://waterhardness.uk/water-hardness/hg2,/water-hardness/hg2,HG2,Yorkshire Water,110,7.7,4
Outcode Regional Hub,https://waterhardness.uk/water-hardness/hg3,/water-hardness/hg3,HG3,Yorkshire Water,110,7.7,5
Outcode Regional Hub,https://waterhardness.uk/water-hardness/hg4,/water-hardness/hg4,HG4,Yorkshire Water,110,7.7,6
Outcode Regional Hub,https://waterhardness.uk/water-hardness/hg5,/water-hardness/hg5,HG5,Yorkshire Water,110,7.7,4
Outcode Regional Hub,https://waterhardness.uk/water-hardness/hp1,/water-hardness/hp1,HP1,Affinity Water,290,20.3,4
Outcode Regional Hub,https://waterhardness.uk/water-hardness/hp10,/water-hardness/hp10,HP10,Thames Water,275,19.3,3
Outcode Regional Hub,https://waterhardness.uk/water-hardness/hp11,/water-hardness/hp11,HP11,Thames Water,275,19.3,3
Outcode Regional Hub,https://waterhardness.uk/water-hardness/hp12,/water-hardness/hp12,HP12,Thames Water,275,19.3,3
Outcode Regional Hub,https://waterhardness.uk/water-hardness/hp13,/water-hardness/hp13,HP13,Thames Water,275,19.3,3
Outcode Regional Hub,https://waterhardness.uk/water-hardness/hp14,/water-hardness/hp14,HP14,Thames Water,275,19.3,2
Outcode Regional Hub,https://waterhardness.uk/water-hardness/hp15,/water-hardness/hp15,HP15,Affinity Water,290,20.3,2
Outcode Regional Hub,https://waterhardness.uk/water-hardness/hp15,/water-hardness/hp15,HP15,Thames Water,275,19.3,1
Outcode Regional Hub,https://waterhardness.uk/water-hardness/hp16,/water-hardness/hp16,HP16,Affinity Water,290,20.3,3
Outcode Regional Hub,https://waterhardness.uk/water-hardness/hp17,/water-hardness/hp17,HP17,Thames Water,275,19.3,3
Outcode Regional Hub,https://waterhardness.uk/water-hardness/hp18,/water-hardness/hp18,HP18,Thames Water,275,19.3,3
Outcode Regional Hub,https://waterhardness.uk/water-hardness/hp19,/water-hardness/hp19,HP19,Thames Water,275,19.3,4
Outcode Regional Hub,https://waterhardness.uk/water-hardness/hp2,/water-hardness/hp2,HP2,Affinity Water,290,20.3,4
Outcode Regional Hub,https://waterhardness.uk/water-hardness/hp20,/water-hardness/hp20,HP20,Thames Water,275,19.3,3
Outcode Regional Hub,https://waterhardness.uk/water-hardness/hp21,/water-hardness/hp21,HP21,Thames Water,275,19.3,3
Outcode Regional Hub,https://waterhardness.uk/water-hardness/hp22,/water-hardness/hp22,HP22,Thames Water,275,19.3,7
Outcode Regional Hub,https://waterhardness.uk/water-hardness/hp23,/water-hardness/hp23,HP23,Thames Water,275,19.3,4
Outcode Regional Hub,https://waterhardness.uk/water-hardness/hp27,/water-hardness/hp27,HP27,Thames Water,275,19.3,3
Outcode Regional Hub,https://waterhardness.uk/water-hardness/hp3,/water-hardness/hp3,HP3,Affinity Water,290,20.3,3
Outcode Regional Hub,https://waterhardness.uk/water-hardness/hp4,/water-hardness/hp4,HP4,Affinity Water,290,20.3,4
Outcode Regional Hub,https://waterhardness.uk/water-hardness/hp5,/water-hardness/hp5,HP5,Affinity Water,290,20.3,4
Outcode Regional Hub,https://waterhardness.uk/water-hardness/hp6,/water-hardness/hp6,HP6,Affinity Water,290,20.3,3
Outcode Regional Hub,https://waterhardness.uk/water-hardness/hp7,/water-hardness/hp7,HP7,Affinity Water,290,20.3,2
Outcode Regional Hub,https://waterhardness.uk/water-hardness/hp8,/water-hardness/hp8,HP8,Affinity Water,290,20.3,1
Outcode Regional Hub,https://waterhardness.uk/water-hardness/hp9,/water-hardness/hp9,HP9,Affinity Water,290,20.3,3
Outcode Regional Hub,https://waterhardness.uk/water-hardness/hr1,/water-hardness/hr1,HR1,Severn Trent / Hafren Dyfrdwy,150,10.5,5
Outcode Regional Hub,https://waterhardness.uk/water-hardness/hr2,/water-hardness/hr2,HR2,Severn Trent / Hafren Dyfrdwy,150,10.5,5
Outcode Regional Hub,https://waterhardness.uk/water-hardness/hr3,/water-hardness/hr3,HR3,Severn Trent / Hafren Dyfrdwy,150,10.5,2
Outcode Regional Hub,https://waterhardness.uk/water-hardness/hr4,/water-hardness/hr4,HR4,Severn Trent / Hafren Dyfrdwy,150,10.5,4
Outcode Regional Hub,https://waterhardness.uk/water-hardness/hr5,/water-hardness/hr5,HR5,Severn Trent / Hafren Dyfrdwy,150,10.5,1
Outcode Regional Hub,https://waterhardness.uk/water-hardness/hr6,/water-hardness/hr6,HR6,Severn Trent / Hafren Dyfrdwy,150,10.5,4
Outcode Regional Hub,https://waterhardness.uk/water-hardness/hr7,/water-hardness/hr7,HR7,Severn Trent / Hafren Dyfrdwy,150,10.5,1
Outcode Regional Hub,https://waterhardness.uk/water-hardness/hr8,/water-hardness/hr8,HR8,Severn Trent / Hafren Dyfrdwy,150,10.5,3
Outcode Regional Hub,https://waterhardness.uk/water-hardness/hr9,/water-hardness/hr9,HR9,Severn Trent / Hafren Dyfrdwy,150,10.5,4
Outcode Regional Hub,https://waterhardness.uk/water-hardness/hs1,/water-hardness/hs1,HS1,Scottish Water,25,1.8,2
Outcode Regional Hub,https://waterhardness.uk/water-hardness/hs2,/water-hardness/hs2,HS2,Scottish Water,25,1.8,2
Outcode Regional Hub,https://waterhardness.uk/water-hardness/hs3,/water-hardness/hs3,HS3,Scottish Water,25,1.8,1
Outcode Regional Hub,https://waterhardness.uk/water-hardness/hs4,/water-hardness/hs4,HS4,Scottish Water,25,1.8,1
Outcode Regional Hub,https://waterhardness.uk/water-hardness/hs5,/water-hardness/hs5,HS5,Scottish Water,25,1.8,1
Outcode Regional Hub,https://waterhardness.uk/water-hardness/hs6,/water-hardness/hs6,HS6,Scottish Water,25,1.8,1
Outcode Regional Hub,https://waterhardness.uk/water-hardness/hs7,/water-hardness/hs7,HS7,Scottish Water,25,1.8,1
Outcode Regional Hub,https://waterhardness.uk/water-hardness/hs8,/water-hardness/hs8,HS8,Scottish Water,25,1.8,1
Outcode Regional Hub,https://waterhardness.uk/water-hardness/hs9,/water-hardness/hs9,HS9,Scottish Water,25,1.8,1
Outcode Regional Hub,https://waterhardness.uk/water-hardness/hu1,/water-hardness/hu1,HU1,Yorkshire Water,110,7.7,4
Outcode Regional Hub,https://waterhardness.uk/water-hardness/hu10,/water-hardness/hu10,HU10,Yorkshire Water,110,7.7,3
Outcode Regional Hub,https://waterhardness.uk/water-hardness/hu11,/water-hardness/hu11,HU11,Yorkshire Water,110,7.7,2
Outcode Regional Hub,https://waterhardness.uk/water-hardness/hu12,/water-hardness/hu12,HU12,Yorkshire Water,110,7.7,3
Outcode Regional Hub,https://waterhardness.uk/water-hardness/hu13,/water-hardness/hu13,HU13,Yorkshire Water,110,7.7,3
Outcode Regional Hub,https://waterhardness.uk/water-hardness/hu14,/water-hardness/hu14,HU14,Yorkshire Water,110,7.7,2
Outcode Regional Hub,https://waterhardness.uk/water-hardness/hu15,/water-hardness/hu15,HU15,Yorkshire Water,110,7.7,2
Outcode Regional Hub,https://waterhardness.uk/water-hardness/hu16,/water-hardness/hu16,HU16,Yorkshire Water,110,7.7,2
Outcode Regional Hub,https://waterhardness.uk/water-hardness/hu17,/water-hardness/hu17,HU17,Yorkshire Water,110,7.7,6
Outcode Regional Hub,https://waterhardness.uk/water-hardness/hu18,/water-hardness/hu18,HU18,Yorkshire Water,110,7.7,1
Outcode Regional Hub,https://waterhardness.uk/water-hardness/hu19,/water-hardness/hu19,HU19,Yorkshire Water,110,7.7,1
Outcode Regional Hub,https://waterhardness.uk/water-hardness/hu2,/water-hardness/hu2,HU2,Yorkshire Water,110,7.7,3
Outcode Regional Hub,https://waterhardness.uk/water-hardness/hu20,/water-hardness/hu20,HU20,Yorkshire Water,110,7.7,1
Outcode Regional Hub,https://waterhardness.uk/water-hardness/hu3,/water-hardness/hu3,HU3,Yorkshire Water,110,7.7,6
Outcode Regional Hub,https://waterhardness.uk/water-hardness/hu4,/water-hardness/hu4,HU4,Yorkshire Water,110,7.7,2
Outcode Regional Hub,https://waterhardness.uk/water-hardness/hu5,/water-hardness/hu5,HU5,Yorkshire Water,110,7.7,5
Outcode Regional Hub,https://waterhardness.uk/water-hardness/hu6,/water-hardness/hu6,HU6,Yorkshire Water,110,7.7,4
Outcode Regional Hub,https://waterhardness.uk/water-hardness/hu7,/water-hardness/hu7,HU7,Yorkshire Water,110,7.7,6
Outcode Regional Hub,https://waterhardness.uk/water-hardness/hu8,/water-hardness/hu8,HU8,Yorkshire Water,110,7.7,4
Outcode Regional Hub,https://waterhardness.uk/water-hardness/hu9,/water-hardness/hu9,HU9,Yorkshire Water,110,7.7,6
Outcode Regional Hub,https://waterhardness.uk/water-hardness/hx1,/water-hardness/hx1,HX1,Yorkshire Water,110,7.7,6
Outcode Regional Hub,https://waterhardness.uk/water-hardness/hx2,/water-hardness/hx2,HX2,Yorkshire Water,110,7.7,5
Outcode Regional Hub,https://waterhardness.uk/water-hardness/hx3,/water-hardness/hx3,HX3,Yorkshire Water,110,7.7,6
Outcode Regional Hub,https://waterhardness.uk/water-hardness/hx4,/water-hardness/hx4,HX4,Yorkshire Water,110,7.7,3
Outcode Regional Hub,https://waterhardness.uk/water-hardness/hx5,/water-hardness/hx5,HX5,Yorkshire Water,110,7.7,2
Outcode Regional Hub,https://waterhardness.uk/water-hardness/hx6,/water-hardness/hx6,HX6,Yorkshire Water,110,7.7,4
Outcode Regional Hub,https://waterhardness.uk/water-hardness/hx7,/water-hardness/hx7,HX7,Yorkshire Water,110,7.7,5
Outcode Regional Hub,https://waterhardness.uk/water-hardness/ig1,/water-hardness/ig1,IG1,Essex and Suffolk Water,320,22.4,5
Outcode Regional Hub,https://waterhardness.uk/water-hardness/ig1,/water-hardness/ig1,IG1,Thames Water,275,19.3,1
Outcode Regional Hub,https://waterhardness.uk/water-hardness/ig10,/water-hardness/ig10,IG10,Thames Water,275,19.3,5
Outcode Regional Hub,https://waterhardness.uk/water-hardness/ig11,/water-hardness/ig11,IG11,Essex and Suffolk Water,320,22.4,5
Outcode Regional Hub,https://waterhardness.uk/water-hardness/ig2,/water-hardness/ig2,IG2,Essex and Suffolk Water,320,22.4,2
Outcode Regional Hub,https://waterhardness.uk/water-hardness/ig3,/water-hardness/ig3,IG3,Essex and Suffolk Water,320,22.4,2
Outcode Regional Hub,https://waterhardness.uk/water-hardness/ig4,/water-hardness/ig4,IG4,Thames Water,275,19.3,1
Outcode Regional Hub,https://waterhardness.uk/water-hardness/ig5,/water-hardness/ig5,IG5,Thames Water,275,19.3,1
Outcode Regional Hub,https://waterhardness.uk/water-hardness/ig6,/water-hardness/ig6,IG6,Essex and Suffolk Water,320,22.4,2
Outcode Regional Hub,https://waterhardness.uk/water-hardness/ig6,/water-hardness/ig6,IG6,Thames Water,275,19.3,1
Outcode Regional Hub,https://waterhardness.uk/water-hardness/ig7,/water-hardness/ig7,IG7,Thames Water,275,19.3,3
Outcode Regional Hub,https://waterhardness.uk/water-hardness/ig8,/water-hardness/ig8,IG8,Thames Water,275,19.3,5
Outcode Regional Hub,https://waterhardness.uk/water-hardness/ig9,/water-hardness/ig9,IG9,Thames Water,275,19.3,2
Outcode Regional Hub,https://waterhardness.uk/water-hardness/im1,/water-hardness/im1,IM1,Manx Utilities,30,2.1,5
Outcode Regional Hub,https://waterhardness.uk/water-hardness/im2,/water-hardness/im2,IM2,Manx Utilities,30,2.1,7
Outcode Regional Hub,https://waterhardness.uk/water-hardness/im3,/water-hardness/im3,IM3,Manx Utilities,30,2.1,4
Outcode Regional Hub,https://waterhardness.uk/water-hardness/im4,/water-hardness/im4,IM4,Manx Utilities,30,2.1,7
Outcode Regional Hub,https://waterhardness.uk/water-hardness/im5,/water-hardness/im5,IM5,Manx Utilities,30,2.1,3
Outcode Regional Hub,https://waterhardness.uk/water-hardness/im6,/water-hardness/im6,IM6,Manx Utilities,30,2.1,2
Outcode Regional Hub,https://waterhardness.uk/water-hardness/im7,/water-hardness/im7,IM7,Manx Utilities,30,2.1,5
Outcode Regional Hub,https://waterhardness.uk/water-hardness/im8,/water-hardness/im8,IM8,Manx Utilities,30,2.1,3
Outcode Regional Hub,https://waterhardness.uk/water-hardness/im9,/water-hardness/im9,IM9,Manx Utilities,30,2.1,6
Outcode Regional Hub,https://waterhardness.uk/water-hardness/im99,/water-hardness/im99,IM99,Manx Utilities,30,2.1,8
Outcode Regional Hub,https://waterhardness.uk/water-hardness/ip1,/water-hardness/ip1,IP1,Anglian Water,310,21.7,7
Outcode Regional Hub,https://waterhardness.uk/water-hardness/ip10,/water-hardness/ip10,IP10,Anglian Water,310,21.7,1
Outcode Regional Hub,https://waterhardness.uk/water-hardness/ip11,/water-hardness/ip11,IP11,Anglian Water,310,21.7,8
Outcode Regional Hub,https://waterhardness.uk/water-hardness/ip12,/water-hardness/ip12,IP12,Anglian Water,310,21.7,5
Outcode Regional Hub,https://waterhardness.uk/water-hardness/ip13,/water-hardness/ip13,IP13,Anglian Water,310,21.7,2
Outcode Regional Hub,https://waterhardness.uk/water-hardness/ip13,/water-hardness/ip13,IP13,Essex and Suffolk Water,320,22.4,3
Outcode Regional Hub,https://waterhardness.uk/water-hardness/ip14,/water-hardness/ip14,IP14,Anglian Water,310,21.7,6
Outcode Regional Hub,https://waterhardness.uk/water-hardness/ip14,/water-hardness/ip14,IP14,Essex and Suffolk Water,320,22.4,1
Outcode Regional Hub,https://waterhardness.uk/water-hardness/ip15,/water-hardness/ip15,IP15,Essex and Suffolk Water,320,22.4,1
Outcode Regional Hub,https://waterhardness.uk/water-hardness/ip16,/water-hardness/ip16,IP16,Essex and Suffolk Water,320,22.4,1
Outcode Regional Hub,https://waterhardness.uk/water-hardness/ip17,/water-hardness/ip17,IP17,Essex and Suffolk Water,320,22.4,4
Outcode Regional Hub,https://waterhardness.uk/water-hardness/ip18,/water-hardness/ip18,IP18,Essex and Suffolk Water,320,22.4,1
Outcode Regional Hub,https://waterhardness.uk/water-hardness/ip19,/water-hardness/ip19,IP19,Essex and Suffolk Water,320,22.4,4
Outcode Regional Hub,https://waterhardness.uk/water-hardness/ip2,/water-hardness/ip2,IP2,Anglian Water,310,21.7,3
Outcode Regional Hub,https://waterhardness.uk/water-hardness/ip20,/water-hardness/ip20,IP20,Anglian Water,310,21.7,1
Outcode Regional Hub,https://waterhardness.uk/water-hardness/ip20,/water-hardness/ip20,IP20,Essex and Suffolk Water,320,22.4,1
Outcode Regional Hub,https://waterhardness.uk/water-hardness/ip21,/water-hardness/ip21,IP21,Anglian Water,310,21.7,1
Outcode Regional Hub,https://waterhardness.uk/water-hardness/ip21,/water-hardness/ip21,IP21,Essex and Suffolk Water,320,22.4,1
Outcode Regional Hub,https://waterhardness.uk/water-hardness/ip22,/water-hardness/ip22,IP22,Anglian Water,310,21.7,4
Outcode Regional Hub,https://waterhardness.uk/water-hardness/ip22,/water-hardness/ip22,IP22,Essex and Suffolk Water,320,22.4,1
Outcode Regional Hub,https://waterhardness.uk/water-hardness/ip23,/water-hardness/ip23,IP23,Anglian Water,310,21.7,1
Outcode Regional Hub,https://waterhardness.uk/water-hardness/ip23,/water-hardness/ip23,IP23,Essex and Suffolk Water,320,22.4,2
Outcode Regional Hub,https://waterhardness.uk/water-hardness/ip24,/water-hardness/ip24,IP24,Anglian Water,310,21.7,4
Outcode Regional Hub,https://waterhardness.uk/water-hardness/ip25,/water-hardness/ip25,IP25,Anglian Water,310,21.7,3
Outcode Regional Hub,https://waterhardness.uk/water-hardness/ip26,/water-hardness/ip26,IP26,Anglian Water,310,21.7,2
Outcode Regional Hub,https://waterhardness.uk/water-hardness/ip27,/water-hardness/ip27,IP27,Anglian Water,310,21.7,3
Outcode Regional Hub,https://waterhardness.uk/water-hardness/ip28,/water-hardness/ip28,IP28,Anglian Water,310,21.7,7
Outcode Regional Hub,https://waterhardness.uk/water-hardness/ip29,/water-hardness/ip29,IP29,Anglian Water,310,21.7,2
Outcode Regional Hub,https://waterhardness.uk/water-hardness/ip3,/water-hardness/ip3,IP3,Anglian Water,310,21.7,3
Outcode Regional Hub,https://waterhardness.uk/water-hardness/ip30,/water-hardness/ip30,IP30,Anglian Water,310,21.7,2
Outcode Regional Hub,https://waterhardness.uk/water-hardness/ip31,/water-hardness/ip31,IP31,Anglian Water,310,21.7,3
Outcode Regional Hub,https://waterhardness.uk/water-hardness/ip32,/water-hardness/ip32,IP32,Anglian Water,310,21.7,2
Outcode Regional Hub,https://waterhardness.uk/water-hardness/ip33,/water-hardness/ip33,IP33,Anglian Water,310,21.7,4
Outcode Regional Hub,https://waterhardness.uk/water-hardness/ip4,/water-hardness/ip4,IP4,Anglian Water,310,21.7,5
Outcode Regional Hub,https://waterhardness.uk/water-hardness/ip5,/water-hardness/ip5,IP5,Anglian Water,310,21.7,4
Outcode Regional Hub,https://waterhardness.uk/water-hardness/ip6,/water-hardness/ip6,IP6,Anglian Water,310,21.7,3
Outcode Regional Hub,https://waterhardness.uk/water-hardness/ip7,/water-hardness/ip7,IP7,Anglian Water,310,21.7,4
Outcode Regional Hub,https://waterhardness.uk/water-hardness/ip8,/water-hardness/ip8,IP8,Anglian Water,310,21.7,2
Outcode Regional Hub,https://waterhardness.uk/water-hardness/ip9,/water-hardness/ip9,IP9,Anglian Water,310,21.7,2
Outcode Regional Hub,https://waterhardness.uk/water-hardness/ip98,/water-hardness/ip98,IP98,Anglian Water,310,21.7,2
Outcode Regional Hub,https://waterhardness.uk/water-hardness/iv1,/water-hardness/iv1,IV1,Scottish Water,25,1.8,3
Outcode Regional Hub,https://waterhardness.uk/water-hardness/iv10,/water-hardness/iv10,IV10,Scottish Water,25,1.8,1
Outcode Regional Hub,https://waterhardness.uk/water-hardness/iv11,/water-hardness/iv11,IV11,Scottish Water,25,1.8,1
Outcode Regional Hub,https://waterhardness.uk/water-hardness/iv12,/water-hardness/iv12,IV12,Scottish Water,25,1.8,2
Outcode Regional Hub,https://waterhardness.uk/water-hardness/iv13,/water-hardness/iv13,IV13,Scottish Water,25,1.8,1
Outcode Regional Hub,https://waterhardness.uk/water-hardness/iv14,/water-hardness/iv14,IV14,Scottish Water,25,1.8,1
Outcode Regional Hub,https://waterhardness.uk/water-hardness/iv15,/water-hardness/iv15,IV15,Scottish Water,25,1.8,2
Outcode Regional Hub,https://waterhardness.uk/water-hardness/iv16,/water-hardness/iv16,IV16,Scottish Water,25,1.8,1
Outcode Regional Hub,https://waterhardness.uk/water-hardness/iv17,/water-hardness/iv17,IV17,Scottish Water,25,1.8,1
Outcode Regional Hub,https://waterhardness.uk/water-hardness/iv18,/water-hardness/iv18,IV18,Scottish Water,25,1.8,1
Outcode Regional Hub,https://waterhardness.uk/water-hardness/iv19,/water-hardness/iv19,IV19,Scottish Water,25,1.8,2
Outcode Regional Hub,https://waterhardness.uk/water-hardness/iv2,/water-hardness/iv2,IV2,Scottish Water,25,1.8,6
Outcode Regional Hub,https://waterhardness.uk/water-hardness/iv20,/water-hardness/iv20,IV20,Scottish Water,25,1.8,1
Outcode Regional Hub,https://waterhardness.uk/water-hardness/iv21,/water-hardness/iv21,IV21,Scottish Water,25,1.8,1
Outcode Regional Hub,https://waterhardness.uk/water-hardness/iv22,/water-hardness/iv22,IV22,Scottish Water,25,1.8,1
Outcode Regional Hub,https://waterhardness.uk/water-hardness/iv23,/water-hardness/iv23,IV23,Scottish Water,25,1.8,1
Outcode Regional Hub,https://waterhardness.uk/water-hardness/iv24,/water-hardness/iv24,IV24,Scottish Water,25,1.8,1
Outcode Regional Hub,https://waterhardness.uk/water-hardness/iv25,/water-hardness/iv25,IV25,Scottish Water,25,1.8,1
Outcode Regional Hub,https://waterhardness.uk/water-hardness/iv26,/water-hardness/iv26,IV26,Scottish Water,25,1.8,1
Outcode Regional Hub,https://waterhardness.uk/water-hardness/iv27,/water-hardness/iv27,IV27,Scottish Water,25,1.8,2
Outcode Regional Hub,https://waterhardness.uk/water-hardness/iv28,/water-hardness/iv28,IV28,Scottish Water,25,1.8,1
Outcode Regional Hub,https://waterhardness.uk/water-hardness/iv3,/water-hardness/iv3,IV3,Scottish Water,25,1.8,2
Outcode Regional Hub,https://waterhardness.uk/water-hardness/iv30,/water-hardness/iv30,IV30,Scottish Water,25,1.8,6
Outcode Regional Hub,https://waterhardness.uk/water-hardness/iv31,/water-hardness/iv31,IV31,Scottish Water,25,1.8,1
Outcode Regional Hub,https://waterhardness.uk/water-hardness/iv32,/water-hardness/iv32,IV32,Scottish Water,25,1.8,1
Outcode Regional Hub,https://waterhardness.uk/water-hardness/iv36,/water-hardness/iv36,IV36,Scottish Water,25,1.8,4
Outcode Regional Hub,https://waterhardness.uk/water-hardness/iv4,/water-hardness/iv4,IV4,Scottish Water,25,1.8,1
Outcode Regional Hub,https://waterhardness.uk/water-hardness/iv40,/water-hardness/iv40,IV40,Scottish Water,25,1.8,1
Outcode Regional Hub,https://waterhardness.uk/water-hardness/iv41,/water-hardness/iv41,IV41,Scottish Water,25,1.8,1
Outcode Regional Hub,https://waterhardness.uk/water-hardness/iv42,/water-hardness/iv42,IV42,Scottish Water,25,1.8,1
Outcode Regional Hub,https://waterhardness.uk/water-hardness/iv43,/water-hardness/iv43,IV43,Scottish Water,25,1.8,1
Outcode Regional Hub,https://waterhardness.uk/water-hardness/iv44,/water-hardness/iv44,IV44,Scottish Water,25,1.8,1
Outcode Regional Hub,https://waterhardness.uk/water-hardness/iv45,/water-hardness/iv45,IV45,Scottish Water,25,1.8,1
Outcode Regional Hub,https://waterhardness.uk/water-hardness/iv46,/water-hardness/iv46,IV46,Scottish Water,25,1.8,1
Outcode Regional Hub,https://waterhardness.uk/water-hardness/iv47,/water-hardness/iv47,IV47,Scottish Water,25,1.8,1
Outcode Regional Hub,https://waterhardness.uk/water-hardness/iv48,/water-hardness/iv48,IV48,Scottish Water,25,1.8,1
Outcode Regional Hub,https://waterhardness.uk/water-hardness/iv49,/water-hardness/iv49,IV49,Scottish Water,25,1.8,1
Outcode Regional Hub,https://waterhardness.uk/water-hardness/iv5,/water-hardness/iv5,IV5,Scottish Water,25,1.8,1
Outcode Regional Hub,https://waterhardness.uk/water-hardness/iv51,/water-hardness/iv51,IV51,Scottish Water,25,1.8,2
Outcode Regional Hub,https://waterhardness.uk/water-hardness/iv52,/water-hardness/iv52,IV52,Scottish Water,25,1.8,1
Outcode Regional Hub,https://waterhardness.uk/water-hardness/iv53,/water-hardness/iv53,IV53,Scottish Water,25,1.8,1
Outcode Regional Hub,https://waterhardness.uk/water-hardness/iv54,/water-hardness/iv54,IV54,Scottish Water,25,1.8,1
Outcode Regional Hub,https://waterhardness.uk/water-hardness/iv55,/water-hardness/iv55,IV55,Scottish Water,25,1.8,1
Outcode Regional Hub,https://waterhardness.uk/water-hardness/iv56,/water-hardness/iv56,IV56,Scottish Water,25,1.8,1
Outcode Regional Hub,https://waterhardness.uk/water-hardness/iv6,/water-hardness/iv6,IV6,Scottish Water,25,1.8,1
Outcode Regional Hub,https://waterhardness.uk/water-hardness/iv63,/water-hardness/iv63,IV63,Scottish Water,25,1.8,2
Outcode Regional Hub,https://waterhardness.uk/water-hardness/iv7,/water-hardness/iv7,IV7,Scottish Water,25,1.8,1
Outcode Regional Hub,https://waterhardness.uk/water-hardness/iv8,/water-hardness/iv8,IV8,Scottish Water,25,1.8,1
Outcode Regional Hub,https://waterhardness.uk/water-hardness/iv9,/water-hardness/iv9,IV9,Scottish Water,25,1.8,1
Outcode Regional Hub,https://waterhardness.uk/water-hardness/iv99,/water-hardness/iv99,IV99,Scottish Water,25,1.8,1
Outcode Regional Hub,https://waterhardness.uk/water-hardness/je1,/water-hardness/je1,JE1,Jersey Water,160,11.2,10
Outcode Regional Hub,https://waterhardness.uk/water-hardness/je2,/water-hardness/je2,JE2,Jersey Water,160,11.2,4
Outcode Regional Hub,https://waterhardness.uk/water-hardness/je3,/water-hardness/je3,JE3,Jersey Water,160,11.2,9
Outcode Regional Hub,https://waterhardness.uk/water-hardness/je4,/water-hardness/je4,JE4,Jersey Water,160,11.2,5
Outcode Regional Hub,https://waterhardness.uk/water-hardness/ka1,/water-hardness/ka1,KA1,Scottish Water,25,1.8,6
Outcode Regional Hub,https://waterhardness.uk/water-hardness/ka10,/water-hardness/ka10,KA10,Scottish Water,25,1.8,3
Outcode Regional Hub,https://waterhardness.uk/water-hardness/ka11,/water-hardness/ka11,KA11,Scottish Water,25,1.8,5
Outcode Regional Hub,https://waterhardness.uk/water-hardness/ka12,/water-hardness/ka12,KA12,Scottish Water,25,1.8,4
Outcode Regional Hub,https://waterhardness.uk/water-hardness/ka13,/water-hardness/ka13,KA13,Scottish Water,25,1.8,3
Outcode Regional Hub,https://waterhardness.uk/water-hardness/ka14,/water-hardness/ka14,KA14,Scottish Water,25,1.8,1
Outcode Regional Hub,https://waterhardness.uk/water-hardness/ka15,/water-hardness/ka15,KA15,Scottish Water,25,1.8,2
Outcode Regional Hub,https://waterhardness.uk/water-hardness/ka16,/water-hardness/ka16,KA16,Scottish Water,25,1.8,1
Outcode Regional Hub,https://waterhardness.uk/water-hardness/ka17,/water-hardness/ka17,KA17,Scottish Water,25,1.8,1
Outcode Regional Hub,https://waterhardness.uk/water-hardness/ka18,/water-hardness/ka18,KA18,Scottish Water,25,1.8,5
Outcode Regional Hub,https://waterhardness.uk/water-hardness/ka19,/water-hardness/ka19,KA19,Scottish Water,25,1.8,2
Outcode Regional Hub,https://waterhardness.uk/water-hardness/ka2,/water-hardness/ka2,KA2,Scottish Water,25,1.8,2
Outcode Regional Hub,https://waterhardness.uk/water-hardness/ka20,/water-hardness/ka20,KA20,Scottish Water,25,1.8,2
Outcode Regional Hub,https://waterhardness.uk/water-hardness/ka21,/water-hardness/ka21,KA21,Scottish Water,25,1.8,3
Outcode Regional Hub,https://waterhardness.uk/water-hardness/ka22,/water-hardness/ka22,KA22,Scottish Water,25,1.8,2
Outcode Regional Hub,https://waterhardness.uk/water-hardness/ka23,/water-hardness/ka23,KA23,Scottish Water,25,1.8,1
Outcode Regional Hub,https://waterhardness.uk/water-hardness/ka24,/water-hardness/ka24,KA24,Scottish Water,25,1.8,3
Outcode Regional Hub,https://waterhardness.uk/water-hardness/ka25,/water-hardness/ka25,KA25,Scottish Water,25,1.8,2
Outcode Regional Hub,https://waterhardness.uk/water-hardness/ka26,/water-hardness/ka26,KA26,Scottish Water,25,1.8,3
Outcode Regional Hub,https://waterhardness.uk/water-hardness/ka27,/water-hardness/ka27,KA27,Scottish Water,25,1.8,1
Outcode Regional Hub,https://waterhardness.uk/water-hardness/ka28,/water-hardness/ka28,KA28,Scottish Water,25,1.8,1
Outcode Regional Hub,https://waterhardness.uk/water-hardness/ka29,/water-hardness/ka29,KA29,Scottish Water,25,1.8,1
Outcode Regional Hub,https://waterhardness.uk/water-hardness/ka3,/water-hardness/ka3,KA3,Scottish Water,25,1.8,7
Outcode Regional Hub,https://waterhardness.uk/water-hardness/ka30,/water-hardness/ka30,KA30,Scottish Water,25,1.8,2
Outcode Regional Hub,https://waterhardness.uk/water-hardness/ka4,/water-hardness/ka4,KA4,Scottish Water,25,1.8,1
Outcode Regional Hub,https://waterhardness.uk/water-hardness/ka5,/water-hardness/ka5,KA5,Scottish Water,25,1.8,2
Outcode Regional Hub,https://waterhardness.uk/water-hardness/ka6,/water-hardness/ka6,KA6,Scottish Water,25,1.8,3
Outcode Regional Hub,https://waterhardness.uk/water-hardness/ka7,/water-hardness/ka7,KA7,Scottish Water,25,1.8,5
Outcode Regional Hub,https://waterhardness.uk/water-hardness/ka8,/water-hardness/ka8,KA8,Scottish Water,25,1.8,3
Outcode Regional Hub,https://waterhardness.uk/water-hardness/ka9,/water-hardness/ka9,KA9,Scottish Water,25,1.8,3
Outcode Regional Hub,https://waterhardness.uk/water-hardness/kt1,/water-hardness/kt1,KT1,Thames Water,275,19.3,5
Outcode Regional Hub,https://waterhardness.uk/water-hardness/kt10,/water-hardness/kt10,KT10,Thames Water,275,19.3,4
Outcode Regional Hub,https://waterhardness.uk/water-hardness/kt11,/water-hardness/kt11,KT11,Affinity Water,290,20.3,1
Outcode Regional Hub,https://waterhardness.uk/water-hardness/kt11,/water-hardness/kt11,KT11,SES Water,260,18.2,3
Outcode Regional Hub,https://waterhardness.uk/water-hardness/kt12,/water-hardness/kt12,KT12,Affinity Water,290,20.3,6
Outcode Regional Hub,https://waterhardness.uk/water-hardness/kt13,/water-hardness/kt13,KT13,Affinity Water,290,20.3,4
Outcode Regional Hub,https://waterhardness.uk/water-hardness/kt14,/water-hardness/kt14,KT14,Affinity Water,290,20.3,3
Outcode Regional Hub,https://waterhardness.uk/water-hardness/kt15,/water-hardness/kt15,KT15,Affinity Water,290,20.3,4
Outcode Regional Hub,https://waterhardness.uk/water-hardness/kt16,/water-hardness/kt16,KT16,Affinity Water,290,20.3,4
Outcode Regional Hub,https://waterhardness.uk/water-hardness/kt17,/water-hardness/kt17,KT17,SES Water,260,18.2,3
Outcode Regional Hub,https://waterhardness.uk/water-hardness/kt17,/water-hardness/kt17,KT17,Thames Water,275,19.3,2
Outcode Regional Hub,https://waterhardness.uk/water-hardness/kt18,/water-hardness/kt18,KT18,SES Water,260,18.2,1
Outcode Regional Hub,https://waterhardness.uk/water-hardness/kt18,/water-hardness/kt18,KT18,Thames Water,275,19.3,2
Outcode Regional Hub,https://waterhardness.uk/water-hardness/kt19,/water-hardness/kt19,KT19,SES Water,260,18.2,2
Outcode Regional Hub,https://waterhardness.uk/water-hardness/kt19,/water-hardness/kt19,KT19,Thames Water,275,19.3,2
Outcode Regional Hub,https://waterhardness.uk/water-hardness/kt2,/water-hardness/kt2,KT2,Thames Water,275,19.3,3
Outcode Regional Hub,https://waterhardness.uk/water-hardness/kt20,/water-hardness/kt20,KT20,SES Water,260,18.2,4
Outcode Regional Hub,https://waterhardness.uk/water-hardness/kt21,/water-hardness/kt21,KT21,SES Water,260,18.2,3
Outcode Regional Hub,https://waterhardness.uk/water-hardness/kt22,/water-hardness/kt22,KT22,SES Water,260,18.2,5
Outcode Regional Hub,https://waterhardness.uk/water-hardness/kt23,/water-hardness/kt23,KT23,SES Water,260,18.2,2
Outcode Regional Hub,https://waterhardness.uk/water-hardness/kt24,/water-hardness/kt24,KT24,Affinity Water,290,20.3,1
Outcode Regional Hub,https://waterhardness.uk/water-hardness/kt24,/water-hardness/kt24,KT24,SES Water,260,18.2,1
Outcode Regional Hub,https://waterhardness.uk/water-hardness/kt3,/water-hardness/kt3,KT3,Thames Water,275,19.3,5
Outcode Regional Hub,https://waterhardness.uk/water-hardness/kt4,/water-hardness/kt4,KT4,SES Water,260,18.2,1
Outcode Regional Hub,https://waterhardness.uk/water-hardness/kt4,/water-hardness/kt4,KT4,Thames Water,275,19.3,2
Outcode Regional Hub,https://waterhardness.uk/water-hardness/kt5,/water-hardness/kt5,KT5,Thames Water,275,19.3,2
Outcode Regional Hub,https://waterhardness.uk/water-hardness/kt6,/water-hardness/kt6,KT6,Thames Water,275,19.3,4
Outcode Regional Hub,https://waterhardness.uk/water-hardness/kt7,/water-hardness/kt7,KT7,Thames Water,275,19.3,1
Outcode Regional Hub,https://waterhardness.uk/water-hardness/kt8,/water-hardness/kt8,KT8,Thames Water,275,19.3,5
Outcode Regional Hub,https://waterhardness.uk/water-hardness/kt9,/water-hardness/kt9,KT9,Thames Water,275,19.3,3
Outcode Regional Hub,https://waterhardness.uk/water-hardness/kw1,/water-hardness/kw1,KW1,Scottish Water,25,1.8,2
Outcode Regional Hub,https://waterhardness.uk/water-hardness/kw10,/water-hardness/kw10,KW10,Scottish Water,25,1.8,1
Outcode Regional Hub,https://waterhardness.uk/water-hardness/kw11,/water-hardness/kw11,KW11,Scottish Water,25,1.8,1
Outcode Regional Hub,https://waterhardness.uk/water-hardness/kw12,/water-hardness/kw12,KW12,Scottish Water,25,1.8,1
Outcode Regional Hub,https://waterhardness.uk/water-hardness/kw13,/water-hardness/kw13,KW13,Scottish Water,25,1.8,1
Outcode Regional Hub,https://waterhardness.uk/water-hardness/kw14,/water-hardness/kw14,KW14,Scottish Water,25,1.8,3
Outcode Regional Hub,https://waterhardness.uk/water-hardness/kw15,/water-hardness/kw15,KW15,Scottish Water,25,1.8,2
Outcode Regional Hub,https://waterhardness.uk/water-hardness/kw16,/water-hardness/kw16,KW16,Scottish Water,25,1.8,1
Outcode Regional Hub,https://waterhardness.uk/water-hardness/kw17,/water-hardness/kw17,KW17,Scottish Water,25,1.8,1
Outcode Regional Hub,https://waterhardness.uk/water-hardness/kw2,/water-hardness/kw2,KW2,Scottish Water,25,1.8,1
Outcode Regional Hub,https://waterhardness.uk/water-hardness/kw3,/water-hardness/kw3,KW3,Scottish Water,25,1.8,1
Outcode Regional Hub,https://waterhardness.uk/water-hardness/kw5,/water-hardness/kw5,KW5,Scottish Water,25,1.8,1
Outcode Regional Hub,https://waterhardness.uk/water-hardness/kw6,/water-hardness/kw6,KW6,Scottish Water,25,1.8,1
Outcode Regional Hub,https://waterhardness.uk/water-hardness/kw7,/water-hardness/kw7,KW7,Scottish Water,25,1.8,1
Outcode Regional Hub,https://waterhardness.uk/water-hardness/kw8,/water-hardness/kw8,KW8,Scottish Water,25,1.8,1
Outcode Regional Hub,https://waterhardness.uk/water-hardness/kw9,/water-hardness/kw9,KW9,Scottish Water,25,1.8,1
Outcode Regional Hub,https://waterhardness.uk/water-hardness/ky1,/water-hardness/ky1,KY1,Scottish Water,25,1.8,4
Outcode Regional Hub,https://waterhardness.uk/water-hardness/ky10,/water-hardness/ky10,KY10,Scottish Water,25,1.8,3
Outcode Regional Hub,https://waterhardness.uk/water-hardness/ky11,/water-hardness/ky11,KY11,Scottish Water,25,1.8,7
Outcode Regional Hub,https://waterhardness.uk/water-hardness/ky12,/water-hardness/ky12,KY12,Scottish Water,25,1.8,5
Outcode Regional Hub,https://waterhardness.uk/water-hardness/ky13,/water-hardness/ky13,KY13,Scottish Water,25,1.8,4
Outcode Regional Hub,https://waterhardness.uk/water-hardness/ky14,/water-hardness/ky14,KY14,Scottish Water,25,1.8,2
Outcode Regional Hub,https://waterhardness.uk/water-hardness/ky15,/water-hardness/ky15,KY15,Scottish Water,25,1.8,4
Outcode Regional Hub,https://waterhardness.uk/water-hardness/ky16,/water-hardness/ky16,KY16,Scottish Water,25,1.8,4
Outcode Regional Hub,https://waterhardness.uk/water-hardness/ky2,/water-hardness/ky2,KY2,Scottish Water,25,1.8,3
Outcode Regional Hub,https://waterhardness.uk/water-hardness/ky3,/water-hardness/ky3,KY3,Scottish Water,25,1.8,2
Outcode Regional Hub,https://waterhardness.uk/water-hardness/ky4,/water-hardness/ky4,KY4,Scottish Water,25,1.8,4
Outcode Regional Hub,https://waterhardness.uk/water-hardness/ky5,/water-hardness/ky5,KY5,Scottish Water,25,1.8,4
Outcode Regional Hub,https://waterhardness.uk/water-hardness/ky6,/water-hardness/ky6,KY6,Scottish Water,25,1.8,3
Outcode Regional Hub,https://waterhardness.uk/water-hardness/ky7,/water-hardness/ky7,KY7,Scottish Water,25,1.8,4
Outcode Regional Hub,https://waterhardness.uk/water-hardness/ky8,/water-hardness/ky8,KY8,Scottish Water,25,1.8,7
Outcode Regional Hub,https://waterhardness.uk/water-hardness/ky9,/water-hardness/ky9,KY9,Scottish Water,25,1.8,1
Outcode Regional Hub,https://waterhardness.uk/water-hardness/ky99,/water-hardness/ky99,KY99,Scottish Water,25,1.8,10
Outcode Regional Hub,https://waterhardness.uk/water-hardness/l1,/water-hardness/l1,L1,United Utilities,45,3.2,10
Outcode Regional Hub,https://waterhardness.uk/water-hardness/l10,/water-hardness/l10,L10,United Utilities,45,3.2,10
Outcode Regional Hub,https://waterhardness.uk/water-hardness/l11,/water-hardness/l11,L11,United Utilities,45,3.2,10
Outcode Regional Hub,https://waterhardness.uk/water-hardness/l12,/water-hardness/l12,L12,United Utilities,45,3.2,10
Outcode Regional Hub,https://waterhardness.uk/water-hardness/l13,/water-hardness/l13,L13,United Utilities,45,3.2,10
Outcode Regional Hub,https://waterhardness.uk/water-hardness/l14,/water-hardness/l14,L14,United Utilities,45,3.2,10
Outcode Regional Hub,https://waterhardness.uk/water-hardness/l15,/water-hardness/l15,L15,United Utilities,45,3.2,10
Outcode Regional Hub,https://waterhardness.uk/water-hardness/l16,/water-hardness/l16,L16,United Utilities,45,3.2,10
Outcode Regional Hub,https://waterhardness.uk/water-hardness/l17,/water-hardness/l17,L17,United Utilities,45,3.2,10
Outcode Regional Hub,https://waterhardness.uk/water-hardness/l18,/water-hardness/l18,L18,United Utilities,45,3.2,10
Outcode Regional Hub,https://waterhardness.uk/water-hardness/l19,/water-hardness/l19,L19,United Utilities,45,3.2,10
Outcode Regional Hub,https://waterhardness.uk/water-hardness/l2,/water-hardness/l2,L2,United Utilities,45,3.2,10
Outcode Regional Hub,https://waterhardness.uk/water-hardness/l20,/water-hardness/l20,L20,United Utilities,45,3.2,10
Outcode Regional Hub,https://waterhardness.uk/water-hardness/l21,/water-hardness/l21,L21,United Utilities,45,3.2,10
Outcode Regional Hub,https://waterhardness.uk/water-hardness/l22,/water-hardness/l22,L22,United Utilities,45,3.2,10
Outcode Regional Hub,https://waterhardness.uk/water-hardness/l23,/water-hardness/l23,L23,United Utilities,45,3.2,10
Outcode Regional Hub,https://waterhardness.uk/water-hardness/l24,/water-hardness/l24,L24,United Utilities,45,3.2,10
Outcode Regional Hub,https://waterhardness.uk/water-hardness/l25,/water-hardness/l25,L25,United Utilities,45,3.2,10
Outcode Regional Hub,https://waterhardness.uk/water-hardness/l26,/water-hardness/l26,L26,United Utilities,45,3.2,10
Outcode Regional Hub,https://waterhardness.uk/water-hardness/l27,/water-hardness/l27,L27,United Utilities,45,3.2,9
Outcode Regional Hub,https://waterhardness.uk/water-hardness/l28,/water-hardness/l28,L28,United Utilities,45,3.2,8
Outcode Regional Hub,https://waterhardness.uk/water-hardness/l29,/water-hardness/l29,L29,United Utilities,45,3.2,7
Outcode Regional Hub,https://waterhardness.uk/water-hardness/l3,/water-hardness/l3,L3,United Utilities,45,3.2,10
Outcode Regional Hub,https://waterhardness.uk/water-hardness/l30,/water-hardness/l30,L30,United Utilities,45,3.2,10
Outcode Regional Hub,https://waterhardness.uk/water-hardness/l31,/water-hardness/l31,L31,United Utilities,45,3.2,10
Outcode Regional Hub,https://waterhardness.uk/water-hardness/l32,/water-hardness/l32,L32,United Utilities,45,3.2,10
Outcode Regional Hub,https://waterhardness.uk/water-hardness/l33,/water-hardness/l33,L33,United Utilities,45,3.2,10
Outcode Regional Hub,https://waterhardness.uk/water-hardness/l34,/water-hardness/l34,L34,United Utilities,45,3.2,10
Outcode Regional Hub,https://waterhardness.uk/water-hardness/l35,/water-hardness/l35,L35,United Utilities,45,3.2,10
Outcode Regional Hub,https://waterhardness.uk/water-hardness/l36,/water-hardness/l36,L36,United Utilities,45,3.2,10
Outcode Regional Hub,https://waterhardness.uk/water-hardness/l37,/water-hardness/l37,L37,United Utilities,45,3.2,10
Outcode Regional Hub,https://waterhardness.uk/water-hardness/l38,/water-hardness/l38,L38,United Utilities,45,3.2,9
Outcode Regional Hub,https://waterhardness.uk/water-hardness/l39,/water-hardness/l39,L39,United Utilities,45,3.2,10
Outcode Regional Hub,https://waterhardness.uk/water-hardness/l4,/water-hardness/l4,L4,United Utilities,45,3.2,10
Outcode Regional Hub,https://waterhardness.uk/water-hardness/l40,/water-hardness/l40,L40,United Utilities,45,3.2,10
Outcode Regional Hub,https://waterhardness.uk/water-hardness/l5,/water-hardness/l5,L5,United Utilities,45,3.2,10
Outcode Regional Hub,https://waterhardness.uk/water-hardness/l6,/water-hardness/l6,L6,United Utilities,45,3.2,10
Outcode Regional Hub,https://waterhardness.uk/water-hardness/l67,/water-hardness/l67,L67,United Utilities,45,3.2,1
Outcode Regional Hub,https://waterhardness.uk/water-hardness/l68,/water-hardness/l68,L68,United Utilities,45,3.2,1
Outcode Regional Hub,https://waterhardness.uk/water-hardness/l69,/water-hardness/l69,L69,United Utilities,45,3.2,8
Outcode Regional Hub,https://waterhardness.uk/water-hardness/l7,/water-hardness/l7,L7,United Utilities,45,3.2,10
Outcode Regional Hub,https://waterhardness.uk/water-hardness/l70,/water-hardness/l70,L70,United Utilities,45,3.2,4
Outcode Regional Hub,https://waterhardness.uk/water-hardness/l71,/water-hardness/l71,L71,United Utilities,45,3.2,1
Outcode Regional Hub,https://waterhardness.uk/water-hardness/l72,/water-hardness/l72,L72,United Utilities,45,3.2,3
Outcode Regional Hub,https://waterhardness.uk/water-hardness/l74,/water-hardness/l74,L74,United Utilities,45,3.2,1
Outcode Regional Hub,https://waterhardness.uk/water-hardness/l75,/water-hardness/l75,L75,United Utilities,45,3.2,2
Outcode Regional Hub,https://waterhardness.uk/water-hardness/l8,/water-hardness/l8,L8,United Utilities,45,3.2,10
Outcode Regional Hub,https://waterhardness.uk/water-hardness/l9,/water-hardness/l9,L9,United Utilities,45,3.2,10
Outcode Regional Hub,https://waterhardness.uk/water-hardness/la1,/water-hardness/la1,LA1,United Utilities,45,3.2,6
Outcode Regional Hub,https://waterhardness.uk/water-hardness/la10,/water-hardness/la10,LA10,United Utilities,45,3.2,1
Outcode Regional Hub,https://waterhardness.uk/water-hardness/la11,/water-hardness/la11,LA11,United Utilities,45,3.2,3
Outcode Regional Hub,https://waterhardness.uk/water-hardness/la12,/water-hardness/la12,LA12,United Utilities,45,3.2,5
Outcode Regional Hub,https://waterhardness.uk/water-hardness/la13,/water-hardness/la13,LA13,United Utilities,45,3.2,2
Outcode Regional Hub,https://waterhardness.uk/water-hardness/la14,/water-hardness/la14,LA14,United Utilities,45,3.2,6
Outcode Regional Hub,https://waterhardness.uk/water-hardness/la15,/water-hardness/la15,LA15,United Utilities,45,3.2,1
Outcode Regional Hub,https://waterhardness.uk/water-hardness/la16,/water-hardness/la16,LA16,United Utilities,45,3.2,1
Outcode Regional Hub,https://waterhardness.uk/water-hardness/la17,/water-hardness/la17,LA17,United Utilities,45,3.2,1
Outcode Regional Hub,https://waterhardness.uk/water-hardness/la18,/water-hardness/la18,LA18,United Utilities,45,3.2,3
Outcode Regional Hub,https://waterhardness.uk/water-hardness/la19,/water-hardness/la19,LA19,United Utilities,45,3.2,1
Outcode Regional Hub,https://waterhardness.uk/water-hardness/la2,/water-hardness/la2,LA2,United Utilities,45,3.2,3
Outcode Regional Hub,https://waterhardness.uk/water-hardness/la2,/water-hardness/la2,LA2,Yorkshire Water,110,7.7,2
Outcode Regional Hub,https://waterhardness.uk/water-hardness/la20,/water-hardness/la20,LA20,United Utilities,45,3.2,1
Outcode Regional Hub,https://waterhardness.uk/water-hardness/la21,/water-hardness/la21,LA21,United Utilities,45,3.2,1
Outcode Regional Hub,https://waterhardness.uk/water-hardness/la22,/water-hardness/la22,LA22,United Utilities,45,3.2,2
Outcode Regional Hub,https://waterhardness.uk/water-hardness/la23,/water-hardness/la23,LA23,United Utilities,45,3.2,4
Outcode Regional Hub,https://waterhardness.uk/water-hardness/la3,/water-hardness/la3,LA3,United Utilities,45,3.2,3
Outcode Regional Hub,https://waterhardness.uk/water-hardness/la4,/water-hardness/la4,LA4,United Utilities,45,3.2,4
Outcode Regional Hub,https://waterhardness.uk/water-hardness/la5,/water-hardness/la5,LA5,United Utilities,45,3.2,4
Outcode Regional Hub,https://waterhardness.uk/water-hardness/la6,/water-hardness/la6,LA6,United Utilities,45,3.2,2
Outcode Regional Hub,https://waterhardness.uk/water-hardness/la6,/water-hardness/la6,LA6,Yorkshire Water,110,7.7,1
Outcode Regional Hub,https://waterhardness.uk/water-hardness/la7,/water-hardness/la7,LA7,United Utilities,45,3.2,1
Outcode Regional Hub,https://waterhardness.uk/water-hardness/la8,/water-hardness/la8,LA8,United Utilities,45,3.2,3
Outcode Regional Hub,https://waterhardness.uk/water-hardness/la9,/water-hardness/la9,LA9,United Utilities,45,3.2,5
Outcode Regional Hub,https://waterhardness.uk/water-hardness/ld1,/water-hardness/ld1,LD1,Dŵr Cymru Welsh Water,45,3.2,2
Outcode Regional Hub,https://waterhardness.uk/water-hardness/ld1,/water-hardness/ld1,LD1,Hafren Dyfrdwy,140,9.8,1
Outcode Regional Hub,https://waterhardness.uk/water-hardness/ld2,/water-hardness/ld2,LD2,Dŵr Cymru Welsh Water,45,3.2,2
Outcode Regional Hub,https://waterhardness.uk/water-hardness/ld3,/water-hardness/ld3,LD3,Dŵr Cymru Welsh Water,45,3.2,5
Outcode Regional Hub,https://waterhardness.uk/water-hardness/ld4,/water-hardness/ld4,LD4,Dŵr Cymru Welsh Water,45,3.2,1
Outcode Regional Hub,https://waterhardness.uk/water-hardness/ld5,/water-hardness/ld5,LD5,Hafren Dyfrdwy,140,9.8,1
Outcode Regional Hub,https://waterhardness.uk/water-hardness/ld6,/water-hardness/ld6,LD6,Hafren Dyfrdwy,140,9.8,1
Outcode Regional Hub,https://waterhardness.uk/water-hardness/ld7,/water-hardness/ld7,LD7,Dŵr Cymru Welsh Water,45,3.2,2
Outcode Regional Hub,https://waterhardness.uk/water-hardness/ld8,/water-hardness/ld8,LD8,Dŵr Cymru Welsh Water,45,3.2,1
Outcode Regional Hub,https://waterhardness.uk/water-hardness/le1,/water-hardness/le1,LE1,Severn Trent Water,160,11.2,9
Outcode Regional Hub,https://waterhardness.uk/water-hardness/le10,/water-hardness/le10,LE10,Severn Trent Water,160,11.2,5
Outcode Regional Hub,https://waterhardness.uk/water-hardness/le11,/water-hardness/le11,LE11,Severn Trent Water,160,11.2,6
Outcode Regional Hub,https://waterhardness.uk/water-hardness/le12,/water-hardness/le12,LE12,Severn Trent Water,160,11.2,5
Outcode Regional Hub,https://waterhardness.uk/water-hardness/le13,/water-hardness/le13,LE13,Severn Trent Water,160,11.2,3
Outcode Regional Hub,https://waterhardness.uk/water-hardness/le14,/water-hardness/le14,LE14,Severn Trent Water,160,11.2,3
Outcode Regional Hub,https://waterhardness.uk/water-hardness/le15,/water-hardness/le15,LE15,Severn Trent Water,160,11.2,5
Outcode Regional Hub,https://waterhardness.uk/water-hardness/le16,/water-hardness/le16,LE16,Anglian Water,310,21.7,1
Outcode Regional Hub,https://waterhardness.uk/water-hardness/le16,/water-hardness/le16,LE16,Severn Trent Water,160,11.2,3
Outcode Regional Hub,https://waterhardness.uk/water-hardness/le17,/water-hardness/le17,LE17,Severn Trent Water,160,11.2,4
Outcode Regional Hub,https://waterhardness.uk/water-hardness/le18,/water-hardness/le18,LE18,Severn Trent Water,160,11.2,5
Outcode Regional Hub,https://waterhardness.uk/water-hardness/le19,/water-hardness/le19,LE19,Severn Trent Water,160,11.2,6
Outcode Regional Hub,https://waterhardness.uk/water-hardness/le2,/water-hardness/le2,LE2,Severn Trent Water,160,11.2,10
Outcode Regional Hub,https://waterhardness.uk/water-hardness/le21,/water-hardness/le21,LE21,Severn Trent Water,160,11.2,3
Outcode Regional Hub,https://waterhardness.uk/water-hardness/le3,/water-hardness/le3,LE3,Severn Trent Water,160,11.2,10
Outcode Regional Hub,https://waterhardness.uk/water-hardness/le4,/water-hardness/le4,LE4,Severn Trent Water,160,11.2,10
Outcode Regional Hub,https://waterhardness.uk/water-hardness/le41,/water-hardness/le41,LE41,Severn Trent Water,160,11.2,1
Outcode Regional Hub,https://waterhardness.uk/water-hardness/le5,/water-hardness/le5,LE5,Severn Trent Water,160,11.2,8
Outcode Regional Hub,https://waterhardness.uk/water-hardness/le6,/water-hardness/le6,LE6,Severn Trent Water,160,11.2,1
Outcode Regional Hub,https://waterhardness.uk/water-hardness/le65,/water-hardness/le65,LE65,Severn Trent Water,160,11.2,3
Outcode Regional Hub,https://waterhardness.uk/water-hardness/le67,/water-hardness/le67,LE67,Severn Trent Water,160,11.2,9
Outcode Regional Hub,https://waterhardness.uk/water-hardness/le7,/water-hardness/le7,LE7,Severn Trent Water,160,11.2,7
Outcode Regional Hub,https://waterhardness.uk/water-hardness/le8,/water-hardness/le8,LE8,Severn Trent Water,160,11.2,6
Outcode Regional Hub,https://waterhardness.uk/water-hardness/le87,/water-hardness/le87,LE87,Severn Trent Water,160,11.2,2
Outcode Regional Hub,https://waterhardness.uk/water-hardness/le9,/water-hardness/le9,LE9,Severn Trent Water,160,11.2,9
Outcode Regional Hub,https://waterhardness.uk/water-hardness/le94,/water-hardness/le94,LE94,Severn Trent Water,160,11.2,1
Outcode Regional Hub,https://waterhardness.uk/water-hardness/le95,/water-hardness/le95,LE95,Severn Trent Water,160,11.2,1
Outcode Regional Hub,https://waterhardness.uk/water-hardness/ll11,/water-hardness/ll11,LL11,Hafren Dyfrdwy,140,9.8,7
Outcode Regional Hub,https://waterhardness.uk/water-hardness/ll12,/water-hardness/ll12,LL12,Hafren Dyfrdwy,140,9.8,4
Outcode Regional Hub,https://waterhardness.uk/water-hardness/ll13,/water-hardness/ll13,LL13,Hafren Dyfrdwy,140,9.8,4
Outcode Regional Hub,https://waterhardness.uk/water-hardness/ll14,/water-hardness/ll14,LL14,Hafren Dyfrdwy,140,9.8,6
Outcode Regional Hub,https://waterhardness.uk/water-hardness/ll15,/water-hardness/ll15,LL15,Dŵr Cymru Welsh Water,45,3.2,3
Outcode Regional Hub,https://waterhardness.uk/water-hardness/ll16,/water-hardness/ll16,LL16,Dŵr Cymru Welsh Water,45,3.2,4
Outcode Regional Hub,https://waterhardness.uk/water-hardness/ll17,/water-hardness/ll17,LL17,Dŵr Cymru Welsh Water,45,3.2,1
Outcode Regional Hub,https://waterhardness.uk/water-hardness/ll18,/water-hardness/ll18,LL18,Dŵr Cymru Welsh Water,45,3.2,7
Outcode Regional Hub,https://waterhardness.uk/water-hardness/ll19,/water-hardness/ll19,LL19,Dŵr Cymru Welsh Water,45,3.2,4
Outcode Regional Hub,https://waterhardness.uk/water-hardness/ll20,/water-hardness/ll20,LL20,Hafren Dyfrdwy,140,9.8,3
Outcode Regional Hub,https://waterhardness.uk/water-hardness/ll21,/water-hardness/ll21,LL21,Dŵr Cymru Welsh Water,45,3.2,2
Outcode Regional Hub,https://waterhardness.uk/water-hardness/ll22,/water-hardness/ll22,LL22,Dŵr Cymru Welsh Water,45,3.2,3
Outcode Regional Hub,https://waterhardness.uk/water-hardness/ll23,/water-hardness/ll23,LL23,Hafren Dyfrdwy,140,9.8,1
Outcode Regional Hub,https://waterhardness.uk/water-hardness/ll24,/water-hardness/ll24,LL24,Dŵr Cymru Welsh Water,45,3.2,1
Outcode Regional Hub,https://waterhardness.uk/water-hardness/ll25,/water-hardness/ll25,LL25,Dŵr Cymru Welsh Water,45,3.2,1
Outcode Regional Hub,https://waterhardness.uk/water-hardness/ll26,/water-hardness/ll26,LL26,Dŵr Cymru Welsh Water,45,3.2,2
Outcode Regional Hub,https://waterhardness.uk/water-hardness/ll27,/water-hardness/ll27,LL27,Dŵr Cymru Welsh Water,45,3.2,1
Outcode Regional Hub,https://waterhardness.uk/water-hardness/ll28,/water-hardness/ll28,LL28,Dŵr Cymru Welsh Water,45,3.2,2
Outcode Regional Hub,https://waterhardness.uk/water-hardness/ll29,/water-hardness/ll29,LL29,Dŵr Cymru Welsh Water,45,3.2,5
Outcode Regional Hub,https://waterhardness.uk/water-hardness/ll30,/water-hardness/ll30,LL30,Dŵr Cymru Welsh Water,45,3.2,4
Outcode Regional Hub,https://waterhardness.uk/water-hardness/ll31,/water-hardness/ll31,LL31,Dŵr Cymru Welsh Water,45,3.2,1
Outcode Regional Hub,https://waterhardness.uk/water-hardness/ll32,/water-hardness/ll32,LL32,Dŵr Cymru Welsh Water,45,3.2,1
Outcode Regional Hub,https://waterhardness.uk/water-hardness/ll33,/water-hardness/ll33,LL33,Dŵr Cymru Welsh Water,45,3.2,1
Outcode Regional Hub,https://waterhardness.uk/water-hardness/ll34,/water-hardness/ll34,LL34,Dŵr Cymru Welsh Water,45,3.2,1
Outcode Regional Hub,https://waterhardness.uk/water-hardness/ll35,/water-hardness/ll35,LL35,Hafren Dyfrdwy,140,9.8,1
Outcode Regional Hub,https://waterhardness.uk/water-hardness/ll36,/water-hardness/ll36,LL36,Hafren Dyfrdwy,140,9.8,2
Outcode Regional Hub,https://waterhardness.uk/water-hardness/ll37,/water-hardness/ll37,LL37,Hafren Dyfrdwy,140,9.8,1
Outcode Regional Hub,https://waterhardness.uk/water-hardness/ll38,/water-hardness/ll38,LL38,Hafren Dyfrdwy,140,9.8,1
Outcode Regional Hub,https://waterhardness.uk/water-hardness/ll39,/water-hardness/ll39,LL39,Hafren Dyfrdwy,140,9.8,1
Outcode Regional Hub,https://waterhardness.uk/water-hardness/ll40,/water-hardness/ll40,LL40,Hafren Dyfrdwy,140,9.8,2
Outcode Regional Hub,https://waterhardness.uk/water-hardness/ll41,/water-hardness/ll41,LL41,Dŵr Cymru Welsh Water,45,3.2,2
Outcode Regional Hub,https://waterhardness.uk/water-hardness/ll41,/water-hardness/ll41,LL41,Hafren Dyfrdwy,140,9.8,1
Outcode Regional Hub,https://waterhardness.uk/water-hardness/ll42,/water-hardness/ll42,LL42,Hafren Dyfrdwy,140,9.8,1
Outcode Regional Hub,https://waterhardness.uk/water-hardness/ll43,/water-hardness/ll43,LL43,Hafren Dyfrdwy,140,9.8,1
Outcode Regional Hub,https://waterhardness.uk/water-hardness/ll44,/water-hardness/ll44,LL44,Hafren Dyfrdwy,140,9.8,1
Outcode Regional Hub,https://waterhardness.uk/water-hardness/ll45,/water-hardness/ll45,LL45,Hafren Dyfrdwy,140,9.8,1
Outcode Regional Hub,https://waterhardness.uk/water-hardness/ll46,/water-hardness/ll46,LL46,Hafren Dyfrdwy,140,9.8,1
Outcode Regional Hub,https://waterhardness.uk/water-hardness/ll47,/water-hardness/ll47,LL47,Hafren Dyfrdwy,140,9.8,1
Outcode Regional Hub,https://waterhardness.uk/water-hardness/ll48,/water-hardness/ll48,LL48,Hafren Dyfrdwy,140,9.8,1
Outcode Regional Hub,https://waterhardness.uk/water-hardness/ll49,/water-hardness/ll49,LL49,Hafren Dyfrdwy,140,9.8,1
Outcode Regional Hub,https://waterhardness.uk/water-hardness/ll51,/water-hardness/ll51,LL51,Hafren Dyfrdwy,140,9.8,1
Outcode Regional Hub,https://waterhardness.uk/water-hardness/ll52,/water-hardness/ll52,LL52,Hafren Dyfrdwy,140,9.8,1
Outcode Regional Hub,https://waterhardness.uk/water-hardness/ll53,/water-hardness/ll53,LL53,Hafren Dyfrdwy,140,9.8,5
Outcode Regional Hub,https://waterhardness.uk/water-hardness/ll54,/water-hardness/ll54,LL54,Hafren Dyfrdwy,140,9.8,3
Outcode Regional Hub,https://waterhardness.uk/water-hardness/ll55,/water-hardness/ll55,LL55,Dŵr Cymru Welsh Water,45,3.2,5
Outcode Regional Hub,https://waterhardness.uk/water-hardness/ll56,/water-hardness/ll56,LL56,Dŵr Cymru Welsh Water,45,3.2,1
Outcode Regional Hub,https://waterhardness.uk/water-hardness/ll57,/water-hardness/ll57,LL57,Dŵr Cymru Welsh Water,45,3.2,5
Outcode Regional Hub,https://waterhardness.uk/water-hardness/ll58,/water-hardness/ll58,LL58,Dŵr Cymru Welsh Water,45,3.2,1
Outcode Regional Hub,https://waterhardness.uk/water-hardness/ll59,/water-hardness/ll59,LL59,Dŵr Cymru Welsh Water,45,3.2,1
Outcode Regional Hub,https://waterhardness.uk/water-hardness/ll60,/water-hardness/ll60,LL60,Dŵr Cymru Welsh Water,45,3.2,1
Outcode Regional Hub,https://waterhardness.uk/water-hardness/ll61,/water-hardness/ll61,LL61,Dŵr Cymru Welsh Water,45,3.2,2
Outcode Regional Hub,https://waterhardness.uk/water-hardness/ll62,/water-hardness/ll62,LL62,Dŵr Cymru Welsh Water,45,3.2,1
Outcode Regional Hub,https://waterhardness.uk/water-hardness/ll63,/water-hardness/ll63,LL63,Dŵr Cymru Welsh Water,45,3.2,1
Outcode Regional Hub,https://waterhardness.uk/water-hardness/ll64,/water-hardness/ll64,LL64,Dŵr Cymru Welsh Water,45,3.2,1
Outcode Regional Hub,https://waterhardness.uk/water-hardness/ll65,/water-hardness/ll65,LL65,Dŵr Cymru Welsh Water,45,3.2,4
Outcode Regional Hub,https://waterhardness.uk/water-hardness/ll66,/water-hardness/ll66,LL66,Dŵr Cymru Welsh Water,45,3.2,2
Outcode Regional Hub,https://waterhardness.uk/water-hardness/ll67,/water-hardness/ll67,LL67,Dŵr Cymru Welsh Water,45,3.2,1
Outcode Regional Hub,https://waterhardness.uk/water-hardness/ll68,/water-hardness/ll68,LL68,Dŵr Cymru Welsh Water,45,3.2,2
Outcode Regional Hub,https://waterhardness.uk/water-hardness/ll69,/water-hardness/ll69,LL69,Dŵr Cymru Welsh Water,45,3.2,1
Outcode Regional Hub,https://waterhardness.uk/water-hardness/ll70,/water-hardness/ll70,LL70,Dŵr Cymru Welsh Water,45,3.2,1
Outcode Regional Hub,https://waterhardness.uk/water-hardness/ll71,/water-hardness/ll71,LL71,Dŵr Cymru Welsh Water,45,3.2,2
Outcode Regional Hub,https://waterhardness.uk/water-hardness/ll72,/water-hardness/ll72,LL72,Dŵr Cymru Welsh Water,45,3.2,1
Outcode Regional Hub,https://waterhardness.uk/water-hardness/ll73,/water-hardness/ll73,LL73,Dŵr Cymru Welsh Water,45,3.2,1
Outcode Regional Hub,https://waterhardness.uk/water-hardness/ll74,/water-hardness/ll74,LL74,Dŵr Cymru Welsh Water,45,3.2,1
Outcode Regional Hub,https://waterhardness.uk/water-hardness/ll75,/water-hardness/ll75,LL75,Dŵr Cymru Welsh Water,45,3.2,2
Outcode Regional Hub,https://waterhardness.uk/water-hardness/ll76,/water-hardness/ll76,LL76,Dŵr Cymru Welsh Water,45,3.2,1
Outcode Regional Hub,https://waterhardness.uk/water-hardness/ll77,/water-hardness/ll77,LL77,Dŵr Cymru Welsh Water,45,3.2,3
Outcode Regional Hub,https://waterhardness.uk/water-hardness/ll78,/water-hardness/ll78,LL78,Dŵr Cymru Welsh Water,45,3.2,2
Outcode Regional Hub,https://waterhardness.uk/water-hardness/ln1,/water-hardness/ln1,LN1,Anglian Water,310,21.7,6
Outcode Regional Hub,https://waterhardness.uk/water-hardness/ln10,/water-hardness/ln10,LN10,Anglian Water,310,21.7,2
Outcode Regional Hub,https://waterhardness.uk/water-hardness/ln11,/water-hardness/ln11,LN11,Anglian Water,310,21.7,5
Outcode Regional Hub,https://waterhardness.uk/water-hardness/ln12,/water-hardness/ln12,LN12,Anglian Water,310,21.7,3
Outcode Regional Hub,https://waterhardness.uk/water-hardness/ln13,/water-hardness/ln13,LN13,Anglian Water,310,21.7,3
Outcode Regional Hub,https://waterhardness.uk/water-hardness/ln2,/water-hardness/ln2,LN2,Anglian Water,310,21.7,5
Outcode Regional Hub,https://waterhardness.uk/water-hardness/ln3,/water-hardness/ln3,LN3,Anglian Water,310,21.7,2
Outcode Regional Hub,https://waterhardness.uk/water-hardness/ln4,/water-hardness/ln4,LN4,Anglian Water,310,21.7,4
Outcode Regional Hub,https://waterhardness.uk/water-hardness/ln5,/water-hardness/ln5,LN5,Anglian Water,310,21.7,5
Outcode Regional Hub,https://waterhardness.uk/water-hardness/ln6,/water-hardness/ln6,LN6,Anglian Water,310,21.7,8
Outcode Regional Hub,https://waterhardness.uk/water-hardness/ln7,/water-hardness/ln7,LN7,Anglian Water,310,21.7,1
Outcode Regional Hub,https://waterhardness.uk/water-hardness/ln8,/water-hardness/ln8,LN8,Anglian Water,310,21.7,5
Outcode Regional Hub,https://waterhardness.uk/water-hardness/ln9,/water-hardness/ln9,LN9,Anglian Water,310,21.7,3
Outcode Regional Hub,https://waterhardness.uk/water-hardness/ls1,/water-hardness/ls1,LS1,Yorkshire Water,110,7.7,9
Outcode Regional Hub,https://waterhardness.uk/water-hardness/ls10,/water-hardness/ls10,LS10,Yorkshire Water,110,7.7,5
Outcode Regional Hub,https://waterhardness.uk/water-hardness/ls11,/water-hardness/ls11,LS11,Yorkshire Water,110,7.7,7
Outcode Regional Hub,https://waterhardness.uk/water-hardness/ls12,/water-hardness/ls12,LS12,Yorkshire Water,110,7.7,7
Outcode Regional Hub,https://waterhardness.uk/water-hardness/ls13,/water-hardness/ls13,LS13,Yorkshire Water,110,7.7,5
Outcode Regional Hub,https://waterhardness.uk/water-hardness/ls14,/water-hardness/ls14,LS14,Yorkshire Water,110,7.7,6
Outcode Regional Hub,https://waterhardness.uk/water-hardness/ls15,/water-hardness/ls15,LS15,Yorkshire Water,110,7.7,6
Outcode Regional Hub,https://waterhardness.uk/water-hardness/ls16,/water-hardness/ls16,LS16,Yorkshire Water,110,7.7,6
Outcode Regional Hub,https://waterhardness.uk/water-hardness/ls17,/water-hardness/ls17,LS17,Yorkshire Water,110,7.7,7
Outcode Regional Hub,https://waterhardness.uk/water-hardness/ls18,/water-hardness/ls18,LS18,Yorkshire Water,110,7.7,2
Outcode Regional Hub,https://waterhardness.uk/water-hardness/ls19,/water-hardness/ls19,LS19,Yorkshire Water,110,7.7,3
Outcode Regional Hub,https://waterhardness.uk/water-hardness/ls2,/water-hardness/ls2,LS2,Yorkshire Water,110,7.7,4
Outcode Regional Hub,https://waterhardness.uk/water-hardness/ls20,/water-hardness/ls20,LS20,Yorkshire Water,110,7.7,2
Outcode Regional Hub,https://waterhardness.uk/water-hardness/ls21,/water-hardness/ls21,LS21,Yorkshire Water,110,7.7,4
Outcode Regional Hub,https://waterhardness.uk/water-hardness/ls22,/water-hardness/ls22,LS22,Yorkshire Water,110,7.7,5
Outcode Regional Hub,https://waterhardness.uk/water-hardness/ls23,/water-hardness/ls23,LS23,Yorkshire Water,110,7.7,2
Outcode Regional Hub,https://waterhardness.uk/water-hardness/ls24,/water-hardness/ls24,LS24,Yorkshire Water,110,7.7,3
Outcode Regional Hub,https://waterhardness.uk/water-hardness/ls25,/water-hardness/ls25,LS25,Yorkshire Water,110,7.7,8
Outcode Regional Hub,https://waterhardness.uk/water-hardness/ls26,/water-hardness/ls26,LS26,Yorkshire Water,110,7.7,4
Outcode Regional Hub,https://waterhardness.uk/water-hardness/ls27,/water-hardness/ls27,LS27,Yorkshire Water,110,7.7,5
Outcode Regional Hub,https://waterhardness.uk/water-hardness/ls28,/water-hardness/ls28,LS28,Yorkshire Water,110,7.7,6
Outcode Regional Hub,https://waterhardness.uk/water-hardness/ls29,/water-hardness/ls29,LS29,Yorkshire Water,110,7.7,6
Outcode Regional Hub,https://waterhardness.uk/water-hardness/ls3,/water-hardness/ls3,LS3,Yorkshire Water,110,7.7,1
Outcode Regional Hub,https://waterhardness.uk/water-hardness/ls4,/water-hardness/ls4,LS4,Yorkshire Water,110,7.7,1
Outcode Regional Hub,https://waterhardness.uk/water-hardness/ls5,/water-hardness/ls5,LS5,Yorkshire Water,110,7.7,2
Outcode Regional Hub,https://waterhardness.uk/water-hardness/ls6,/water-hardness/ls6,LS6,Yorkshire Water,110,7.7,5
Outcode Regional Hub,https://waterhardness.uk/water-hardness/ls7,/water-hardness/ls7,LS7,Yorkshire Water,110,7.7,5
Outcode Regional Hub,https://waterhardness.uk/water-hardness/ls78,/water-hardness/ls78,LS78,Northumbrian Water,130,9.1,1
Outcode Regional Hub,https://waterhardness.uk/water-hardness/ls8,/water-hardness/ls8,LS8,Yorkshire Water,110,7.7,6
Outcode Regional Hub,https://waterhardness.uk/water-hardness/ls88,/water-hardness/ls88,LS88,Yorkshire Water,110,7.7,1
Outcode Regional Hub,https://waterhardness.uk/water-hardness/ls9,/water-hardness/ls9,LS9,Yorkshire Water,110,7.7,6
Outcode Regional Hub,https://waterhardness.uk/water-hardness/ls98,/water-hardness/ls98,LS98,Yorkshire Water,110,7.7,1
Outcode Regional Hub,https://waterhardness.uk/water-hardness/ls99,/water-hardness/ls99,LS99,Yorkshire Water,110,7.7,2
Outcode Regional Hub,https://waterhardness.uk/water-hardness/lu1,/water-hardness/lu1,LU1,Affinity Water,290,20.3,6
Outcode Regional Hub,https://waterhardness.uk/water-hardness/lu2,/water-hardness/lu2,LU2,Affinity Water,290,20.3,4
Outcode Regional Hub,https://waterhardness.uk/water-hardness/lu3,/water-hardness/lu3,LU3,Affinity Water,290,20.3,5
Outcode Regional Hub,https://waterhardness.uk/water-hardness/lu4,/water-hardness/lu4,LU4,Affinity Water,290,20.3,3
Outcode Regional Hub,https://waterhardness.uk/water-hardness/lu5,/water-hardness/lu5,LU5,Affinity Water,290,20.3,3
Outcode Regional Hub,https://waterhardness.uk/water-hardness/lu5,/water-hardness/lu5,LU5,Anglian Water,310,21.7,1
Outcode Regional Hub,https://waterhardness.uk/water-hardness/lu6,/water-hardness/lu6,LU6,Affinity Water,290,20.3,4
Outcode Regional Hub,https://waterhardness.uk/water-hardness/lu7,/water-hardness/lu7,LU7,Anglian Water,310,21.7,7
Outcode Regional Hub,https://waterhardness.uk/water-hardness/m1,/water-hardness/m1,M1,United Utilities,45,3.2,7
Outcode Regional Hub,https://waterhardness.uk/water-hardness/m11,/water-hardness/m11,M11,United Utilities,45,3.2,4
Outcode Regional Hub,https://waterhardness.uk/water-hardness/m12,/water-hardness/m12,M12,United Utilities,45,3.2,4
Outcode Regional Hub,https://waterhardness.uk/water-hardness/m13,/water-hardness/m13,M13,United Utilities,45,3.2,2
Outcode Regional Hub,https://waterhardness.uk/water-hardness/m14,/water-hardness/m14,M14,United Utilities,45,3.2,5
Outcode Regional Hub,https://waterhardness.uk/water-hardness/m15,/water-hardness/m15,M15,United Utilities,45,3.2,3
Outcode Regional Hub,https://waterhardness.uk/water-hardness/m16,/water-hardness/m16,M16,United Utilities,45,3.2,5
Outcode Regional Hub,https://waterhardness.uk/water-hardness/m17,/water-hardness/m17,M17,United Utilities,45,3.2,2
Outcode Regional Hub,https://waterhardness.uk/water-hardness/m18,/water-hardness/m18,M18,United Utilities,45,3.2,2
Outcode Regional Hub,https://waterhardness.uk/water-hardness/m19,/water-hardness/m19,M19,United Utilities,45,3.2,3
Outcode Regional Hub,https://waterhardness.uk/water-hardness/m2,/water-hardness/m2,M2,United Utilities,45,3.2,7
Outcode Regional Hub,https://waterhardness.uk/water-hardness/m20,/water-hardness/m20,M20,United Utilities,45,3.2,6
Outcode Regional Hub,https://waterhardness.uk/water-hardness/m21,/water-hardness/m21,M21,United Utilities,45,3.2,5
Outcode Regional Hub,https://waterhardness.uk/water-hardness/m22,/water-hardness/m22,M22,United Utilities,45,3.2,7
Outcode Regional Hub,https://waterhardness.uk/water-hardness/m23,/water-hardness/m23,M23,United Utilities,45,3.2,4
Outcode Regional Hub,https://waterhardness.uk/water-hardness/m24,/water-hardness/m24,M24,United Utilities,45,3.2,6
Outcode Regional Hub,https://waterhardness.uk/water-hardness/m25,/water-hardness/m25,M25,United Utilities,45,3.2,5
Outcode Regional Hub,https://waterhardness.uk/water-hardness/m26,/water-hardness/m26,M26,United Utilities,45,3.2,5
Outcode Regional Hub,https://waterhardness.uk/water-hardness/m27,/water-hardness/m27,M27,United Utilities,45,3.2,6
Outcode Regional Hub,https://waterhardness.uk/water-hardness/m28,/water-hardness/m28,M28,United Utilities,45,3.2,6
Outcode Regional Hub,https://waterhardness.uk/water-hardness/m29,/water-hardness/m29,M29,United Utilities,45,3.2,3
Outcode Regional Hub,https://waterhardness.uk/water-hardness/m3,/water-hardness/m3,M3,United Utilities,45,3.2,7
Outcode Regional Hub,https://waterhardness.uk/water-hardness/m30,/water-hardness/m30,M30,United Utilities,45,3.2,5
Outcode Regional Hub,https://waterhardness.uk/water-hardness/m31,/water-hardness/m31,M31,United Utilities,45,3.2,1
Outcode Regional Hub,https://waterhardness.uk/water-hardness/m32,/water-hardness/m32,M32,United Utilities,45,3.2,4
Outcode Regional Hub,https://waterhardness.uk/water-hardness/m33,/water-hardness/m33,M33,United Utilities,45,3.2,7
Outcode Regional Hub,https://waterhardness.uk/water-hardness/m34,/water-hardness/m34,M34,United Utilities,45,3.2,6
Outcode Regional Hub,https://waterhardness.uk/water-hardness/m35,/water-hardness/m35,M35,Northumbrian Water,130,9.1,1
Outcode Regional Hub,https://waterhardness.uk/water-hardness/m35,/water-hardness/m35,M35,United Utilities,45,3.2,2
Outcode Regional Hub,https://waterhardness.uk/water-hardness/m38,/water-hardness/m38,M38,United Utilities,45,3.2,2
Outcode Regional Hub,https://waterhardness.uk/water-hardness/m4,/water-hardness/m4,M4,United Utilities,45,3.2,7
Outcode Regional Hub,https://waterhardness.uk/water-hardness/m40,/water-hardness/m40,M40,United Utilities,45,3.2,9
Outcode Regional Hub,https://waterhardness.uk/water-hardness/m41,/water-hardness/m41,M41,United Utilities,45,3.2,7
Outcode Regional Hub,https://waterhardness.uk/water-hardness/m43,/water-hardness/m43,M43,United Utilities,45,3.2,3
Outcode Regional Hub,https://waterhardness.uk/water-hardness/m44,/water-hardness/m44,M44,United Utilities,45,3.2,3
Outcode Regional Hub,https://waterhardness.uk/water-hardness/m45,/water-hardness/m45,M45,United Utilities,45,3.2,4
Outcode Regional Hub,https://waterhardness.uk/water-hardness/m46,/water-hardness/m46,M46,United Utilities,45,3.2,3
Outcode Regional Hub,https://waterhardness.uk/water-hardness/m5,/water-hardness/m5,M5,United Utilities,45,3.2,4
Outcode Regional Hub,https://waterhardness.uk/water-hardness/m50,/water-hardness/m50,M50,United Utilities,45,3.2,3
Outcode Regional Hub,https://waterhardness.uk/water-hardness/m6,/water-hardness/m6,M6,United Utilities,45,3.2,4
Outcode Regional Hub,https://waterhardness.uk/water-hardness/m60,/water-hardness/m60,M60,United Utilities,45,3.2,8
Outcode Regional Hub,https://waterhardness.uk/water-hardness/m61,/water-hardness/m61,M61,United Utilities,45,3.2,1
Outcode Regional Hub,https://waterhardness.uk/water-hardness/m7,/water-hardness/m7,M7,United Utilities,45,3.2,4
Outcode Regional Hub,https://waterhardness.uk/water-hardness/m8,/water-hardness/m8,M8,United Utilities,45,3.2,6
Outcode Regional Hub,https://waterhardness.uk/water-hardness/m9,/water-hardness/m9,M9,United Utilities,45,3.2,7
Outcode Regional Hub,https://waterhardness.uk/water-hardness/m90,/water-hardness/m90,M90,United Utilities,45,3.2,5
Outcode Regional Hub,https://waterhardness.uk/water-hardness/m99,/water-hardness/m99,M99,United Utilities,45,3.2,2
Outcode Regional Hub,https://waterhardness.uk/water-hardness/me1,/water-hardness/me1,ME1,Southern Water,280,19.6,4
Outcode Regional Hub,https://waterhardness.uk/water-hardness/me10,/water-hardness/me10,ME10,Southern Water,280,19.6,6
Outcode Regional Hub,https://waterhardness.uk/water-hardness/me11,/water-hardness/me11,ME11,Southern Water,280,19.6,1
Outcode Regional Hub,https://waterhardness.uk/water-hardness/me12,/water-hardness/me12,ME12,Southern Water,280,19.6,6
Outcode Regional Hub,https://waterhardness.uk/water-hardness/me13,/water-hardness/me13,ME13,South East Water,270,18.9,5
Outcode Regional Hub,https://waterhardness.uk/water-hardness/me14,/water-hardness/me14,ME14,South East Water,270,18.9,6
Outcode Regional Hub,https://waterhardness.uk/water-hardness/me15,/water-hardness/me15,ME15,South East Water,270,18.9,5
Outcode Regional Hub,https://waterhardness.uk/water-hardness/me16,/water-hardness/me16,ME16,South East Water,270,18.9,3
Outcode Regional Hub,https://waterhardness.uk/water-hardness/me17,/water-hardness/me17,ME17,South East Water,270,18.9,4
Outcode Regional Hub,https://waterhardness.uk/water-hardness/me18,/water-hardness/me18,ME18,South East Water,270,18.9,2
Outcode Regional Hub,https://waterhardness.uk/water-hardness/me19,/water-hardness/me19,ME19,South East Water,270,18.9,3
Outcode Regional Hub,https://waterhardness.uk/water-hardness/me2,/water-hardness/me2,ME2,South East Water,270,18.9,1
Outcode Regional Hub,https://waterhardness.uk/water-hardness/me2,/water-hardness/me2,ME2,Southern Water,280,19.6,3
Outcode Regional Hub,https://waterhardness.uk/water-hardness/me20,/water-hardness/me20,ME20,South East Water,270,18.9,2
Outcode Regional Hub,https://waterhardness.uk/water-hardness/me3,/water-hardness/me3,ME3,Southern Water,280,19.6,4
Outcode Regional Hub,https://waterhardness.uk/water-hardness/me4,/water-hardness/me4,ME4,Southern Water,280,19.6,5
Outcode Regional Hub,https://waterhardness.uk/water-hardness/me5,/water-hardness/me5,ME5,Southern Water,280,19.6,4
Outcode Regional Hub,https://waterhardness.uk/water-hardness/me6,/water-hardness/me6,ME6,South East Water,270,18.9,2
Outcode Regional Hub,https://waterhardness.uk/water-hardness/me7,/water-hardness/me7,ME7,Southern Water,280,19.6,6
Outcode Regional Hub,https://waterhardness.uk/water-hardness/me8,/water-hardness/me8,ME8,Southern Water,280,19.6,6
Outcode Regional Hub,https://waterhardness.uk/water-hardness/me9,/water-hardness/me9,ME9,South East Water,270,18.9,2
Outcode Regional Hub,https://waterhardness.uk/water-hardness/me9,/water-hardness/me9,ME9,Southern Water,280,19.6,2
Outcode Regional Hub,https://waterhardness.uk/water-hardness/mk1,/water-hardness/mk1,MK1,Anglian Water,310,21.7,2
Outcode Regional Hub,https://waterhardness.uk/water-hardness/mk10,/water-hardness/mk10,MK10,Anglian Water,310,21.7,4
Outcode Regional Hub,https://waterhardness.uk/water-hardness/mk11,/water-hardness/mk11,MK11,Anglian Water,310,21.7,5
Outcode Regional Hub,https://waterhardness.uk/water-hardness/mk12,/water-hardness/mk12,MK12,Anglian Water,310,21.7,2
Outcode Regional Hub,https://waterhardness.uk/water-hardness/mk13,/water-hardness/mk13,MK13,Anglian Water,310,21.7,4
Outcode Regional Hub,https://waterhardness.uk/water-hardness/mk14,/water-hardness/mk14,MK14,Anglian Water,310,21.7,3
Outcode Regional Hub,https://waterhardness.uk/water-hardness/mk15,/water-hardness/mk15,MK15,Anglian Water,310,21.7,3
Outcode Regional Hub,https://waterhardness.uk/water-hardness/mk16,/water-hardness/mk16,MK16,Anglian Water,310,21.7,4
Outcode Regional Hub,https://waterhardness.uk/water-hardness/mk17,/water-hardness/mk17,MK17,Anglian Water,310,21.7,4
Outcode Regional Hub,https://waterhardness.uk/water-hardness/mk18,/water-hardness/mk18,MK18,Anglian Water,310,21.7,9
Outcode Regional Hub,https://waterhardness.uk/water-hardness/mk19,/water-hardness/mk19,MK19,Anglian Water,310,21.7,2
Outcode Regional Hub,https://waterhardness.uk/water-hardness/mk2,/water-hardness/mk2,MK2,Anglian Water,310,21.7,2
Outcode Regional Hub,https://waterhardness.uk/water-hardness/mk20,/water-hardness/mk20,MK20,Anglian Water,310,21.7,1
Outcode Regional Hub,https://waterhardness.uk/water-hardness/mk3,/water-hardness/mk3,MK3,Anglian Water,310,21.7,4
Outcode Regional Hub,https://waterhardness.uk/water-hardness/mk4,/water-hardness/mk4,MK4,Anglian Water,310,21.7,4
Outcode Regional Hub,https://waterhardness.uk/water-hardness/mk40,/water-hardness/mk40,MK40,Anglian Water,310,21.7,5
Outcode Regional Hub,https://waterhardness.uk/water-hardness/mk41,/water-hardness/mk41,MK41,Anglian Water,310,21.7,6
Outcode Regional Hub,https://waterhardness.uk/water-hardness/mk42,/water-hardness/mk42,MK42,Anglian Water,310,21.7,6
Outcode Regional Hub,https://waterhardness.uk/water-hardness/mk43,/water-hardness/mk43,MK43,Anglian Water,310,21.7,7
Outcode Regional Hub,https://waterhardness.uk/water-hardness/mk44,/water-hardness/mk44,MK44,Anglian Water,310,21.7,4
Outcode Regional Hub,https://waterhardness.uk/water-hardness/mk45,/water-hardness/mk45,MK45,Anglian Water,310,21.7,7
Outcode Regional Hub,https://waterhardness.uk/water-hardness/mk46,/water-hardness/mk46,MK46,Anglian Water,310,21.7,2
Outcode Regional Hub,https://waterhardness.uk/water-hardness/mk5,/water-hardness/mk5,MK5,Anglian Water,310,21.7,3
Outcode Regional Hub,https://waterhardness.uk/water-hardness/mk6,/water-hardness/mk6,MK6,Anglian Water,310,21.7,5
Outcode Regional Hub,https://waterhardness.uk/water-hardness/mk7,/water-hardness/mk7,MK7,Anglian Water,310,21.7,3
Outcode Regional Hub,https://waterhardness.uk/water-hardness/mk77,/water-hardness/mk77,MK77,Anglian Water,310,21.7,1
Outcode Regional Hub,https://waterhardness.uk/water-hardness/mk8,/water-hardness/mk8,MK8,Anglian Water,310,21.7,4
Outcode Regional Hub,https://waterhardness.uk/water-hardness/mk9,/water-hardness/mk9,MK9,Anglian Water,310,21.7,4
Outcode Regional Hub,https://waterhardness.uk/water-hardness/ml1,/water-hardness/ml1,ML1,United Utilities,45,3.2,6
Outcode Regional Hub,https://waterhardness.uk/water-hardness/ml10,/water-hardness/ml10,ML10,United Utilities,45,3.2,2
Outcode Regional Hub,https://waterhardness.uk/water-hardness/ml11,/water-hardness/ml11,ML11,United Utilities,45,3.2,5
Outcode Regional Hub,https://waterhardness.uk/water-hardness/ml12,/water-hardness/ml12,ML12,United Utilities,45,3.2,2
Outcode Regional Hub,https://waterhardness.uk/water-hardness/ml2,/water-hardness/ml2,ML2,United Utilities,45,3.2,5
Outcode Regional Hub,https://waterhardness.uk/water-hardness/ml3,/water-hardness/ml3,ML3,United Utilities,45,3.2,6
Outcode Regional Hub,https://waterhardness.uk/water-hardness/ml4,/water-hardness/ml4,ML4,United Utilities,45,3.2,4
Outcode Regional Hub,https://waterhardness.uk/water-hardness/ml5,/water-hardness/ml5,ML5,United Utilities,45,3.2,6
Outcode Regional Hub,https://waterhardness.uk/water-hardness/ml6,/water-hardness/ml6,ML6,United Utilities,45,3.2,6
Outcode Regional Hub,https://waterhardness.uk/water-hardness/ml7,/water-hardness/ml7,ML7,United Utilities,45,3.2,3
Outcode Regional Hub,https://waterhardness.uk/water-hardness/ml8,/water-hardness/ml8,ML8,United Utilities,45,3.2,2
Outcode Regional Hub,https://waterhardness.uk/water-hardness/ml9,/water-hardness/ml9,ML9,United Utilities,45,3.2,4
Outcode Regional Hub,https://waterhardness.uk/water-hardness/n1,/water-hardness/n1,N1,Thames Water,275,19.3,10
Outcode Regional Hub,https://waterhardness.uk/water-hardness/n10,/water-hardness/n10,N10,Affinity Water,290,20.3,1
Outcode Regional Hub,https://waterhardness.uk/water-hardness/n10,/water-hardness/n10,N10,Thames Water,275,19.3,3
Outcode Regional Hub,https://waterhardness.uk/water-hardness/n11,/water-hardness/n11,N11,Affinity Water,290,20.3,2
Outcode Regional Hub,https://waterhardness.uk/water-hardness/n11,/water-hardness/n11,N11,Thames Water,275,19.3,2
Outcode Regional Hub,https://waterhardness.uk/water-hardness/n12,/water-hardness/n12,N12,Affinity Water,290,20.3,5
Outcode Regional Hub,https://waterhardness.uk/water-hardness/n13,/water-hardness/n13,N13,Thames Water,275,19.3,4
Outcode Regional Hub,https://waterhardness.uk/water-hardness/n14,/water-hardness/n14,N14,Affinity Water,290,20.3,1
Outcode Regional Hub,https://waterhardness.uk/water-hardness/n14,/water-hardness/n14,N14,Thames Water,275,19.3,4
Outcode Regional Hub,https://waterhardness.uk/water-hardness/n15,/water-hardness/n15,N15,Thames Water,275,19.3,5
Outcode Regional Hub,https://waterhardness.uk/water-hardness/n16,/water-hardness/n16,N16,Thames Water,275,19.3,7
Outcode Regional Hub,https://waterhardness.uk/water-hardness/n17,/water-hardness/n17,N17,Thames Water,275,19.3,6
Outcode Regional Hub,https://waterhardness.uk/water-hardness/n18,/water-hardness/n18,N18,Thames Water,275,19.3,4
Outcode Regional Hub,https://waterhardness.uk/water-hardness/n19,/water-hardness/n19,N19,Thames Water,275,19.3,4
Outcode Regional Hub,https://waterhardness.uk/water-hardness/n1c,/water-hardness/n1c,N1C,Thames Water,275,19.3,1
Outcode Regional Hub,https://waterhardness.uk/water-hardness/n1p,/water-hardness/n1p,N1P,Northumbrian Water,130,9.1,1
Outcode Regional Hub,https://waterhardness.uk/water-hardness/n1p,/water-hardness/n1p,N1P,Thames Water,275,19.3,2
Outcode Regional Hub,https://waterhardness.uk/water-hardness/n2,/water-hardness/n2,N2,Affinity Water,290,20.3,4
Outcode Regional Hub,https://waterhardness.uk/water-hardness/n20,/water-hardness/n20,N20,Affinity Water,290,20.3,4
Outcode Regional Hub,https://waterhardness.uk/water-hardness/n21,/water-hardness/n21,N21,Thames Water,275,19.3,4
Outcode Regional Hub,https://waterhardness.uk/water-hardness/n22,/water-hardness/n22,N22,Thames Water,275,19.3,5
Outcode Regional Hub,https://waterhardness.uk/water-hardness/n3,/water-hardness/n3,N3,Affinity Water,290,20.3,4
Outcode Regional Hub,https://waterhardness.uk/water-hardness/n4,/water-hardness/n4,N4,Thames Water,275,19.3,5
Outcode Regional Hub,https://waterhardness.uk/water-hardness/n5,/water-hardness/n5,N5,Thames Water,275,19.3,3
Outcode Regional Hub,https://waterhardness.uk/water-hardness/n6,/water-hardness/n6,N6,Thames Water,275,19.3,4
Outcode Regional Hub,https://waterhardness.uk/water-hardness/n7,/water-hardness/n7,N7,Thames Water,275,19.3,6
Outcode Regional Hub,https://waterhardness.uk/water-hardness/n8,/water-hardness/n8,N8,Thames Water,275,19.3,5
Outcode Regional Hub,https://waterhardness.uk/water-hardness/n81,/water-hardness/n81,N81,Thames Water,275,19.3,1
Outcode Regional Hub,https://waterhardness.uk/water-hardness/n9,/water-hardness/n9,N9,Thames Water,275,19.3,5
Outcode Regional Hub,https://waterhardness.uk/water-hardness/ne1,/water-hardness/ne1,NE1,Northumbrian Water,130,9.1,8
Outcode Regional Hub,https://waterhardness.uk/water-hardness/ne10,/water-hardness/ne10,NE10,Northumbrian Water,130,9.1,3
Outcode Regional Hub,https://waterhardness.uk/water-hardness/ne11,/water-hardness/ne11,NE11,Northumbrian Water,130,9.1,2
Outcode Regional Hub,https://waterhardness.uk/water-hardness/ne12,/water-hardness/ne12,NE12,Northumbrian Water,130,9.1,6
Outcode Regional Hub,https://waterhardness.uk/water-hardness/ne13,/water-hardness/ne13,NE13,Northumbrian Water,130,9.1,4
Outcode Regional Hub,https://waterhardness.uk/water-hardness/ne15,/water-hardness/ne15,NE15,Northumbrian Water,130,9.1,5
Outcode Regional Hub,https://waterhardness.uk/water-hardness/ne16,/water-hardness/ne16,NE16,Northumbrian Water,130,9.1,5
Outcode Regional Hub,https://waterhardness.uk/water-hardness/ne17,/water-hardness/ne17,NE17,Northumbrian Water,130,9.1,2
Outcode Regional Hub,https://waterhardness.uk/water-hardness/ne18,/water-hardness/ne18,NE18,Northumbrian Water,130,9.1,1
Outcode Regional Hub,https://waterhardness.uk/water-hardness/ne19,/water-hardness/ne19,NE19,Northumbrian Water,130,9.1,2
Outcode Regional Hub,https://waterhardness.uk/water-hardness/ne2,/water-hardness/ne2,NE2,Northumbrian Water,130,9.1,4
Outcode Regional Hub,https://waterhardness.uk/water-hardness/ne20,/water-hardness/ne20,NE20,Northumbrian Water,130,9.1,3
Outcode Regional Hub,https://waterhardness.uk/water-hardness/ne21,/water-hardness/ne21,NE21,Northumbrian Water,130,9.1,3
Outcode Regional Hub,https://waterhardness.uk/water-hardness/ne22,/water-hardness/ne22,NE22,Northumbrian Water,130,9.1,3
Outcode Regional Hub,https://waterhardness.uk/water-hardness/ne23,/water-hardness/ne23,NE23,Northumbrian Water,130,9.1,7
Outcode Regional Hub,https://waterhardness.uk/water-hardness/ne24,/water-hardness/ne24,NE24,Northumbrian Water,130,9.1,6
Outcode Regional Hub,https://waterhardness.uk/water-hardness/ne25,/water-hardness/ne25,NE25,Northumbrian Water,130,9.1,3
Outcode Regional Hub,https://waterhardness.uk/water-hardness/ne26,/water-hardness/ne26,NE26,Northumbrian Water,130,9.1,5
Outcode Regional Hub,https://waterhardness.uk/water-hardness/ne27,/water-hardness/ne27,NE27,Northumbrian Water,130,9.1,2
Outcode Regional Hub,https://waterhardness.uk/water-hardness/ne28,/water-hardness/ne28,NE28,Northumbrian Water,130,9.1,6
Outcode Regional Hub,https://waterhardness.uk/water-hardness/ne29,/water-hardness/ne29,NE29,Northumbrian Water,130,9.1,6
Outcode Regional Hub,https://waterhardness.uk/water-hardness/ne3,/water-hardness/ne3,NE3,Northumbrian Water,130,9.1,6
Outcode Regional Hub,https://waterhardness.uk/water-hardness/ne30,/water-hardness/ne30,NE30,Northumbrian Water,130,9.1,4
Outcode Regional Hub,https://waterhardness.uk/water-hardness/ne31,/water-hardness/ne31,NE31,Northumbrian Water,130,9.1,3
Outcode Regional Hub,https://waterhardness.uk/water-hardness/ne32,/water-hardness/ne32,NE32,Northumbrian Water,130,9.1,4
Outcode Regional Hub,https://waterhardness.uk/water-hardness/ne33,/water-hardness/ne33,NE33,Northumbrian Water,130,9.1,6
Outcode Regional Hub,https://waterhardness.uk/water-hardness/ne34,/water-hardness/ne34,NE34,Northumbrian Water,130,9.1,5
Outcode Regional Hub,https://waterhardness.uk/water-hardness/ne35,/water-hardness/ne35,NE35,Northumbrian Water,130,9.1,2
Outcode Regional Hub,https://waterhardness.uk/water-hardness/ne36,/water-hardness/ne36,NE36,Northumbrian Water,130,9.1,1
Outcode Regional Hub,https://waterhardness.uk/water-hardness/ne37,/water-hardness/ne37,NE37,Northumbrian Water,130,9.1,4
Outcode Regional Hub,https://waterhardness.uk/water-hardness/ne38,/water-hardness/ne38,NE38,Northumbrian Water,130,9.1,4
Outcode Regional Hub,https://waterhardness.uk/water-hardness/ne39,/water-hardness/ne39,NE39,Northumbrian Water,130,9.1,3
Outcode Regional Hub,https://waterhardness.uk/water-hardness/ne4,/water-hardness/ne4,NE4,Northumbrian Water,130,9.1,5
Outcode Regional Hub,https://waterhardness.uk/water-hardness/ne40,/water-hardness/ne40,NE40,Northumbrian Water,130,9.1,3
Outcode Regional Hub,https://waterhardness.uk/water-hardness/ne41,/water-hardness/ne41,NE41,Northumbrian Water,130,9.1,1
Outcode Regional Hub,https://waterhardness.uk/water-hardness/ne42,/water-hardness/ne42,NE42,Northumbrian Water,130,9.1,3
Outcode Regional Hub,https://waterhardness.uk/water-hardness/ne43,/water-hardness/ne43,NE43,Northumbrian Water,130,9.1,1
Outcode Regional Hub,https://waterhardness.uk/water-hardness/ne44,/water-hardness/ne44,NE44,Northumbrian Water,130,9.1,1
Outcode Regional Hub,https://waterhardness.uk/water-hardness/ne45,/water-hardness/ne45,NE45,Northumbrian Water,130,9.1,1
Outcode Regional Hub,https://waterhardness.uk/water-hardness/ne46,/water-hardness/ne46,NE46,Northumbrian Water,130,9.1,5
Outcode Regional Hub,https://waterhardness.uk/water-hardness/ne47,/water-hardness/ne47,NE47,Northumbrian Water,130,9.1,6
Outcode Regional Hub,https://waterhardness.uk/water-hardness/ne48,/water-hardness/ne48,NE48,Northumbrian Water,130,9.1,4
Outcode Regional Hub,https://waterhardness.uk/water-hardness/ne49,/water-hardness/ne49,NE49,Northumbrian Water,130,9.1,2
Outcode Regional Hub,https://waterhardness.uk/water-hardness/ne5,/water-hardness/ne5,NE5,Northumbrian Water,130,9.1,6
Outcode Regional Hub,https://waterhardness.uk/water-hardness/ne6,/water-hardness/ne6,NE6,Northumbrian Water,130,9.1,6
Outcode Regional Hub,https://waterhardness.uk/water-hardness/ne61,/water-hardness/ne61,NE61,Northumbrian Water,130,9.1,7
Outcode Regional Hub,https://waterhardness.uk/water-hardness/ne62,/water-hardness/ne62,NE62,Northumbrian Water,130,9.1,1
Outcode Regional Hub,https://waterhardness.uk/water-hardness/ne63,/water-hardness/ne63,NE63,Northumbrian Water,130,9.1,4
Outcode Regional Hub,https://waterhardness.uk/water-hardness/ne64,/water-hardness/ne64,NE64,Northumbrian Water,130,9.1,1
Outcode Regional Hub,https://waterhardness.uk/water-hardness/ne65,/water-hardness/ne65,NE65,Northumbrian Water,130,9.1,4
Outcode Regional Hub,https://waterhardness.uk/water-hardness/ne66,/water-hardness/ne66,NE66,Northumbrian Water,130,9.1,6
Outcode Regional Hub,https://waterhardness.uk/water-hardness/ne67,/water-hardness/ne67,NE67,Northumbrian Water,130,9.1,1
Outcode Regional Hub,https://waterhardness.uk/water-hardness/ne68,/water-hardness/ne68,NE68,Northumbrian Water,130,9.1,1
Outcode Regional Hub,https://waterhardness.uk/water-hardness/ne69,/water-hardness/ne69,NE69,Northumbrian Water,130,9.1,1
Outcode Regional Hub,https://waterhardness.uk/water-hardness/ne7,/water-hardness/ne7,NE7,Northumbrian Water,130,9.1,1
Outcode Regional Hub,https://waterhardness.uk/water-hardness/ne70,/water-hardness/ne70,NE70,Northumbrian Water,130,9.1,1
Outcode Regional Hub,https://waterhardness.uk/water-hardness/ne71,/water-hardness/ne71,NE71,Northumbrian Water,130,9.1,1
Outcode Regional Hub,https://waterhardness.uk/water-hardness/ne8,/water-hardness/ne8,NE8,Northumbrian Water,130,9.1,5
Outcode Regional Hub,https://waterhardness.uk/water-hardness/ne85,/water-hardness/ne85,NE85,Northumbrian Water,130,9.1,2
Outcode Regional Hub,https://waterhardness.uk/water-hardness/ne88,/water-hardness/ne88,NE88,Northumbrian Water,130,9.1,1
Outcode Regional Hub,https://waterhardness.uk/water-hardness/ne9,/water-hardness/ne9,NE9,Northumbrian Water,130,9.1,4
Outcode Regional Hub,https://waterhardness.uk/water-hardness/ne92,/water-hardness/ne92,NE92,Northumbrian Water,130,9.1,1
Outcode Regional Hub,https://waterhardness.uk/water-hardness/ne98,/water-hardness/ne98,NE98,Northumbrian Water,130,9.1,1
Outcode Regional Hub,https://waterhardness.uk/water-hardness/ne99,/water-hardness/ne99,NE99,Northumbrian Water,130,9.1,4
Outcode Regional Hub,https://waterhardness.uk/water-hardness/ng1,/water-hardness/ng1,NG1,Severn Trent Water,160,11.2,8
Outcode Regional Hub,https://waterhardness.uk/water-hardness/ng10,/water-hardness/ng10,NG10,Severn Trent Water,160,11.2,6
Outcode Regional Hub,https://waterhardness.uk/water-hardness/ng11,/water-hardness/ng11,NG11,Severn Trent Water,160,11.2,7
Outcode Regional Hub,https://waterhardness.uk/water-hardness/ng12,/water-hardness/ng12,NG12,Severn Trent Water,160,11.2,5
Outcode Regional Hub,https://waterhardness.uk/water-hardness/ng13,/water-hardness/ng13,NG13,Severn Trent Water,160,11.2,4
Outcode Regional Hub,https://waterhardness.uk/water-hardness/ng14,/water-hardness/ng14,NG14,Severn Trent Water,160,11.2,3
Outcode Regional Hub,https://waterhardness.uk/water-hardness/ng15,/water-hardness/ng15,NG15,Severn Trent Water,160,11.2,6
Outcode Regional Hub,https://waterhardness.uk/water-hardness/ng16,/water-hardness/ng16,NG16,Severn Trent Water,160,11.2,7
Outcode Regional Hub,https://waterhardness.uk/water-hardness/ng17,/water-hardness/ng17,NG17,Severn Trent Water,160,11.2,10
Outcode Regional Hub,https://waterhardness.uk/water-hardness/ng18,/water-hardness/ng18,NG18,Severn Trent Water,160,11.2,7
Outcode Regional Hub,https://waterhardness.uk/water-hardness/ng19,/water-hardness/ng19,NG19,Severn Trent Water,160,11.2,5
Outcode Regional Hub,https://waterhardness.uk/water-hardness/ng2,/water-hardness/ng2,NG2,Severn Trent Water,160,11.2,8
Outcode Regional Hub,https://waterhardness.uk/water-hardness/ng20,/water-hardness/ng20,NG20,Severn Trent Water,160,11.2,3
Outcode Regional Hub,https://waterhardness.uk/water-hardness/ng21,/water-hardness/ng21,NG21,Severn Trent Water,160,11.2,2
Outcode Regional Hub,https://waterhardness.uk/water-hardness/ng22,/water-hardness/ng22,NG22,Anglian Water,310,21.7,1
Outcode Regional Hub,https://waterhardness.uk/water-hardness/ng22,/water-hardness/ng22,NG22,Severn Trent Water,160,11.2,2
Outcode Regional Hub,https://waterhardness.uk/water-hardness/ng23,/water-hardness/ng23,NG23,Anglian Water,310,21.7,1
Outcode Regional Hub,https://waterhardness.uk/water-hardness/ng23,/water-hardness/ng23,NG23,Severn Trent Water,160,11.2,2
Outcode Regional Hub,https://waterhardness.uk/water-hardness/ng24,/water-hardness/ng24,NG24,Severn Trent Water,160,11.2,7
Outcode Regional Hub,https://waterhardness.uk/water-hardness/ng25,/water-hardness/ng25,NG25,Severn Trent Water,160,11.2,1
Outcode Regional Hub,https://waterhardness.uk/water-hardness/ng3,/water-hardness/ng3,NG3,Severn Trent Water,160,11.2,7
Outcode Regional Hub,https://waterhardness.uk/water-hardness/ng31,/water-hardness/ng31,NG31,Anglian Water,310,21.7,5
Outcode Regional Hub,https://waterhardness.uk/water-hardness/ng32,/water-hardness/ng32,NG32,Anglian Water,310,21.7,3
Outcode Regional Hub,https://waterhardness.uk/water-hardness/ng33,/water-hardness/ng33,NG33,Anglian Water,310,21.7,2
Outcode Regional Hub,https://waterhardness.uk/water-hardness/ng34,/water-hardness/ng34,NG34,Anglian Water,310,21.7,6
Outcode Regional Hub,https://waterhardness.uk/water-hardness/ng4,/water-hardness/ng4,NG4,Severn Trent Water,160,11.2,5
Outcode Regional Hub,https://waterhardness.uk/water-hardness/ng5,/water-hardness/ng5,NG5,Severn Trent Water,160,11.2,10
Outcode Regional Hub,https://waterhardness.uk/water-hardness/ng6,/water-hardness/ng6,NG6,Severn Trent Water,160,11.2,5
Outcode Regional Hub,https://waterhardness.uk/water-hardness/ng7,/water-hardness/ng7,NG7,Severn Trent Water,160,11.2,7
Outcode Regional Hub,https://waterhardness.uk/water-hardness/ng8,/water-hardness/ng8,NG8,Severn Trent Water,160,11.2,7
Outcode Regional Hub,https://waterhardness.uk/water-hardness/ng80,/water-hardness/ng80,NG80,Severn Trent Water,160,11.2,3
Outcode Regional Hub,https://waterhardness.uk/water-hardness/ng9,/water-hardness/ng9,NG9,Severn Trent Water,160,11.2,9
Outcode Regional Hub,https://waterhardness.uk/water-hardness/ng90,/water-hardness/ng90,NG90,Severn Trent Water,160,11.2,6
Outcode Regional Hub,https://waterhardness.uk/water-hardness/nn1,/water-hardness/nn1,NN1,Anglian Water,310,21.7,6
Outcode Regional Hub,https://waterhardness.uk/water-hardness/nn10,/water-hardness/nn10,NN10,Anglian Water,310,21.7,5
Outcode Regional Hub,https://waterhardness.uk/water-hardness/nn11,/water-hardness/nn11,NN11,Anglian Water,310,21.7,9
Outcode Regional Hub,https://waterhardness.uk/water-hardness/nn12,/water-hardness/nn12,NN12,Anglian Water,310,21.7,4
Outcode Regional Hub,https://waterhardness.uk/water-hardness/nn13,/water-hardness/nn13,NN13,Anglian Water,310,21.7,4
Outcode Regional Hub,https://waterhardness.uk/water-hardness/nn14,/water-hardness/nn14,NN14,Anglian Water,310,21.7,5
Outcode Regional Hub,https://waterhardness.uk/water-hardness/nn15,/water-hardness/nn15,NN15,Anglian Water,310,21.7,4
Outcode Regional Hub,https://waterhardness.uk/water-hardness/nn16,/water-hardness/nn16,NN16,Anglian Water,310,21.7,4
Outcode Regional Hub,https://waterhardness.uk/water-hardness/nn17,/water-hardness/nn17,NN17,Anglian Water,310,21.7,6
Outcode Regional Hub,https://waterhardness.uk/water-hardness/nn18,/water-hardness/nn18,NN18,Anglian Water,310,21.7,3
Outcode Regional Hub,https://waterhardness.uk/water-hardness/nn2,/water-hardness/nn2,NN2,Anglian Water,310,21.7,4
Outcode Regional Hub,https://waterhardness.uk/water-hardness/nn29,/water-hardness/nn29,NN29,Anglian Water,310,21.7,1
Outcode Regional Hub,https://waterhardness.uk/water-hardness/nn3,/water-hardness/nn3,NN3,Anglian Water,310,21.7,8
Outcode Regional Hub,https://waterhardness.uk/water-hardness/nn4,/water-hardness/nn4,NN4,Anglian Water,310,21.7,8
Outcode Regional Hub,https://waterhardness.uk/water-hardness/nn5,/water-hardness/nn5,NN5,Anglian Water,310,21.7,5
Outcode Regional Hub,https://waterhardness.uk/water-hardness/nn6,/water-hardness/nn6,NN6,Anglian Water,310,21.7,5
Outcode Regional Hub,https://waterhardness.uk/water-hardness/nn7,/water-hardness/nn7,NN7,Anglian Water,310,21.7,5
Outcode Regional Hub,https://waterhardness.uk/water-hardness/nn8,/water-hardness/nn8,NN8,Anglian Water,310,21.7,7
Outcode Regional Hub,https://waterhardness.uk/water-hardness/nn9,/water-hardness/nn9,NN9,Anglian Water,310,21.7,2
Outcode Regional Hub,https://waterhardness.uk/water-hardness/np10,/water-hardness/np10,NP10,Dŵr Cymru Welsh Water,45,3.2,3
Outcode Regional Hub,https://waterhardness.uk/water-hardness/np11,/water-hardness/np11,NP11,Dŵr Cymru Welsh Water,45,3.2,6
Outcode Regional Hub,https://waterhardness.uk/water-hardness/np12,/water-hardness/np12,NP12,Dŵr Cymru Welsh Water,45,3.2,6
Outcode Regional Hub,https://waterhardness.uk/water-hardness/np13,/water-hardness/np13,NP13,Dŵr Cymru Welsh Water,45,3.2,4
Outcode Regional Hub,https://waterhardness.uk/water-hardness/np15,/water-hardness/np15,NP15,Dŵr Cymru Welsh Water,45,3.2,3
Outcode Regional Hub,https://waterhardness.uk/water-hardness/np16,/water-hardness/np16,NP16,Dŵr Cymru Welsh Water,45,3.2,4
Outcode Regional Hub,https://waterhardness.uk/water-hardness/np18,/water-hardness/np18,NP18,Dŵr Cymru Welsh Water,45,3.2,3
Outcode Regional Hub,https://waterhardness.uk/water-hardness/np19,/water-hardness/np19,NP19,Dŵr Cymru Welsh Water,45,3.2,6
Outcode Regional Hub,https://waterhardness.uk/water-hardness/np20,/water-hardness/np20,NP20,Dŵr Cymru Welsh Water,45,3.2,8
Outcode Regional Hub,https://waterhardness.uk/water-hardness/np22,/water-hardness/np22,NP22,Dŵr Cymru Welsh Water,45,3.2,4
Outcode Regional Hub,https://waterhardness.uk/water-hardness/np23,/water-hardness/np23,NP23,Dŵr Cymru Welsh Water,45,3.2,6
Outcode Regional Hub,https://waterhardness.uk/water-hardness/np24,/water-hardness/np24,NP24,Dŵr Cymru Welsh Water,45,3.2,1
Outcode Regional Hub,https://waterhardness.uk/water-hardness/np25,/water-hardness/np25,NP25,Dŵr Cymru Welsh Water,45,3.2,3
Outcode Regional Hub,https://waterhardness.uk/water-hardness/np25,/water-hardness/np25,NP25,Severn Trent Water,160,11.2,1
Outcode Regional Hub,https://waterhardness.uk/water-hardness/np26,/water-hardness/np26,NP26,Dŵr Cymru Welsh Water,45,3.2,4
Outcode Regional Hub,https://waterhardness.uk/water-hardness/np4,/water-hardness/np4,NP4,Dŵr Cymru Welsh Water,45,3.2,7
Outcode Regional Hub,https://waterhardness.uk/water-hardness/np44,/water-hardness/np44,NP44,Dŵr Cymru Welsh Water,45,3.2,9
Outcode Regional Hub,https://waterhardness.uk/water-hardness/np7,/water-hardness/np7,NP7,Dŵr Cymru Welsh Water,45,3.2,7
Outcode Regional Hub,https://waterhardness.uk/water-hardness/np8,/water-hardness/np8,NP8,Dŵr Cymru Welsh Water,45,3.2,1
Outcode Regional Hub,https://waterhardness.uk/water-hardness/nr1,/water-hardness/nr1,NR1,Anglian Water,310,21.7,4
Outcode Regional Hub,https://waterhardness.uk/water-hardness/nr10,/water-hardness/nr10,NR10,Anglian Water,310,21.7,3
Outcode Regional Hub,https://waterhardness.uk/water-hardness/nr11,/water-hardness/nr11,NR11,Anglian Water,310,21.7,3
Outcode Regional Hub,https://waterhardness.uk/water-hardness/nr12,/water-hardness/nr12,NR12,Anglian Water,310,21.7,4
Outcode Regional Hub,https://waterhardness.uk/water-hardness/nr13,/water-hardness/nr13,NR13,Anglian Water,310,21.7,4
Outcode Regional Hub,https://waterhardness.uk/water-hardness/nr14,/water-hardness/nr14,NR14,Anglian Water,310,21.7,3
Outcode Regional Hub,https://waterhardness.uk/water-hardness/nr15,/water-hardness/nr15,NR15,Anglian Water,310,21.7,2
Outcode Regional Hub,https://waterhardness.uk/water-hardness/nr16,/water-hardness/nr16,NR16,Anglian Water,310,21.7,2
Outcode Regional Hub,https://waterhardness.uk/water-hardness/nr17,/water-hardness/nr17,NR17,Anglian Water,310,21.7,2
Outcode Regional Hub,https://waterhardness.uk/water-hardness/nr18,/water-hardness/nr18,NR18,Anglian Water,310,21.7,3
Outcode Regional Hub,https://waterhardness.uk/water-hardness/nr19,/water-hardness/nr19,NR19,Anglian Water,310,21.7,3
Outcode Regional Hub,https://waterhardness.uk/water-hardness/nr2,/water-hardness/nr2,NR2,Anglian Water,310,21.7,4
Outcode Regional Hub,https://waterhardness.uk/water-hardness/nr20,/water-hardness/nr20,NR20,Anglian Water,310,21.7,3
Outcode Regional Hub,https://waterhardness.uk/water-hardness/nr21,/water-hardness/nr21,NR21,Anglian Water,310,21.7,5
Outcode Regional Hub,https://waterhardness.uk/water-hardness/nr22,/water-hardness/nr22,NR22,Anglian Water,310,21.7,1
Outcode Regional Hub,https://waterhardness.uk/water-hardness/nr23,/water-hardness/nr23,NR23,Anglian Water,310,21.7,1
Outcode Regional Hub,https://waterhardness.uk/water-hardness/nr24,/water-hardness/nr24,NR24,Anglian Water,310,21.7,1
Outcode Regional Hub,https://waterhardness.uk/water-hardness/nr25,/water-hardness/nr25,NR25,Anglian Water,310,21.7,3
Outcode Regional Hub,https://waterhardness.uk/water-hardness/nr26,/water-hardness/nr26,NR26,Anglian Water,310,21.7,2
Outcode Regional Hub,https://waterhardness.uk/water-hardness/nr27,/water-hardness/nr27,NR27,Anglian Water,310,21.7,3
Outcode Regional Hub,https://waterhardness.uk/water-hardness/nr28,/water-hardness/nr28,NR28,Anglian Water,310,21.7,3
Outcode Regional Hub,https://waterhardness.uk/water-hardness/nr29,/water-hardness/nr29,NR29,Anglian Water,310,21.7,1
Outcode Regional Hub,https://waterhardness.uk/water-hardness/nr29,/water-hardness/nr29,NR29,Essex and Suffolk Water,320,22.4,2
Outcode Regional Hub,https://waterhardness.uk/water-hardness/nr3,/water-hardness/nr3,NR3,Anglian Water,310,21.7,4
Outcode Regional Hub,https://waterhardness.uk/water-hardness/nr30,/water-hardness/nr30,NR30,Essex and Suffolk Water,320,22.4,6
Outcode Regional Hub,https://waterhardness.uk/water-hardness/nr31,/water-hardness/nr31,NR31,Essex and Suffolk Water,320,22.4,5
Outcode Regional Hub,https://waterhardness.uk/water-hardness/nr32,/water-hardness/nr32,NR32,Essex and Suffolk Water,320,22.4,6
Outcode Regional Hub,https://waterhardness.uk/water-hardness/nr33,/water-hardness/nr33,NR33,Essex and Suffolk Water,320,22.4,4
Outcode Regional Hub,https://waterhardness.uk/water-hardness/nr34,/water-hardness/nr34,NR34,Anglian Water,310,21.7,1
Outcode Regional Hub,https://waterhardness.uk/water-hardness/nr34,/water-hardness/nr34,NR34,Essex and Suffolk Water,320,22.4,4
Outcode Regional Hub,https://waterhardness.uk/water-hardness/nr35,/water-hardness/nr35,NR35,Anglian Water,310,21.7,1
Outcode Regional Hub,https://waterhardness.uk/water-hardness/nr35,/water-hardness/nr35,NR35,Essex and Suffolk Water,320,22.4,2
Outcode Regional Hub,https://waterhardness.uk/water-hardness/nr4,/water-hardness/nr4,NR4,Anglian Water,310,21.7,2
Outcode Regional Hub,https://waterhardness.uk/water-hardness/nr5,/water-hardness/nr5,NR5,Anglian Water,310,21.7,4
Outcode Regional Hub,https://waterhardness.uk/water-hardness/nr6,/water-hardness/nr6,NR6,Anglian Water,310,21.7,3
Outcode Regional Hub,https://waterhardness.uk/water-hardness/nr7,/water-hardness/nr7,NR7,Anglian Water,310,21.7,4
Outcode Regional Hub,https://waterhardness.uk/water-hardness/nr8,/water-hardness/nr8,NR8,Anglian Water,310,21.7,3
Outcode Regional Hub,https://waterhardness.uk/water-hardness/nr9,/water-hardness/nr9,NR9,Anglian Water,310,21.7,3
Outcode Regional Hub,https://waterhardness.uk/water-hardness/nr99,/water-hardness/nr99,NR99,Anglian Water,310,21.7,1
Outcode Regional Hub,https://waterhardness.uk/water-hardness/nw1,/water-hardness/nw1,NW1,Thames Water,275,19.3,10
Outcode Regional Hub,https://waterhardness.uk/water-hardness/nw10,/water-hardness/nw10,NW10,Thames Water,275,19.3,10
Outcode Regional Hub,https://waterhardness.uk/water-hardness/nw11,/water-hardness/nw11,NW11,Affinity Water,290,20.3,1
Outcode Regional Hub,https://waterhardness.uk/water-hardness/nw11,/water-hardness/nw11,NW11,Thames Water,275,19.3,5
Outcode Regional Hub,https://waterhardness.uk/water-hardness/nw1w,/water-hardness/nw1w,NW1W,Northumbrian Water,130,9.1,1
Outcode Regional Hub,https://waterhardness.uk/water-hardness/nw1w,/water-hardness/nw1w,NW1W,Thames Water,275,19.3,3
Outcode Regional Hub,https://waterhardness.uk/water-hardness/nw2,/water-hardness/nw2,NW2,Thames Water,275,19.3,9
Outcode Regional Hub,https://waterhardness.uk/water-hardness/nw26,/water-hardness/nw26,NW26,Thames Water,275,19.3,1
Outcode Regional Hub,https://waterhardness.uk/water-hardness/nw3,/water-hardness/nw3,NW3,Thames Water,275,19.3,8
Outcode Regional Hub,https://waterhardness.uk/water-hardness/nw4,/water-hardness/nw4,NW4,Thames Water,275,19.3,5
Outcode Regional Hub,https://waterhardness.uk/water-hardness/nw5,/water-hardness/nw5,NW5,Thames Water,275,19.3,5
Outcode Regional Hub,https://waterhardness.uk/water-hardness/nw6,/water-hardness/nw6,NW6,Thames Water,275,19.3,8
Outcode Regional Hub,https://waterhardness.uk/water-hardness/nw7,/water-hardness/nw7,NW7,Affinity Water,290,20.3,5
Outcode Regional Hub,https://waterhardness.uk/water-hardness/nw8,/water-hardness/nw8,NW8,Thames Water,275,19.3,6
Outcode Regional Hub,https://waterhardness.uk/water-hardness/nw9,/water-hardness/nw9,NW9,Affinity Water,290,20.3,8
Outcode Regional Hub,https://waterhardness.uk/water-hardness/ol1,/water-hardness/ol1,OL1,United Utilities,45,3.2,5
Outcode Regional Hub,https://waterhardness.uk/water-hardness/ol10,/water-hardness/ol10,OL10,United Utilities,45,3.2,5
Outcode Regional Hub,https://waterhardness.uk/water-hardness/ol11,/water-hardness/ol11,OL11,United Utilities,45,3.2,5
Outcode Regional Hub,https://waterhardness.uk/water-hardness/ol12,/water-hardness/ol12,OL12,United Utilities,45,3.2,5
Outcode Regional Hub,https://waterhardness.uk/water-hardness/ol13,/water-hardness/ol13,OL13,United Utilities,45,3.2,4
Outcode Regional Hub,https://waterhardness.uk/water-hardness/ol14,/water-hardness/ol14,OL14,Yorkshire Water,110,7.7,5
Outcode Regional Hub,https://waterhardness.uk/water-hardness/ol15,/water-hardness/ol15,OL15,United Utilities,45,3.2,3
Outcode Regional Hub,https://waterhardness.uk/water-hardness/ol16,/water-hardness/ol16,OL16,United Utilities,45,3.2,6
Outcode Regional Hub,https://waterhardness.uk/water-hardness/ol2,/water-hardness/ol2,OL2,United Utilities,45,3.2,4
Outcode Regional Hub,https://waterhardness.uk/water-hardness/ol3,/water-hardness/ol3,OL3,United Utilities,45,3.2,3
Outcode Regional Hub,https://waterhardness.uk/water-hardness/ol4,/water-hardness/ol4,OL4,United Utilities,45,3.2,5
Outcode Regional Hub,https://waterhardness.uk/water-hardness/ol5,/water-hardness/ol5,OL5,United Utilities,45,3.2,2
Outcode Regional Hub,https://waterhardness.uk/water-hardness/ol6,/water-hardness/ol6,OL6,United Utilities,45,3.2,5
Outcode Regional Hub,https://waterhardness.uk/water-hardness/ol7,/water-hardness/ol7,OL7,United Utilities,45,3.2,2
Outcode Regional Hub,https://waterhardness.uk/water-hardness/ol8,/water-hardness/ol8,OL8,United Utilities,45,3.2,4
Outcode Regional Hub,https://waterhardness.uk/water-hardness/ol9,/water-hardness/ol9,OL9,United Utilities,45,3.2,5
Outcode Regional Hub,https://waterhardness.uk/water-hardness/ox1,/water-hardness/ox1,OX1,Thames Water,275,19.3,6
Outcode Regional Hub,https://waterhardness.uk/water-hardness/ox10,/water-hardness/ox10,OX10,Thames Water,275,19.3,6
Outcode Regional Hub,https://waterhardness.uk/water-hardness/ox11,/water-hardness/ox11,OX11,Thames Water,275,19.3,6
Outcode Regional Hub,https://waterhardness.uk/water-hardness/ox12,/water-hardness/ox12,OX12,Thames Water,275,19.3,5
Outcode Regional Hub,https://waterhardness.uk/water-hardness/ox13,/water-hardness/ox13,OX13,Thames Water,275,19.3,2
Outcode Regional Hub,https://waterhardness.uk/water-hardness/ox14,/water-hardness/ox14,OX14,Thames Water,275,19.3,6
Outcode Regional Hub,https://waterhardness.uk/water-hardness/ox15,/water-hardness/ox15,OX15,Thames Water,275,19.3,4
Outcode Regional Hub,https://waterhardness.uk/water-hardness/ox16,/water-hardness/ox16,OX16,Thames Water,275,19.3,8
Outcode Regional Hub,https://waterhardness.uk/water-hardness/ox17,/water-hardness/ox17,OX17,Thames Water,275,19.3,2
Outcode Regional Hub,https://waterhardness.uk/water-hardness/ox17,/water-hardness/ox17,OX17,Anglian Water,310,21.7,1
Outcode Regional Hub,https://waterhardness.uk/water-hardness/ox18,/water-hardness/ox18,OX18,Thames Water,275,19.3,5
Outcode Regional Hub,https://waterhardness.uk/water-hardness/ox2,/water-hardness/ox2,OX2,Thames Water,275,19.3,5
Outcode Regional Hub,https://waterhardness.uk/water-hardness/ox20,/water-hardness/ox20,OX20,Thames Water,275,19.3,1
Outcode Regional Hub,https://waterhardness.uk/water-hardness/ox25,/water-hardness/ox25,OX25,Thames Water,275,19.3,6
Outcode Regional Hub,https://waterhardness.uk/water-hardness/ox26,/water-hardness/ox26,OX26,Thames Water,275,19.3,7
Outcode Regional Hub,https://waterhardness.uk/water-hardness/ox27,/water-hardness/ox27,OX27,Thames Water,275,19.3,4
Outcode Regional Hub,https://waterhardness.uk/water-hardness/ox28,/water-hardness/ox28,OX28,Thames Water,275,19.3,7
Outcode Regional Hub,https://waterhardness.uk/water-hardness/ox29,/water-hardness/ox29,OX29,Thames Water,275,19.3,7
Outcode Regional Hub,https://waterhardness.uk/water-hardness/ox3,/water-hardness/ox3,OX3,Thames Water,275,19.3,5
Outcode Regional Hub,https://waterhardness.uk/water-hardness/ox33,/water-hardness/ox33,OX33,Thames Water,275,19.3,1
Outcode Regional Hub,https://waterhardness.uk/water-hardness/ox39,/water-hardness/ox39,OX39,Thames Water,275,19.3,1
Outcode Regional Hub,https://waterhardness.uk/water-hardness/ox4,/water-hardness/ox4,OX4,Thames Water,275,19.3,7
Outcode Regional Hub,https://waterhardness.uk/water-hardness/ox44,/water-hardness/ox44,OX44,Thames Water,275,19.3,2
Outcode Regional Hub,https://waterhardness.uk/water-hardness/ox49,/water-hardness/ox49,OX49,Thames Water,275,19.3,1
Outcode Regional Hub,https://waterhardness.uk/water-hardness/ox5,/water-hardness/ox5,OX5,Thames Water,275,19.3,4
Outcode Regional Hub,https://waterhardness.uk/water-hardness/ox7,/water-hardness/ox7,OX7,Thames Water,275,19.3,6
Outcode Regional Hub,https://waterhardness.uk/water-hardness/ox9,/water-hardness/ox9,OX9,Thames Water,275,19.3,4
Outcode Regional Hub,https://waterhardness.uk/water-hardness/pa1,/water-hardness/pa1,PA1,Scottish Water,25,1.8,3
Outcode Regional Hub,https://waterhardness.uk/water-hardness/pa10,/water-hardness/pa10,PA10,Scottish Water,25,1.8,1
Outcode Regional Hub,https://waterhardness.uk/water-hardness/pa11,/water-hardness/pa11,PA11,Scottish Water,25,1.8,1
Outcode Regional Hub,https://waterhardness.uk/water-hardness/pa12,/water-hardness/pa12,PA12,Scottish Water,25,1.8,1
Outcode Regional Hub,https://waterhardness.uk/water-hardness/pa13,/water-hardness/pa13,PA13,Scottish Water,25,1.8,2
Outcode Regional Hub,https://waterhardness.uk/water-hardness/pa14,/water-hardness/pa14,PA14,Scottish Water,25,1.8,2
Outcode Regional Hub,https://waterhardness.uk/water-hardness/pa15,/water-hardness/pa15,PA15,Scottish Water,25,1.8,5
Outcode Regional Hub,https://waterhardness.uk/water-hardness/pa16,/water-hardness/pa16,PA16,Scottish Water,25,1.8,4
Outcode Regional Hub,https://waterhardness.uk/water-hardness/pa17,/water-hardness/pa17,PA17,Scottish Water,25,1.8,1
Outcode Regional Hub,https://waterhardness.uk/water-hardness/pa18,/water-hardness/pa18,PA18,Scottish Water,25,1.8,1
Outcode Regional Hub,https://waterhardness.uk/water-hardness/pa19,/water-hardness/pa19,PA19,Scottish Water,25,1.8,1
Outcode Regional Hub,https://waterhardness.uk/water-hardness/pa2,/water-hardness/pa2,PA2,Scottish Water,25,1.8,5
Outcode Regional Hub,https://waterhardness.uk/water-hardness/pa20,/water-hardness/pa20,PA20,Scottish Water,25,1.8,3
Outcode Regional Hub,https://waterhardness.uk/water-hardness/pa21,/water-hardness/pa21,PA21,Scottish Water,25,1.8,1
Outcode Regional Hub,https://waterhardness.uk/water-hardness/pa22,/water-hardness/pa22,PA22,Scottish Water,25,1.8,1
Outcode Regional Hub,https://waterhardness.uk/water-hardness/pa23,/water-hardness/pa23,PA23,Scottish Water,25,1.8,3
Outcode Regional Hub,https://waterhardness.uk/water-hardness/pa24,/water-hardness/pa24,PA24,Scottish Water,25,1.8,1
Outcode Regional Hub,https://waterhardness.uk/water-hardness/pa25,/water-hardness/pa25,PA25,Scottish Water,25,1.8,1
Outcode Regional Hub,https://waterhardness.uk/water-hardness/pa26,/water-hardness/pa26,PA26,Scottish Water,25,1.8,1
Outcode Regional Hub,https://waterhardness.uk/water-hardness/pa27,/water-hardness/pa27,PA27,Scottish Water,25,1.8,1
Outcode Regional Hub,https://waterhardness.uk/water-hardness/pa28,/water-hardness/pa28,PA28,Scottish Water,25,1.8,2
Outcode Regional Hub,https://waterhardness.uk/water-hardness/pa29,/water-hardness/pa29,PA29,Scottish Water,25,1.8,1
Outcode Regional Hub,https://waterhardness.uk/water-hardness/pa3,/water-hardness/pa3,PA3,Scottish Water,25,1.8,5
Outcode Regional Hub,https://waterhardness.uk/water-hardness/pa30,/water-hardness/pa30,PA30,Scottish Water,25,1.8,1
Outcode Regional Hub,https://waterhardness.uk/water-hardness/pa31,/water-hardness/pa31,PA31,Scottish Water,25,1.8,2
Outcode Regional Hub,https://waterhardness.uk/water-hardness/pa32,/water-hardness/pa32,PA32,Scottish Water,25,1.8,1
Outcode Regional Hub,https://waterhardness.uk/water-hardness/pa33,/water-hardness/pa33,PA33,Scottish Water,25,1.8,1
Outcode Regional Hub,https://waterhardness.uk/water-hardness/pa34,/water-hardness/pa34,PA34,Scottish Water,25,1.8,3
Outcode Regional Hub,https://waterhardness.uk/water-hardness/pa35,/water-hardness/pa35,PA35,Scottish Water,25,1.8,1
Outcode Regional Hub,https://waterhardness.uk/water-hardness/pa36,/water-hardness/pa36,PA36,Scottish Water,25,1.8,1
Outcode Regional Hub,https://waterhardness.uk/water-hardness/pa37,/water-hardness/pa37,PA37,Scottish Water,25,1.8,1
Outcode Regional Hub,https://waterhardness.uk/water-hardness/pa38,/water-hardness/pa38,PA38,Scottish Water,25,1.8,1
Outcode Regional Hub,https://waterhardness.uk/water-hardness/pa4,/water-hardness/pa4,PA4,Scottish Water,25,1.8,3
Outcode Regional Hub,https://waterhardness.uk/water-hardness/pa41,/water-hardness/pa41,PA41,Scottish Water,25,1.8,1
Outcode Regional Hub,https://waterhardness.uk/water-hardness/pa42,/water-hardness/pa42,PA42,Scottish Water,25,1.8,2
Outcode Regional Hub,https://waterhardness.uk/water-hardness/pa43,/water-hardness/pa43,PA43,Scottish Water,25,1.8,1
Outcode Regional Hub,https://waterhardness.uk/water-hardness/pa44,/water-hardness/pa44,PA44,Scottish Water,25,1.8,1
Outcode Regional Hub,https://waterhardness.uk/water-hardness/pa45,/water-hardness/pa45,PA45,Scottish Water,25,1.8,1
Outcode Regional Hub,https://waterhardness.uk/water-hardness/pa46,/water-hardness/pa46,PA46,Scottish Water,25,1.8,1
Outcode Regional Hub,https://waterhardness.uk/water-hardness/pa47,/water-hardness/pa47,PA47,Scottish Water,25,1.8,1
Outcode Regional Hub,https://waterhardness.uk/water-hardness/pa48,/water-hardness/pa48,PA48,Scottish Water,25,1.8,1
Outcode Regional Hub,https://waterhardness.uk/water-hardness/pa49,/water-hardness/pa49,PA49,Scottish Water,25,1.8,1
Outcode Regional Hub,https://waterhardness.uk/water-hardness/pa5,/water-hardness/pa5,PA5,Scottish Water,25,1.8,4
Outcode Regional Hub,https://waterhardness.uk/water-hardness/pa6,/water-hardness/pa6,PA6,Scottish Water,25,1.8,1
Outcode Regional Hub,https://waterhardness.uk/water-hardness/pa60,/water-hardness/pa60,PA60,Scottish Water,25,1.8,1
Outcode Regional Hub,https://waterhardness.uk/water-hardness/pa61,/water-hardness/pa61,PA61,Scottish Water,25,1.8,1
Outcode Regional Hub,https://waterhardness.uk/water-hardness/pa62,/water-hardness/pa62,PA62,Scottish Water,25,1.8,1
Outcode Regional Hub,https://waterhardness.uk/water-hardness/pa63,/water-hardness/pa63,PA63,Scottish Water,25,1.8,1
Outcode Regional Hub,https://waterhardness.uk/water-hardness/pa64,/water-hardness/pa64,PA64,Scottish Water,25,1.8,1
Outcode Regional Hub,https://waterhardness.uk/water-hardness/pa65,/water-hardness/pa65,PA65,Scottish Water,25,1.8,1
Outcode Regional Hub,https://waterhardness.uk/water-hardness/pa66,/water-hardness/pa66,PA66,Scottish Water,25,1.8,1
Outcode Regional Hub,https://waterhardness.uk/water-hardness/pa67,/water-hardness/pa67,PA67,Scottish Water,25,1.8,1
Outcode Regional Hub,https://waterhardness.uk/water-hardness/pa68,/water-hardness/pa68,PA68,Scottish Water,25,1.8,1
Outcode Regional Hub,https://waterhardness.uk/water-hardness/pa69,/water-hardness/pa69,PA69,Scottish Water,25,1.8,1
Outcode Regional Hub,https://waterhardness.uk/water-hardness/pa7,/water-hardness/pa7,PA7,Scottish Water,25,1.8,2
Outcode Regional Hub,https://waterhardness.uk/water-hardness/pa70,/water-hardness/pa70,PA70,Scottish Water,25,1.8,1
Outcode Regional Hub,https://waterhardness.uk/water-hardness/pa71,/water-hardness/pa71,PA71,Scottish Water,25,1.8,1
Outcode Regional Hub,https://waterhardness.uk/water-hardness/pa72,/water-hardness/pa72,PA72,Scottish Water,25,1.8,1
Outcode Regional Hub,https://waterhardness.uk/water-hardness/pa73,/water-hardness/pa73,PA73,Scottish Water,25,1.8,1
Outcode Regional Hub,https://waterhardness.uk/water-hardness/pa74,/water-hardness/pa74,PA74,Scottish Water,25,1.8,1
Outcode Regional Hub,https://waterhardness.uk/water-hardness/pa75,/water-hardness/pa75,PA75,Scottish Water,25,1.8,1
Outcode Regional Hub,https://waterhardness.uk/water-hardness/pa76,/water-hardness/pa76,PA76,Scottish Water,25,1.8,1
Outcode Regional Hub,https://waterhardness.uk/water-hardness/pa77,/water-hardness/pa77,PA77,Scottish Water,25,1.8,1
Outcode Regional Hub,https://waterhardness.uk/water-hardness/pa78,/water-hardness/pa78,PA78,Scottish Water,25,1.8,1
Outcode Regional Hub,https://waterhardness.uk/water-hardness/pa8,/water-hardness/pa8,PA8,Scottish Water,25,1.8,3
Outcode Regional Hub,https://waterhardness.uk/water-hardness/pa80,/water-hardness/pa80,PA80,Scottish Water,25,1.8,1
Outcode Regional Hub,https://waterhardness.uk/water-hardness/pa9,/water-hardness/pa9,PA9,Scottish Water,25,1.8,1
Outcode Regional Hub,https://waterhardness.uk/water-hardness/pe1,/water-hardness/pe1,PE1,Anglian Water,310,21.7,6
Outcode Regional Hub,https://waterhardness.uk/water-hardness/pe10,/water-hardness/pe10,PE10,Anglian Water,310,21.7,4
Outcode Regional Hub,https://waterhardness.uk/water-hardness/pe11,/water-hardness/pe11,PE11,Anglian Water,310,21.7,8
Outcode Regional Hub,https://waterhardness.uk/water-hardness/pe12,/water-hardness/pe12,PE12,Anglian Water,310,21.7,6
Outcode Regional Hub,https://waterhardness.uk/water-hardness/pe13,/water-hardness/pe13,PE13,Anglian Water,310,21.7,5
Outcode Regional Hub,https://waterhardness.uk/water-hardness/pe14,/water-hardness/pe14,PE14,Anglian Water,310,21.7,5
Outcode Regional Hub,https://waterhardness.uk/water-hardness/pe15,/water-hardness/pe15,PE15,Anglian Water,310,21.7,4
Outcode Regional Hub,https://waterhardness.uk/water-hardness/pe16,/water-hardness/pe16,PE16,Anglian Water,310,21.7,2
Outcode Regional Hub,https://waterhardness.uk/water-hardness/pe19,/water-hardness/pe19,PE19,Anglian Water,310,21.7,8
Outcode Regional Hub,https://waterhardness.uk/water-hardness/pe2,/water-hardness/pe2,PE2,Anglian Water,310,21.7,6
Outcode Regional Hub,https://waterhardness.uk/water-hardness/pe20,/water-hardness/pe20,PE20,Anglian Water,310,21.7,3
Outcode Regional Hub,https://waterhardness.uk/water-hardness/pe21,/water-hardness/pe21,PE21,Anglian Water,310,21.7,6
Outcode Regional Hub,https://waterhardness.uk/water-hardness/pe22,/water-hardness/pe22,PE22,Anglian Water,310,21.7,4
Outcode Regional Hub,https://waterhardness.uk/water-hardness/pe23,/water-hardness/pe23,PE23,Anglian Water,310,21.7,3
Outcode Regional Hub,https://waterhardness.uk/water-hardness/pe24,/water-hardness/pe24,PE24,Anglian Water,310,21.7,2
Outcode Regional Hub,https://waterhardness.uk/water-hardness/pe25,/water-hardness/pe25,PE25,Anglian Water,310,21.7,4
Outcode Regional Hub,https://waterhardness.uk/water-hardness/pe26,/water-hardness/pe26,PE26,Cambridge Water,315,22,2
Outcode Regional Hub,https://waterhardness.uk/water-hardness/pe27,/water-hardness/pe27,PE27,Cambridge Water,315,22,5
Outcode Regional Hub,https://waterhardness.uk/water-hardness/pe28,/water-hardness/pe28,PE28,Anglian Water,310,21.7,4
Outcode Regional Hub,https://waterhardness.uk/water-hardness/pe28,/water-hardness/pe28,PE28,Cambridge Water,315,22,2
Outcode Regional Hub,https://waterhardness.uk/water-hardness/pe29,/water-hardness/pe29,PE29,Anglian Water,310,21.7,6
Outcode Regional Hub,https://waterhardness.uk/water-hardness/pe3,/water-hardness/pe3,PE3,Anglian Water,310,21.7,4
Outcode Regional Hub,https://waterhardness.uk/water-hardness/pe30,/water-hardness/pe30,PE30,Anglian Water,310,21.7,6
Outcode Regional Hub,https://waterhardness.uk/water-hardness/pe31,/water-hardness/pe31,PE31,Anglian Water,310,21.7,3
Outcode Regional Hub,https://waterhardness.uk/water-hardness/pe32,/water-hardness/pe32,PE32,Anglian Water,310,21.7,2
Outcode Regional Hub,https://waterhardness.uk/water-hardness/pe33,/water-hardness/pe33,PE33,Anglian Water,310,21.7,2
Outcode Regional Hub,https://waterhardness.uk/water-hardness/pe34,/water-hardness/pe34,PE34,Anglian Water,310,21.7,2
Outcode Regional Hub,https://waterhardness.uk/water-hardness/pe35,/water-hardness/pe35,PE35,Anglian Water,310,21.7,1
Outcode Regional Hub,https://waterhardness.uk/water-hardness/pe36,/water-hardness/pe36,PE36,Anglian Water,310,21.7,3
Outcode Regional Hub,https://waterhardness.uk/water-hardness/pe37,/water-hardness/pe37,PE37,Anglian Water,310,21.7,2
Outcode Regional Hub,https://waterhardness.uk/water-hardness/pe38,/water-hardness/pe38,PE38,Anglian Water,310,21.7,3
Outcode Regional Hub,https://waterhardness.uk/water-hardness/pe4,/water-hardness/pe4,PE4,Anglian Water,310,21.7,3
Outcode Regional Hub,https://waterhardness.uk/water-hardness/pe5,/water-hardness/pe5,PE5,Anglian Water,310,21.7,1
Outcode Regional Hub,https://waterhardness.uk/water-hardness/pe6,/water-hardness/pe6,PE6,Anglian Water,310,21.7,5
Outcode Regional Hub,https://waterhardness.uk/water-hardness/pe7,/water-hardness/pe7,PE7,Anglian Water,310,21.7,7
Outcode Regional Hub,https://waterhardness.uk/water-hardness/pe8,/water-hardness/pe8,PE8,Anglian Water,310,21.7,4
Outcode Regional Hub,https://waterhardness.uk/water-hardness/pe9,/water-hardness/pe9,PE9,Anglian Water,310,21.7,5
Outcode Regional Hub,https://waterhardness.uk/water-hardness/ph1,/water-hardness/ph1,PH1,Scottish Water,25,1.8,6
Outcode Regional Hub,https://waterhardness.uk/water-hardness/ph10,/water-hardness/ph10,PH10,Scottish Water,25,1.8,3
Outcode Regional Hub,https://waterhardness.uk/water-hardness/ph11,/water-hardness/ph11,PH11,Scottish Water,25,1.8,1
Outcode Regional Hub,https://waterhardness.uk/water-hardness/ph12,/water-hardness/ph12,PH12,Scottish Water,25,1.8,1
Outcode Regional Hub,https://waterhardness.uk/water-hardness/ph13,/water-hardness/ph13,PH13,Scottish Water,25,1.8,1
Outcode Regional Hub,https://waterhardness.uk/water-hardness/ph14,/water-hardness/ph14,PH14,Scottish Water,25,1.8,1
Outcode Regional Hub,https://waterhardness.uk/water-hardness/ph15,/water-hardness/ph15,PH15,Scottish Water,25,1.8,1
Outcode Regional Hub,https://waterhardness.uk/water-hardness/ph16,/water-hardness/ph16,PH16,Scottish Water,25,1.8,2
Outcode Regional Hub,https://waterhardness.uk/water-hardness/ph17,/water-hardness/ph17,PH17,Scottish Water,25,1.8,1
Outcode Regional Hub,https://waterhardness.uk/water-hardness/ph18,/water-hardness/ph18,PH18,Scottish Water,25,1.8,1
Outcode Regional Hub,https://waterhardness.uk/water-hardness/ph19,/water-hardness/ph19,PH19,Scottish Water,25,1.8,1
Outcode Regional Hub,https://waterhardness.uk/water-hardness/ph2,/water-hardness/ph2,PH2,Scottish Water,25,1.8,6
Outcode Regional Hub,https://waterhardness.uk/water-hardness/ph20,/water-hardness/ph20,PH20,Scottish Water,25,1.8,1
Outcode Regional Hub,https://waterhardness.uk/water-hardness/ph21,/water-hardness/ph21,PH21,Scottish Water,25,1.8,1
Outcode Regional Hub,https://waterhardness.uk/water-hardness/ph22,/water-hardness/ph22,PH22,Scottish Water,25,1.8,1
Outcode Regional Hub,https://waterhardness.uk/water-hardness/ph23,/water-hardness/ph23,PH23,Scottish Water,25,1.8,1
Outcode Regional Hub,https://waterhardness.uk/water-hardness/ph24,/water-hardness/ph24,PH24,Scottish Water,25,1.8,1
Outcode Regional Hub,https://waterhardness.uk/water-hardness/ph25,/water-hardness/ph25,PH25,Scottish Water,25,1.8,1
Outcode Regional Hub,https://waterhardness.uk/water-hardness/ph26,/water-hardness/ph26,PH26,Scottish Water,25,1.8,2
Outcode Regional Hub,https://waterhardness.uk/water-hardness/ph3,/water-hardness/ph3,PH3,Scottish Water,25,1.8,1
Outcode Regional Hub,https://waterhardness.uk/water-hardness/ph30,/water-hardness/ph30,PH30,Scottish Water,25,1.8,1
Outcode Regional Hub,https://waterhardness.uk/water-hardness/ph31,/water-hardness/ph31,PH31,Scottish Water,25,1.8,1
Outcode Regional Hub,https://waterhardness.uk/water-hardness/ph32,/water-hardness/ph32,PH32,Scottish Water,25,1.8,1
Outcode Regional Hub,https://waterhardness.uk/water-hardness/ph33,/water-hardness/ph33,PH33,Scottish Water,25,1.8,3
Outcode Regional Hub,https://waterhardness.uk/water-hardness/ph34,/water-hardness/ph34,PH34,Scottish Water,25,1.8,1
Outcode Regional Hub,https://waterhardness.uk/water-hardness/ph35,/water-hardness/ph35,PH35,Scottish Water,25,1.8,1
Outcode Regional Hub,https://waterhardness.uk/water-hardness/ph36,/water-hardness/ph36,PH36,Scottish Water,25,1.8,1
Outcode Regional Hub,https://waterhardness.uk/water-hardness/ph37,/water-hardness/ph37,PH37,Scottish Water,25,1.8,1
Outcode Regional Hub,https://waterhardness.uk/water-hardness/ph38,/water-hardness/ph38,PH38,Scottish Water,25,1.8,1
Outcode Regional Hub,https://waterhardness.uk/water-hardness/ph39,/water-hardness/ph39,PH39,Scottish Water,25,1.8,1
Outcode Regional Hub,https://waterhardness.uk/water-hardness/ph4,/water-hardness/ph4,PH4,Scottish Water,25,1.8,1
Outcode Regional Hub,https://waterhardness.uk/water-hardness/ph40,/water-hardness/ph40,PH40,Scottish Water,25,1.8,1
Outcode Regional Hub,https://waterhardness.uk/water-hardness/ph41,/water-hardness/ph41,PH41,Scottish Water,25,1.8,2
Outcode Regional Hub,https://waterhardness.uk/water-hardness/ph42,/water-hardness/ph42,PH42,Scottish Water,25,1.8,1
Outcode Regional Hub,https://waterhardness.uk/water-hardness/ph43,/water-hardness/ph43,PH43,Scottish Water,25,1.8,1
Outcode Regional Hub,https://waterhardness.uk/water-hardness/ph44,/water-hardness/ph44,PH44,Scottish Water,25,1.8,1
Outcode Regional Hub,https://waterhardness.uk/water-hardness/ph49,/water-hardness/ph49,PH49,Scottish Water,25,1.8,1
Outcode Regional Hub,https://waterhardness.uk/water-hardness/ph5,/water-hardness/ph5,PH5,Scottish Water,25,1.8,1
Outcode Regional Hub,https://waterhardness.uk/water-hardness/ph50,/water-hardness/ph50,PH50,Scottish Water,25,1.8,1
Outcode Regional Hub,https://waterhardness.uk/water-hardness/ph6,/water-hardness/ph6,PH6,Scottish Water,25,1.8,1
Outcode Regional Hub,https://waterhardness.uk/water-hardness/ph7,/water-hardness/ph7,PH7,Scottish Water,25,1.8,3
Outcode Regional Hub,https://waterhardness.uk/water-hardness/ph8,/water-hardness/ph8,PH8,Scottish Water,25,1.8,1
Outcode Regional Hub,https://waterhardness.uk/water-hardness/ph9,/water-hardness/ph9,PH9,Scottish Water,25,1.8,1
Outcode Regional Hub,https://waterhardness.uk/water-hardness/pl1,/water-hardness/pl1,PL1,South West Water,40,2.8,6
Outcode Regional Hub,https://waterhardness.uk/water-hardness/pl10,/water-hardness/pl10,PL10,South West Water,40,2.8,1
Outcode Regional Hub,https://waterhardness.uk/water-hardness/pl11,/water-hardness/pl11,PL11,South West Water,40,2.8,2
Outcode Regional Hub,https://waterhardness.uk/water-hardness/pl12,/water-hardness/pl12,PL12,South West Water,40,2.8,4
Outcode Regional Hub,https://waterhardness.uk/water-hardness/pl13,/water-hardness/pl13,PL13,South West Water,40,2.8,3
Outcode Regional Hub,https://waterhardness.uk/water-hardness/pl14,/water-hardness/pl14,PL14,South West Water,40,2.8,5
Outcode Regional Hub,https://waterhardness.uk/water-hardness/pl15,/water-hardness/pl15,PL15,South West Water,40,2.8,4
Outcode Regional Hub,https://waterhardness.uk/water-hardness/pl16,/water-hardness/pl16,PL16,South West Water,40,2.8,1
Outcode Regional Hub,https://waterhardness.uk/water-hardness/pl17,/water-hardness/pl17,PL17,South West Water,40,2.8,3
Outcode Regional Hub,https://waterhardness.uk/water-hardness/pl18,/water-hardness/pl18,PL18,South West Water,40,2.8,1
Outcode Regional Hub,https://waterhardness.uk/water-hardness/pl19,/water-hardness/pl19,PL19,South West Water,40,2.8,4
Outcode Regional Hub,https://waterhardness.uk/water-hardness/pl2,/water-hardness/pl2,PL2,South West Water,40,2.8,4
Outcode Regional Hub,https://waterhardness.uk/water-hardness/pl20,/water-hardness/pl20,PL20,South West Water,40,2.8,2
Outcode Regional Hub,https://waterhardness.uk/water-hardness/pl21,/water-hardness/pl21,PL21,South West Water,40,2.8,3
Outcode Regional Hub,https://waterhardness.uk/water-hardness/pl22,/water-hardness/pl22,PL22,South West Water,40,2.8,1
Outcode Regional Hub,https://waterhardness.uk/water-hardness/pl23,/water-hardness/pl23,PL23,South West Water,40,2.8,1
Outcode Regional Hub,https://waterhardness.uk/water-hardness/pl24,/water-hardness/pl24,PL24,South West Water,40,2.8,1
Outcode Regional Hub,https://waterhardness.uk/water-hardness/pl25,/water-hardness/pl25,PL25,South West Water,40,2.8,4
Outcode Regional Hub,https://waterhardness.uk/water-hardness/pl26,/water-hardness/pl26,PL26,South West Water,40,2.8,3
Outcode Regional Hub,https://waterhardness.uk/water-hardness/pl27,/water-hardness/pl27,PL27,South West Water,40,2.8,3
Outcode Regional Hub,https://waterhardness.uk/water-hardness/pl28,/water-hardness/pl28,PL28,South West Water,40,2.8,1
Outcode Regional Hub,https://waterhardness.uk/water-hardness/pl29,/water-hardness/pl29,PL29,South West Water,40,2.8,1
Outcode Regional Hub,https://waterhardness.uk/water-hardness/pl3,/water-hardness/pl3,PL3,South West Water,40,2.8,3
Outcode Regional Hub,https://waterhardness.uk/water-hardness/pl30,/water-hardness/pl30,PL30,South West Water,40,2.8,3
Outcode Regional Hub,https://waterhardness.uk/water-hardness/pl31,/water-hardness/pl31,PL31,South West Water,40,2.8,3
Outcode Regional Hub,https://waterhardness.uk/water-hardness/pl32,/water-hardness/pl32,PL32,South West Water,40,2.8,1
Outcode Regional Hub,https://waterhardness.uk/water-hardness/pl33,/water-hardness/pl33,PL33,South West Water,40,2.8,1
Outcode Regional Hub,https://waterhardness.uk/water-hardness/pl34,/water-hardness/pl34,PL34,South West Water,40,2.8,1
Outcode Regional Hub,https://waterhardness.uk/water-hardness/pl35,/water-hardness/pl35,PL35,South West Water,40,2.8,1
Outcode Regional Hub,https://waterhardness.uk/water-hardness/pl4,/water-hardness/pl4,PL4,South West Water,40,2.8,5
Outcode Regional Hub,https://waterhardness.uk/water-hardness/pl5,/water-hardness/pl5,PL5,South West Water,40,2.8,5
Outcode Regional Hub,https://waterhardness.uk/water-hardness/pl6,/water-hardness/pl6,PL6,South West Water,40,2.8,4
Outcode Regional Hub,https://waterhardness.uk/water-hardness/pl7,/water-hardness/pl7,PL7,South West Water,40,2.8,5
Outcode Regional Hub,https://waterhardness.uk/water-hardness/pl8,/water-hardness/pl8,PL8,South West Water,40,2.8,2
Outcode Regional Hub,https://waterhardness.uk/water-hardness/pl9,/water-hardness/pl9,PL9,South West Water,40,2.8,4
Outcode Regional Hub,https://waterhardness.uk/water-hardness/pl95,/water-hardness/pl95,PL95,South West Water,40,2.8,1
Outcode Regional Hub,https://waterhardness.uk/water-hardness/po1,/water-hardness/po1,PO1,Portsmouth Water,250,17.5,6
Outcode Regional Hub,https://waterhardness.uk/water-hardness/po10,/water-hardness/po10,PO10,Portsmouth Water,250,17.5,3
Outcode Regional Hub,https://waterhardness.uk/water-hardness/po11,/water-hardness/po11,PO11,Portsmouth Water,250,17.5,3
Outcode Regional Hub,https://waterhardness.uk/water-hardness/po12,/water-hardness/po12,PO12,Portsmouth Water,250,17.5,5
Outcode Regional Hub,https://waterhardness.uk/water-hardness/po13,/water-hardness/po13,PO13,Portsmouth Water,250,17.5,3
Outcode Regional Hub,https://waterhardness.uk/water-hardness/po14,/water-hardness/po14,PO14,Southern Water,280,19.6,1
Outcode Regional Hub,https://waterhardness.uk/water-hardness/po14,/water-hardness/po14,PO14,Portsmouth Water,250,17.5,4
Outcode Regional Hub,https://waterhardness.uk/water-hardness/po15,/water-hardness/po15,PO15,Portsmouth Water,250,17.5,2
Outcode Regional Hub,https://waterhardness.uk/water-hardness/po15,/water-hardness/po15,PO15,Southern Water,280,19.6,1
Outcode Regional Hub,https://waterhardness.uk/water-hardness/po16,/water-hardness/po16,PO16,Portsmouth Water,250,17.5,4
Outcode Regional Hub,https://waterhardness.uk/water-hardness/po17,/water-hardness/po17,PO17,Portsmouth Water,250,17.5,3
Outcode Regional Hub,https://waterhardness.uk/water-hardness/po18,/water-hardness/po18,PO18,Portsmouth Water,250,17.5,3
Outcode Regional Hub,https://waterhardness.uk/water-hardness/po19,/water-hardness/po19,PO19,Portsmouth Water,250,17.5,7
Outcode Regional Hub,https://waterhardness.uk/water-hardness/po2,/water-hardness/po2,PO2,Portsmouth Water,250,17.5,4
Outcode Regional Hub,https://waterhardness.uk/water-hardness/po20,/water-hardness/po20,PO20,Portsmouth Water,250,17.5,7
Outcode Regional Hub,https://waterhardness.uk/water-hardness/po21,/water-hardness/po21,PO21,Portsmouth Water,250,17.5,6
Outcode Regional Hub,https://waterhardness.uk/water-hardness/po22,/water-hardness/po22,PO22,Portsmouth Water,250,17.5,5
Outcode Regional Hub,https://waterhardness.uk/water-hardness/po24,/water-hardness/po24,PO24,Northumbrian Water,130,9.1,1
Outcode Regional Hub,https://waterhardness.uk/water-hardness/po3,/water-hardness/po3,PO3,Portsmouth Water,250,17.5,2
Outcode Regional Hub,https://waterhardness.uk/water-hardness/po30,/water-hardness/po30,PO30,Southern Water,280,19.6,6
Outcode Regional Hub,https://waterhardness.uk/water-hardness/po31,/water-hardness/po31,PO31,Southern Water,280,19.6,2
Outcode Regional Hub,https://waterhardness.uk/water-hardness/po32,/water-hardness/po32,PO32,Southern Water,280,19.6,1
Outcode Regional Hub,https://waterhardness.uk/water-hardness/po33,/water-hardness/po33,PO33,Southern Water,280,19.6,5
Outcode Regional Hub,https://waterhardness.uk/water-hardness/po34,/water-hardness/po34,PO34,Southern Water,280,19.6,1
Outcode Regional Hub,https://waterhardness.uk/water-hardness/po35,/water-hardness/po35,PO35,Southern Water,280,19.6,1
Outcode Regional Hub,https://waterhardness.uk/water-hardness/po36,/water-hardness/po36,PO36,Southern Water,280,19.6,4
Outcode Regional Hub,https://waterhardness.uk/water-hardness/po37,/water-hardness/po37,PO37,Southern Water,280,19.6,2
Outcode Regional Hub,https://waterhardness.uk/water-hardness/po38,/water-hardness/po38,PO38,Southern Water,280,19.6,4
Outcode Regional Hub,https://waterhardness.uk/water-hardness/po39,/water-hardness/po39,PO39,Southern Water,280,19.6,1
Outcode Regional Hub,https://waterhardness.uk/water-hardness/po4,/water-hardness/po4,PO4,Portsmouth Water,250,17.5,3
Outcode Regional Hub,https://waterhardness.uk/water-hardness/po40,/water-hardness/po40,PO40,Southern Water,280,19.6,2
Outcode Regional Hub,https://waterhardness.uk/water-hardness/po41,/water-hardness/po41,PO41,Southern Water,280,19.6,1
Outcode Regional Hub,https://waterhardness.uk/water-hardness/po5,/water-hardness/po5,PO5,Portsmouth Water,250,17.5,4
Outcode Regional Hub,https://waterhardness.uk/water-hardness/po6,/water-hardness/po6,PO6,Portsmouth Water,250,17.5,5
Outcode Regional Hub,https://waterhardness.uk/water-hardness/po7,/water-hardness/po7,PO7,Portsmouth Water,250,17.5,7
Outcode Regional Hub,https://waterhardness.uk/water-hardness/po8,/water-hardness/po8,PO8,Portsmouth Water,250,17.5,3
Outcode Regional Hub,https://waterhardness.uk/water-hardness/po9,/water-hardness/po9,PO9,Portsmouth Water,250,17.5,7
Outcode Regional Hub,https://waterhardness.uk/water-hardness/pr0,/water-hardness/pr0,PR0,United Utilities,45,3.2,1
Outcode Regional Hub,https://waterhardness.uk/water-hardness/pr1,/water-hardness/pr1,PR1,United Utilities,45,3.2,10
Outcode Regional Hub,https://waterhardness.uk/water-hardness/pr11,/water-hardness/pr11,PR11,United Utilities,45,3.2,2
Outcode Regional Hub,https://waterhardness.uk/water-hardness/pr2,/water-hardness/pr2,PR2,United Utilities,45,3.2,9
Outcode Regional Hub,https://waterhardness.uk/water-hardness/pr25,/water-hardness/pr25,PR25,United Utilities,45,3.2,6
Outcode Regional Hub,https://waterhardness.uk/water-hardness/pr26,/water-hardness/pr26,PR26,United Utilities,45,3.2,4
Outcode Regional Hub,https://waterhardness.uk/water-hardness/pr3,/water-hardness/pr3,PR3,United Utilities,45,3.2,8
Outcode Regional Hub,https://waterhardness.uk/water-hardness/pr4,/water-hardness/pr4,PR4,United Utilities,45,3.2,8
Outcode Regional Hub,https://waterhardness.uk/water-hardness/pr5,/water-hardness/pr5,PR5,United Utilities,45,3.2,6
Outcode Regional Hub,https://waterhardness.uk/water-hardness/pr6,/water-hardness/pr6,PR6,United Utilities,45,3.2,5
Outcode Regional Hub,https://waterhardness.uk/water-hardness/pr7,/water-hardness/pr7,PR7,United Utilities,45,3.2,7
Outcode Regional Hub,https://waterhardness.uk/water-hardness/pr8,/water-hardness/pr8,PR8,United Utilities,45,3.2,7
Outcode Regional Hub,https://waterhardness.uk/water-hardness/pr9,/water-hardness/pr9,PR9,United Utilities,45,3.2,4
Outcode Regional Hub,https://waterhardness.uk/water-hardness/rg1,/water-hardness/rg1,RG1,Thames Water,275,19.3,9
Outcode Regional Hub,https://waterhardness.uk/water-hardness/rg10,/water-hardness/rg10,RG10,Thames Water,275,19.3,3
Outcode Regional Hub,https://waterhardness.uk/water-hardness/rg12,/water-hardness/rg12,RG12,South East Water,270,18.9,6
Outcode Regional Hub,https://waterhardness.uk/water-hardness/rg14,/water-hardness/rg14,RG14,Thames Water,275,19.3,7
Outcode Regional Hub,https://waterhardness.uk/water-hardness/rg17,/water-hardness/rg17,RG17,Thames Water,275,19.3,5
Outcode Regional Hub,https://waterhardness.uk/water-hardness/rg18,/water-hardness/rg18,RG18,Thames Water,275,19.3,4
Outcode Regional Hub,https://waterhardness.uk/water-hardness/rg19,/water-hardness/rg19,RG19,Thames Water,275,19.3,4
Outcode Regional Hub,https://waterhardness.uk/water-hardness/rg19,/water-hardness/rg19,RG19,Southern Water,280,19.6,1
Outcode Regional Hub,https://waterhardness.uk/water-hardness/rg2,/water-hardness/rg2,RG2,Thames Water,275,19.3,5
Outcode Regional Hub,https://waterhardness.uk/water-hardness/rg20,/water-hardness/rg20,RG20,Thames Water,275,19.3,4
Outcode Regional Hub,https://waterhardness.uk/water-hardness/rg20,/water-hardness/rg20,RG20,Southern Water,280,19.6,3
Outcode Regional Hub,https://waterhardness.uk/water-hardness/rg21,/water-hardness/rg21,RG21,South East Water,270,18.9,6
Outcode Regional Hub,https://waterhardness.uk/water-hardness/rg22,/water-hardness/rg22,RG22,South East Water,270,18.9,3
Outcode Regional Hub,https://waterhardness.uk/water-hardness/rg23,/water-hardness/rg23,RG23,South East Water,270,18.9,2
Outcode Regional Hub,https://waterhardness.uk/water-hardness/rg24,/water-hardness/rg24,RG24,South East Water,270,18.9,4
Outcode Regional Hub,https://waterhardness.uk/water-hardness/rg25,/water-hardness/rg25,RG25,Southern Water,280,19.6,1
Outcode Regional Hub,https://waterhardness.uk/water-hardness/rg25,/water-hardness/rg25,RG25,South East Water,270,18.9,1
Outcode Regional Hub,https://waterhardness.uk/water-hardness/rg26,/water-hardness/rg26,RG26,South East Water,270,18.9,2
Outcode Regional Hub,https://waterhardness.uk/water-hardness/rg26,/water-hardness/rg26,RG26,Thames Water,275,19.3,2
Outcode Regional Hub,https://waterhardness.uk/water-hardness/rg27,/water-hardness/rg27,RG27,Thames Water,275,19.3,1
Outcode Regional Hub,https://waterhardness.uk/water-hardness/rg27,/water-hardness/rg27,RG27,South East Water,270,18.9,3
Outcode Regional Hub,https://waterhardness.uk/water-hardness/rg28,/water-hardness/rg28,RG28,Southern Water,280,19.6,1
Outcode Regional Hub,https://waterhardness.uk/water-hardness/rg29,/water-hardness/rg29,RG29,South East Water,270,18.9,1
Outcode Regional Hub,https://waterhardness.uk/water-hardness/rg30,/water-hardness/rg30,RG30,Thames Water,275,19.3,6
Outcode Regional Hub,https://waterhardness.uk/water-hardness/rg31,/water-hardness/rg31,RG31,Thames Water,275,19.3,4
Outcode Regional Hub,https://waterhardness.uk/water-hardness/rg4,/water-hardness/rg4,RG4,Thames Water,275,19.3,5
Outcode Regional Hub,https://waterhardness.uk/water-hardness/rg40,/water-hardness/rg40,RG40,South East Water,270,18.9,6
Outcode Regional Hub,https://waterhardness.uk/water-hardness/rg41,/water-hardness/rg41,RG41,South East Water,270,18.9,4
Outcode Regional Hub,https://waterhardness.uk/water-hardness/rg41,/water-hardness/rg41,RG41,Thames Water,275,19.3,1
Outcode Regional Hub,https://waterhardness.uk/water-hardness/rg42,/water-hardness/rg42,RG42,Affinity Water,290,20.3,1
Outcode Regional Hub,https://waterhardness.uk/water-hardness/rg42,/water-hardness/rg42,RG42,South East Water,270,18.9,7
Outcode Regional Hub,https://waterhardness.uk/water-hardness/rg45,/water-hardness/rg45,RG45,South East Water,270,18.9,2
Outcode Regional Hub,https://waterhardness.uk/water-hardness/rg5,/water-hardness/rg5,RG5,Thames Water,275,19.3,2
Outcode Regional Hub,https://waterhardness.uk/water-hardness/rg6,/water-hardness/rg6,RG6,Thames Water,275,19.3,7
Outcode Regional Hub,https://waterhardness.uk/water-hardness/rg7,/water-hardness/rg7,RG7,Thames Water,275,19.3,7
Outcode Regional Hub,https://waterhardness.uk/water-hardness/rg8,/water-hardness/rg8,RG8,Thames Water,275,19.3,6
Outcode Regional Hub,https://waterhardness.uk/water-hardness/rg9,/water-hardness/rg9,RG9,Thames Water,275,19.3,7
Outcode Regional Hub,https://waterhardness.uk/water-hardness/rh1,/water-hardness/rh1,RH1,SES Water,260,18.2,7
Outcode Regional Hub,https://waterhardness.uk/water-hardness/rh10,/water-hardness/rh10,RH10,Southern Water,280,19.6,7
Outcode Regional Hub,https://waterhardness.uk/water-hardness/rh10,/water-hardness/rh10,RH10,South East Water,270,18.9,3
Outcode Regional Hub,https://waterhardness.uk/water-hardness/rh11,/water-hardness/rh11,RH11,Southern Water,280,19.6,5
Outcode Regional Hub,https://waterhardness.uk/water-hardness/rh12,/water-hardness/rh12,RH12,Southern Water,280,19.6,8
Outcode Regional Hub,https://waterhardness.uk/water-hardness/rh13,/water-hardness/rh13,RH13,Southern Water,280,19.6,5
Outcode Regional Hub,https://waterhardness.uk/water-hardness/rh14,/water-hardness/rh14,RH14,Southern Water,280,19.6,3
Outcode Regional Hub,https://waterhardness.uk/water-hardness/rh15,/water-hardness/rh15,RH15,South East Water,270,18.9,4
Outcode Regional Hub,https://waterhardness.uk/water-hardness/rh16,/water-hardness/rh16,RH16,South East Water,270,18.9,5
Outcode Regional Hub,https://waterhardness.uk/water-hardness/rh17,/water-hardness/rh17,RH17,South East Water,270,18.9,3
Outcode Regional Hub,https://waterhardness.uk/water-hardness/rh18,/water-hardness/rh18,RH18,South East Water,270,18.9,1
Outcode Regional Hub,https://waterhardness.uk/water-hardness/rh19,/water-hardness/rh19,RH19,South East Water,270,18.9,4
Outcode Regional Hub,https://waterhardness.uk/water-hardness/rh19,/water-hardness/rh19,RH19,SES Water,260,18.2,1
Outcode Regional Hub,https://waterhardness.uk/water-hardness/rh2,/water-hardness/rh2,RH2,SES Water,260,18.2,5
Outcode Regional Hub,https://waterhardness.uk/water-hardness/rh20,/water-hardness/rh20,RH20,Southern Water,280,19.6,6
Outcode Regional Hub,https://waterhardness.uk/water-hardness/rh3,/water-hardness/rh3,RH3,SES Water,260,18.2,1
Outcode Regional Hub,https://waterhardness.uk/water-hardness/rh4,/water-hardness/rh4,RH4,SES Water,260,18.2,4
Outcode Regional Hub,https://waterhardness.uk/water-hardness/rh5,/water-hardness/rh5,RH5,SES Water,260,18.2,3
Outcode Regional Hub,https://waterhardness.uk/water-hardness/rh6,/water-hardness/rh6,RH6,SES Water,260,18.2,5
Outcode Regional Hub,https://waterhardness.uk/water-hardness/rh7,/water-hardness/rh7,RH7,SES Water,260,18.2,2
Outcode Regional Hub,https://waterhardness.uk/water-hardness/rh77,/water-hardness/rh77,RH77,SES Water,260,18.2,1
Outcode Regional Hub,https://waterhardness.uk/water-hardness/rh8,/water-hardness/rh8,RH8,SES Water,260,18.2,3
Outcode Regional Hub,https://waterhardness.uk/water-hardness/rh9,/water-hardness/rh9,RH9,SES Water,260,18.2,1
Outcode Regional Hub,https://waterhardness.uk/water-hardness/rm1,/water-hardness/rm1,RM1,Essex and Suffolk Water,320,22.4,4
Outcode Regional Hub,https://waterhardness.uk/water-hardness/rm10,/water-hardness/rm10,RM10,Essex and Suffolk Water,320,22.4,3
Outcode Regional Hub,https://waterhardness.uk/water-hardness/rm11,/water-hardness/rm11,RM11,Essex and Suffolk Water,320,22.4,3
Outcode Regional Hub,https://waterhardness.uk/water-hardness/rm12,/water-hardness/rm12,RM12,Essex and Suffolk Water,320,22.4,4
Outcode Regional Hub,https://waterhardness.uk/water-hardness/rm13,/water-hardness/rm13,RM13,Essex and Suffolk Water,320,22.4,4
Outcode Regional Hub,https://waterhardness.uk/water-hardness/rm14,/water-hardness/rm14,RM14,Essex and Suffolk Water,320,22.4,4
Outcode Regional Hub,https://waterhardness.uk/water-hardness/rm15,/water-hardness/rm15,RM15,Essex and Suffolk Water,320,22.4,4
Outcode Regional Hub,https://waterhardness.uk/water-hardness/rm16,/water-hardness/rm16,RM16,Essex and Suffolk Water,320,22.4,5
Outcode Regional Hub,https://waterhardness.uk/water-hardness/rm17,/water-hardness/rm17,RM17,Essex and Suffolk Water,320,22.4,3
Outcode Regional Hub,https://waterhardness.uk/water-hardness/rm18,/water-hardness/rm18,RM18,Essex and Suffolk Water,320,22.4,2
Outcode Regional Hub,https://waterhardness.uk/water-hardness/rm19,/water-hardness/rm19,RM19,Essex and Suffolk Water,320,22.4,1
Outcode Regional Hub,https://waterhardness.uk/water-hardness/rm2,/water-hardness/rm2,RM2,Essex and Suffolk Water,320,22.4,2
Outcode Regional Hub,https://waterhardness.uk/water-hardness/rm20,/water-hardness/rm20,RM20,Essex and Suffolk Water,320,22.4,4
Outcode Regional Hub,https://waterhardness.uk/water-hardness/rm3,/water-hardness/rm3,RM3,Essex and Suffolk Water,320,22.4,5
Outcode Regional Hub,https://waterhardness.uk/water-hardness/rm4,/water-hardness/rm4,RM4,Affinity Water,290,20.3,1
Outcode Regional Hub,https://waterhardness.uk/water-hardness/rm5,/water-hardness/rm5,RM5,Essex and Suffolk Water,320,22.4,2
Outcode Regional Hub,https://waterhardness.uk/water-hardness/rm6,/water-hardness/rm6,RM6,Essex and Suffolk Water,320,22.4,3
Outcode Regional Hub,https://waterhardness.uk/water-hardness/rm7,/water-hardness/rm7,RM7,Essex and Suffolk Water,320,22.4,5
Outcode Regional Hub,https://waterhardness.uk/water-hardness/rm8,/water-hardness/rm8,RM8,Essex and Suffolk Water,320,22.4,3
Outcode Regional Hub,https://waterhardness.uk/water-hardness/rm9,/water-hardness/rm9,RM9,Essex and Suffolk Water,320,22.4,4
Outcode Regional Hub,https://waterhardness.uk/water-hardness/s1,/water-hardness/s1,S1,Yorkshire Water,110,7.7,5
Outcode Regional Hub,https://waterhardness.uk/water-hardness/s10,/water-hardness/s10,S10,Yorkshire Water,110,7.7,6
Outcode Regional Hub,https://waterhardness.uk/water-hardness/s11,/water-hardness/s11,S11,Yorkshire Water,110,7.7,4
Outcode Regional Hub,https://waterhardness.uk/water-hardness/s12,/water-hardness/s12,S12,Severn Trent Water,160,11.2,2
Outcode Regional Hub,https://waterhardness.uk/water-hardness/s12,/water-hardness/s12,S12,Yorkshire Water,110,7.7,2
Outcode Regional Hub,https://waterhardness.uk/water-hardness/s13,/water-hardness/s13,S13,Yorkshire Water,110,7.7,3
Outcode Regional Hub,https://waterhardness.uk/water-hardness/s14,/water-hardness/s14,S14,Yorkshire Water,110,7.7,1
Outcode Regional Hub,https://waterhardness.uk/water-hardness/s17,/water-hardness/s17,S17,Yorkshire Water,110,7.7,3
Outcode Regional Hub,https://waterhardness.uk/water-hardness/s18,/water-hardness/s18,S18,Severn Trent Water,160,11.2,7
Outcode Regional Hub,https://waterhardness.uk/water-hardness/s2,/water-hardness/s2,S2,Yorkshire Water,110,7.7,6
Outcode Regional Hub,https://waterhardness.uk/water-hardness/s20,/water-hardness/s20,S20,Severn Trent Water,160,11.2,9
Outcode Regional Hub,https://waterhardness.uk/water-hardness/s21,/water-hardness/s21,S21,Severn Trent Water,160,11.2,5
Outcode Regional Hub,https://waterhardness.uk/water-hardness/s25,/water-hardness/s25,S25,Yorkshire Water,110,7.7,6
Outcode Regional Hub,https://waterhardness.uk/water-hardness/s26,/water-hardness/s26,S26,Yorkshire Water,110,7.7,7
Outcode Regional Hub,https://waterhardness.uk/water-hardness/s3,/water-hardness/s3,S3,Yorkshire Water,110,7.7,3
Outcode Regional Hub,https://waterhardness.uk/water-hardness/s32,/water-hardness/s32,S32,Severn Trent Water,160,11.2,5
Outcode Regional Hub,https://waterhardness.uk/water-hardness/s33,/water-hardness/s33,S33,Severn Trent Water,160,11.2,5
Outcode Regional Hub,https://waterhardness.uk/water-hardness/s35,/water-hardness/s35,S35,Yorkshire Water,110,7.7,9
Outcode Regional Hub,https://waterhardness.uk/water-hardness/s36,/water-hardness/s36,S36,Yorkshire Water,110,7.7,9
Outcode Regional Hub,https://waterhardness.uk/water-hardness/s4,/water-hardness/s4,S4,Yorkshire Water,110,7.7,2
Outcode Regional Hub,https://waterhardness.uk/water-hardness/s40,/water-hardness/s40,S40,Severn Trent Water,160,11.2,5
Outcode Regional Hub,https://waterhardness.uk/water-hardness/s41,/water-hardness/s41,S41,Severn Trent Water,160,11.2,4
Outcode Regional Hub,https://waterhardness.uk/water-hardness/s42,/water-hardness/s42,S42,Severn Trent Water,160,11.2,3
Outcode Regional Hub,https://waterhardness.uk/water-hardness/s43,/water-hardness/s43,S43,Severn Trent Water,160,11.2,5
Outcode Regional Hub,https://waterhardness.uk/water-hardness/s44,/water-hardness/s44,S44,Severn Trent Water,160,11.2,3
Outcode Regional Hub,https://waterhardness.uk/water-hardness/s45,/water-hardness/s45,S45,Severn Trent Water,160,11.2,3
Outcode Regional Hub,https://waterhardness.uk/water-hardness/s49,/water-hardness/s49,S49,Severn Trent Water,160,11.2,1
Outcode Regional Hub,https://waterhardness.uk/water-hardness/s5,/water-hardness/s5,S5,Yorkshire Water,110,7.7,6
Outcode Regional Hub,https://waterhardness.uk/water-hardness/s6,/water-hardness/s6,S6,Yorkshire Water,110,7.7,7
Outcode Regional Hub,https://waterhardness.uk/water-hardness/s60,/water-hardness/s60,S60,Yorkshire Water,110,7.7,7
Outcode Regional Hub,https://waterhardness.uk/water-hardness/s61,/water-hardness/s61,S61,Yorkshire Water,110,7.7,4
Outcode Regional Hub,https://waterhardness.uk/water-hardness/s62,/water-hardness/s62,S62,Yorkshire Water,110,7.7,3
Outcode Regional Hub,https://waterhardness.uk/water-hardness/s63,/water-hardness/s63,S63,Yorkshire Water,110,7.7,7
Outcode Regional Hub,https://waterhardness.uk/water-hardness/s64,/water-hardness/s64,S64,Yorkshire Water,110,7.7,4
Outcode Regional Hub,https://waterhardness.uk/water-hardness/s65,/water-hardness/s65,S65,Yorkshire Water,110,7.7,4
Outcode Regional Hub,https://waterhardness.uk/water-hardness/s66,/water-hardness/s66,S66,Yorkshire Water,110,7.7,7
Outcode Regional Hub,https://waterhardness.uk/water-hardness/s7,/water-hardness/s7,S7,Yorkshire Water,110,7.7,2
Outcode Regional Hub,https://waterhardness.uk/water-hardness/s70,/water-hardness/s70,S70,Yorkshire Water,110,7.7,7
Outcode Regional Hub,https://waterhardness.uk/water-hardness/s71,/water-hardness/s71,S71,Yorkshire Water,110,7.7,5
Outcode Regional Hub,https://waterhardness.uk/water-hardness/s72,/water-hardness/s72,S72,Yorkshire Water,110,7.7,4
Outcode Regional Hub,https://waterhardness.uk/water-hardness/s73,/water-hardness/s73,S73,Yorkshire Water,110,7.7,4
Outcode Regional Hub,https://waterhardness.uk/water-hardness/s74,/water-hardness/s74,S74,Yorkshire Water,110,7.7,3
Outcode Regional Hub,https://waterhardness.uk/water-hardness/s75,/water-hardness/s75,S75,Yorkshire Water,110,7.7,6
Outcode Regional Hub,https://waterhardness.uk/water-hardness/s8,/water-hardness/s8,S8,Yorkshire Water,110,7.7,5
Outcode Regional Hub,https://waterhardness.uk/water-hardness/s80,/water-hardness/s80,S80,Severn Trent Water,160,11.2,5
Outcode Regional Hub,https://waterhardness.uk/water-hardness/s81,/water-hardness/s81,S81,Severn Trent Water,160,11.2,4
Outcode Regional Hub,https://waterhardness.uk/water-hardness/s9,/water-hardness/s9,S9,Yorkshire Water,110,7.7,6
Outcode Regional Hub,https://waterhardness.uk/water-hardness/s94,/water-hardness/s94,S94,Northumbrian Water,130,9.1,1
Outcode Regional Hub,https://waterhardness.uk/water-hardness/s95,/water-hardness/s95,S95,Yorkshire Water,110,7.7,1
Outcode Regional Hub,https://waterhardness.uk/water-hardness/s96,/water-hardness/s96,S96,Yorkshire Water,110,7.7,1
Outcode Regional Hub,https://waterhardness.uk/water-hardness/s97,/water-hardness/s97,S97,Yorkshire Water,110,7.7,1
Outcode Regional Hub,https://waterhardness.uk/water-hardness/s98,/water-hardness/s98,S98,Yorkshire Water,110,7.7,2
Outcode Regional Hub,https://waterhardness.uk/water-hardness/s99,/water-hardness/s99,S99,Yorkshire Water,110,7.7,3
Outcode Regional Hub,https://waterhardness.uk/water-hardness/sa1,/water-hardness/sa1,SA1,Dŵr Cymru Welsh Water,45,3.2,9
Outcode Regional Hub,https://waterhardness.uk/water-hardness/sa10,/water-hardness/sa10,SA10,Dŵr Cymru Welsh Water,45,3.2,4
Outcode Regional Hub,https://waterhardness.uk/water-hardness/sa11,/water-hardness/sa11,SA11,Dŵr Cymru Welsh Water,45,3.2,6
Outcode Regional Hub,https://waterhardness.uk/water-hardness/sa12,/water-hardness/sa12,SA12,Dŵr Cymru Welsh Water,45,3.2,4
Outcode Regional Hub,https://waterhardness.uk/water-hardness/sa13,/water-hardness/sa13,SA13,Dŵr Cymru Welsh Water,45,3.2,4
Outcode Regional Hub,https://waterhardness.uk/water-hardness/sa14,/water-hardness/sa14,SA14,South West Water,40,2.8,2
Outcode Regional Hub,https://waterhardness.uk/water-hardness/sa14,/water-hardness/sa14,SA14,Dŵr Cymru Welsh Water,45,3.2,2
Outcode Regional Hub,https://waterhardness.uk/water-hardness/sa15,/water-hardness/sa15,SA15,South West Water,40,2.8,6
Outcode Regional Hub,https://waterhardness.uk/water-hardness/sa16,/water-hardness/sa16,SA16,South West Water,40,2.8,1
Outcode Regional Hub,https://waterhardness.uk/water-hardness/sa17,/water-hardness/sa17,SA17,South West Water,40,2.8,2
Outcode Regional Hub,https://waterhardness.uk/water-hardness/sa18,/water-hardness/sa18,SA18,Dŵr Cymru Welsh Water,45,3.2,4
Outcode Regional Hub,https://waterhardness.uk/water-hardness/sa19,/water-hardness/sa19,SA19,Dŵr Cymru Welsh Water,45,3.2,4
Outcode Regional Hub,https://waterhardness.uk/water-hardness/sa19,/water-hardness/sa19,SA19,Hafren Dyfrdwy,140,9.8,1
Outcode Regional Hub,https://waterhardness.uk/water-hardness/sa2,/water-hardness/sa2,SA2,South West Water,40,2.8,4
Outcode Regional Hub,https://waterhardness.uk/water-hardness/sa20,/water-hardness/sa20,SA20,Dŵr Cymru Welsh Water,45,3.2,1
Outcode Regional Hub,https://waterhardness.uk/water-hardness/sa3,/water-hardness/sa3,SA3,Dŵr Cymru Welsh Water,45,3.2,1
Outcode Regional Hub,https://waterhardness.uk/water-hardness/sa3,/water-hardness/sa3,SA3,South West Water,40,2.8,5
Outcode Regional Hub,https://waterhardness.uk/water-hardness/sa31,/water-hardness/sa31,SA31,South West Water,40,2.8,4
Outcode Regional Hub,https://waterhardness.uk/water-hardness/sa32,/water-hardness/sa32,SA32,Dŵr Cymru Welsh Water,45,3.2,2
Outcode Regional Hub,https://waterhardness.uk/water-hardness/sa33,/water-hardness/sa33,SA33,South West Water,40,2.8,3
Outcode Regional Hub,https://waterhardness.uk/water-hardness/sa34,/water-hardness/sa34,SA34,South West Water,40,2.8,1
Outcode Regional Hub,https://waterhardness.uk/water-hardness/sa35,/water-hardness/sa35,SA35,South West Water,40,2.8,1
Outcode Regional Hub,https://waterhardness.uk/water-hardness/sa36,/water-hardness/sa36,SA36,South West Water,40,2.8,1
Outcode Regional Hub,https://waterhardness.uk/water-hardness/sa37,/water-hardness/sa37,SA37,Hafren Dyfrdwy,140,9.8,1
Outcode Regional Hub,https://waterhardness.uk/water-hardness/sa38,/water-hardness/sa38,SA38,Hafren Dyfrdwy,140,9.8,1
Outcode Regional Hub,https://waterhardness.uk/water-hardness/sa39,/water-hardness/sa39,SA39,Hafren Dyfrdwy,140,9.8,1
Outcode Regional Hub,https://waterhardness.uk/water-hardness/sa4,/water-hardness/sa4,SA4,South West Water,40,2.8,3
Outcode Regional Hub,https://waterhardness.uk/water-hardness/sa4,/water-hardness/sa4,SA4,Dŵr Cymru Welsh Water,45,3.2,4
Outcode Regional Hub,https://waterhardness.uk/water-hardness/sa40,/water-hardness/sa40,SA40,Hafren Dyfrdwy,140,9.8,1
Outcode Regional Hub,https://waterhardness.uk/water-hardness/sa41,/water-hardness/sa41,SA41,South West Water,40,2.8,1
Outcode Regional Hub,https://waterhardness.uk/water-hardness/sa42,/water-hardness/sa42,SA42,South West Water,40,2.8,1
Outcode Regional Hub,https://waterhardness.uk/water-hardness/sa43,/water-hardness/sa43,SA43,Hafren Dyfrdwy,140,9.8,4
Outcode Regional Hub,https://waterhardness.uk/water-hardness/sa44,/water-hardness/sa44,SA44,Hafren Dyfrdwy,140,9.8,4
Outcode Regional Hub,https://waterhardness.uk/water-hardness/sa45,/water-hardness/sa45,SA45,Hafren Dyfrdwy,140,9.8,1
Outcode Regional Hub,https://waterhardness.uk/water-hardness/sa46,/water-hardness/sa46,SA46,Hafren Dyfrdwy,140,9.8,1
Outcode Regional Hub,https://waterhardness.uk/water-hardness/sa47,/water-hardness/sa47,SA47,Hafren Dyfrdwy,140,9.8,1
Outcode Regional Hub,https://waterhardness.uk/water-hardness/sa48,/water-hardness/sa48,SA48,Hafren Dyfrdwy,140,9.8,3
Outcode Regional Hub,https://waterhardness.uk/water-hardness/sa5,/water-hardness/sa5,SA5,Dŵr Cymru Welsh Water,45,3.2,5
Outcode Regional Hub,https://waterhardness.uk/water-hardness/sa6,/water-hardness/sa6,SA6,Dŵr Cymru Welsh Water,45,3.2,4
Outcode Regional Hub,https://waterhardness.uk/water-hardness/sa61,/water-hardness/sa61,SA61,South West Water,40,2.8,3
Outcode Regional Hub,https://waterhardness.uk/water-hardness/sa62,/water-hardness/sa62,SA62,South West Water,40,2.8,4
Outcode Regional Hub,https://waterhardness.uk/water-hardness/sa63,/water-hardness/sa63,SA63,South West Water,40,2.8,1
Outcode Regional Hub,https://waterhardness.uk/water-hardness/sa64,/water-hardness/sa64,SA64,South West Water,40,2.8,1
Outcode Regional Hub,https://waterhardness.uk/water-hardness/sa65,/water-hardness/sa65,SA65,South West Water,40,2.8,2
Outcode Regional Hub,https://waterhardness.uk/water-hardness/sa66,/water-hardness/sa66,SA66,South West Water,40,2.8,1
Outcode Regional Hub,https://waterhardness.uk/water-hardness/sa67,/water-hardness/sa67,SA67,South West Water,40,2.8,3
Outcode Regional Hub,https://waterhardness.uk/water-hardness/sa68,/water-hardness/sa68,SA68,South West Water,40,2.8,1
Outcode Regional Hub,https://waterhardness.uk/water-hardness/sa69,/water-hardness/sa69,SA69,South West Water,40,2.8,1
Outcode Regional Hub,https://waterhardness.uk/water-hardness/sa7,/water-hardness/sa7,SA7,Dŵr Cymru Welsh Water,45,3.2,2
Outcode Regional Hub,https://waterhardness.uk/water-hardness/sa70,/water-hardness/sa70,SA70,South West Water,40,2.8,3
Outcode Regional Hub,https://waterhardness.uk/water-hardness/sa71,/water-hardness/sa71,SA71,South West Water,40,2.8,2
Outcode Regional Hub,https://waterhardness.uk/water-hardness/sa72,/water-hardness/sa72,SA72,South West Water,40,2.8,3
Outcode Regional Hub,https://waterhardness.uk/water-hardness/sa73,/water-hardness/sa73,SA73,South West Water,40,2.8,4
Outcode Regional Hub,https://waterhardness.uk/water-hardness/sa8,/water-hardness/sa8,SA8,Dŵr Cymru Welsh Water,45,3.2,3
Outcode Regional Hub,https://waterhardness.uk/water-hardness/sa80,/water-hardness/sa80,SA80,Dŵr Cymru Welsh Water,45,3.2,1
Outcode Regional Hub,https://waterhardness.uk/water-hardness/sa9,/water-hardness/sa9,SA9,Dŵr Cymru Welsh Water,45,3.2,3
Outcode Regional Hub,https://waterhardness.uk/water-hardness/sa99,/water-hardness/sa99,SA99,Dŵr Cymru Welsh Water,45,3.2,1
Outcode Regional Hub,https://waterhardness.uk/water-hardness/se1,/water-hardness/se1,SE1,Thames Water,275,19.3,10
Outcode Regional Hub,https://waterhardness.uk/water-hardness/se10,/water-hardness/se10,SE10,Thames Water,275,19.3,4
Outcode Regional Hub,https://waterhardness.uk/water-hardness/se11,/water-hardness/se11,SE11,Thames Water,275,19.3,4
Outcode Regional Hub,https://waterhardness.uk/water-hardness/se12,/water-hardness/se12,SE12,Thames Water,275,19.3,4
Outcode Regional Hub,https://waterhardness.uk/water-hardness/se13,/water-hardness/se13,SE13,Thames Water,275,19.3,4
Outcode Regional Hub,https://waterhardness.uk/water-hardness/se14,/water-hardness/se14,SE14,Thames Water,275,19.3,3
Outcode Regional Hub,https://waterhardness.uk/water-hardness/se15,/water-hardness/se15,SE15,Thames Water,275,19.3,7
Outcode Regional Hub,https://waterhardness.uk/water-hardness/se16,/water-hardness/se16,SE16,Thames Water,275,19.3,7
Outcode Regional Hub,https://waterhardness.uk/water-hardness/se17,/water-hardness/se17,SE17,Thames Water,275,19.3,4
Outcode Regional Hub,https://waterhardness.uk/water-hardness/se18,/water-hardness/se18,SE18,Thames Water,275,19.3,8
Outcode Regional Hub,https://waterhardness.uk/water-hardness/se19,/water-hardness/se19,SE19,Thames Water,275,19.3,4
Outcode Regional Hub,https://waterhardness.uk/water-hardness/se1p,/water-hardness/se1p,SE1P,Thames Water,275,19.3,3
Outcode Regional Hub,https://waterhardness.uk/water-hardness/se2,/water-hardness/se2,SE2,Thames Water,275,19.3,3
Outcode Regional Hub,https://waterhardness.uk/water-hardness/se20,/water-hardness/se20,SE20,Thames Water,275,19.3,3
Outcode Regional Hub,https://waterhardness.uk/water-hardness/se21,/water-hardness/se21,SE21,Thames Water,275,19.3,3
Outcode Regional Hub,https://waterhardness.uk/water-hardness/se22,/water-hardness/se22,SE22,Thames Water,275,19.3,4
Outcode Regional Hub,https://waterhardness.uk/water-hardness/se23,/water-hardness/se23,SE23,Thames Water,275,19.3,4
Outcode Regional Hub,https://waterhardness.uk/water-hardness/se24,/water-hardness/se24,SE24,Thames Water,275,19.3,3
Outcode Regional Hub,https://waterhardness.uk/water-hardness/se25,/water-hardness/se25,SE25,Thames Water,275,19.3,4
Outcode Regional Hub,https://waterhardness.uk/water-hardness/se26,/water-hardness/se26,SE26,Thames Water,275,19.3,4
Outcode Regional Hub,https://waterhardness.uk/water-hardness/se27,/water-hardness/se27,SE27,Thames Water,275,19.3,3
Outcode Regional Hub,https://waterhardness.uk/water-hardness/se28,/water-hardness/se28,SE28,Thames Water,275,19.3,3
Outcode Regional Hub,https://waterhardness.uk/water-hardness/se3,/water-hardness/se3,SE3,Thames Water,275,19.3,5
Outcode Regional Hub,https://waterhardness.uk/water-hardness/se4,/water-hardness/se4,SE4,Thames Water,275,19.3,3
Outcode Regional Hub,https://waterhardness.uk/water-hardness/se5,/water-hardness/se5,SE5,Thames Water,275,19.3,5
Outcode Regional Hub,https://waterhardness.uk/water-hardness/se6,/water-hardness/se6,SE6,Thames Water,275,19.3,5
Outcode Regional Hub,https://waterhardness.uk/water-hardness/se7,/water-hardness/se7,SE7,Thames Water,275,19.3,3
Outcode Regional Hub,https://waterhardness.uk/water-hardness/se8,/water-hardness/se8,SE8,Thames Water,275,19.3,4
Outcode Regional Hub,https://waterhardness.uk/water-hardness/se9,/water-hardness/se9,SE9,Thames Water,275,19.3,7
Outcode Regional Hub,https://waterhardness.uk/water-hardness/sg1,/water-hardness/sg1,SG1,Affinity Water,290,20.3,7
Outcode Regional Hub,https://waterhardness.uk/water-hardness/sg10,/water-hardness/sg10,SG10,Affinity Water,290,20.3,1
Outcode Regional Hub,https://waterhardness.uk/water-hardness/sg11,/water-hardness/sg11,SG11,Affinity Water,290,20.3,2
Outcode Regional Hub,https://waterhardness.uk/water-hardness/sg12,/water-hardness/sg12,SG12,Affinity Water,290,20.3,5
Outcode Regional Hub,https://waterhardness.uk/water-hardness/sg13,/water-hardness/sg13,SG13,Affinity Water,290,20.3,3
Outcode Regional Hub,https://waterhardness.uk/water-hardness/sg14,/water-hardness/sg14,SG14,Affinity Water,290,20.3,3
Outcode Regional Hub,https://waterhardness.uk/water-hardness/sg15,/water-hardness/sg15,SG15,Anglian Water,310,21.7,1
Outcode Regional Hub,https://waterhardness.uk/water-hardness/sg16,/water-hardness/sg16,SG16,Anglian Water,310,21.7,1
Outcode Regional Hub,https://waterhardness.uk/water-hardness/sg17,/water-hardness/sg17,SG17,Anglian Water,310,21.7,2
Outcode Regional Hub,https://waterhardness.uk/water-hardness/sg18,/water-hardness/sg18,SG18,Anglian Water,310,21.7,4
Outcode Regional Hub,https://waterhardness.uk/water-hardness/sg19,/water-hardness/sg19,SG19,Cambridge Water,315,22,1
Outcode Regional Hub,https://waterhardness.uk/water-hardness/sg19,/water-hardness/sg19,SG19,Anglian Water,310,21.7,3
Outcode Regional Hub,https://waterhardness.uk/water-hardness/sg2,/water-hardness/sg2,SG2,Affinity Water,290,20.3,4
Outcode Regional Hub,https://waterhardness.uk/water-hardness/sg3,/water-hardness/sg3,SG3,Affinity Water,290,20.3,1
Outcode Regional Hub,https://waterhardness.uk/water-hardness/sg4,/water-hardness/sg4,SG4,Affinity Water,290,20.3,4
Outcode Regional Hub,https://waterhardness.uk/water-hardness/sg5,/water-hardness/sg5,SG5,Anglian Water,310,21.7,1
Outcode Regional Hub,https://waterhardness.uk/water-hardness/sg5,/water-hardness/sg5,SG5,Affinity Water,290,20.3,4
Outcode Regional Hub,https://waterhardness.uk/water-hardness/sg6,/water-hardness/sg6,SG6,Affinity Water,290,20.3,5
Outcode Regional Hub,https://waterhardness.uk/water-hardness/sg7,/water-hardness/sg7,SG7,Affinity Water,290,20.3,2
Outcode Regional Hub,https://waterhardness.uk/water-hardness/sg8,/water-hardness/sg8,SG8,Affinity Water,290,20.3,3
Outcode Regional Hub,https://waterhardness.uk/water-hardness/sg8,/water-hardness/sg8,SG8,Cambridge Water,315,22,4
Outcode Regional Hub,https://waterhardness.uk/water-hardness/sg9,/water-hardness/sg9,SG9,Affinity Water,290,20.3,2
Outcode Regional Hub,https://waterhardness.uk/water-hardness/sk1,/water-hardness/sk1,SK1,United Utilities,45,3.2,5
Outcode Regional Hub,https://waterhardness.uk/water-hardness/sk10,/water-hardness/sk10,SK10,United Utilities,45,3.2,6
Outcode Regional Hub,https://waterhardness.uk/water-hardness/sk11,/water-hardness/sk11,SK11,United Utilities,45,3.2,5
Outcode Regional Hub,https://waterhardness.uk/water-hardness/sk12,/water-hardness/sk12,SK12,United Utilities,45,3.2,2
Outcode Regional Hub,https://waterhardness.uk/water-hardness/sk13,/water-hardness/sk13,SK13,United Utilities,45,3.2,8
Outcode Regional Hub,https://waterhardness.uk/water-hardness/sk14,/water-hardness/sk14,SK14,United Utilities,45,3.2,8
Outcode Regional Hub,https://waterhardness.uk/water-hardness/sk15,/water-hardness/sk15,SK15,United Utilities,45,3.2,3
Outcode Regional Hub,https://waterhardness.uk/water-hardness/sk16,/water-hardness/sk16,SK16,United Utilities,45,3.2,2
Outcode Regional Hub,https://waterhardness.uk/water-hardness/sk17,/water-hardness/sk17,SK17,Severn Trent Water,160,11.2,6
Outcode Regional Hub,https://waterhardness.uk/water-hardness/sk2,/water-hardness/sk2,SK2,United Utilities,45,3.2,3
Outcode Regional Hub,https://waterhardness.uk/water-hardness/sk2,/water-hardness/sk2,SK2,Northumbrian Water,130,9.1,1
Outcode Regional Hub,https://waterhardness.uk/water-hardness/sk22,/water-hardness/sk22,SK22,United Utilities,45,3.2,3
Outcode Regional Hub,https://waterhardness.uk/water-hardness/sk22,/water-hardness/sk22,SK22,Severn Trent Water,160,11.2,2
Outcode Regional Hub,https://waterhardness.uk/water-hardness/sk23,/water-hardness/sk23,SK23,Severn Trent Water,160,11.2,3
Outcode Regional Hub,https://waterhardness.uk/water-hardness/sk23,/water-hardness/sk23,SK23,United Utilities,45,3.2,1
Outcode Regional Hub,https://waterhardness.uk/water-hardness/sk3,/water-hardness/sk3,SK3,United Utilities,45,3.2,4
Outcode Regional Hub,https://waterhardness.uk/water-hardness/sk4,/water-hardness/sk4,SK4,United Utilities,45,3.2,6
Outcode Regional Hub,https://waterhardness.uk/water-hardness/sk5,/water-hardness/sk5,SK5,United Utilities,45,3.2,4
Outcode Regional Hub,https://waterhardness.uk/water-hardness/sk6,/water-hardness/sk6,SK6,United Utilities,45,3.2,10
Outcode Regional Hub,https://waterhardness.uk/water-hardness/sk7,/water-hardness/sk7,SK7,United Utilities,45,3.2,7
Outcode Regional Hub,https://waterhardness.uk/water-hardness/sk8,/water-hardness/sk8,SK8,United Utilities,45,3.2,8
Outcode Regional Hub,https://waterhardness.uk/water-hardness/sk9,/water-hardness/sk9,SK9,United Utilities,45,3.2,8
Outcode Regional Hub,https://waterhardness.uk/water-hardness/sl0,/water-hardness/sl0,SL0,Thames Water,275,19.3,1
Outcode Regional Hub,https://waterhardness.uk/water-hardness/sl0,/water-hardness/sl0,SL0,Affinity Water,290,20.3,2
Outcode Regional Hub,https://waterhardness.uk/water-hardness/sl1,/water-hardness/sl1,SL1,Thames Water,275,19.3,10
Outcode Regional Hub,https://waterhardness.uk/water-hardness/sl2,/water-hardness/sl2,SL2,Thames Water,275,19.3,5
Outcode Regional Hub,https://waterhardness.uk/water-hardness/sl3,/water-hardness/sl3,SL3,Thames Water,275,19.3,6
Outcode Regional Hub,https://waterhardness.uk/water-hardness/sl4,/water-hardness/sl4,SL4,South East Water,270,18.9,1
Outcode Regional Hub,https://waterhardness.uk/water-hardness/sl4,/water-hardness/sl4,SL4,Affinity Water,290,20.3,1
Outcode Regional Hub,https://waterhardness.uk/water-hardness/sl4,/water-hardness/sl4,SL4,Thames Water,275,19.3,5
Outcode Regional Hub,https://waterhardness.uk/water-hardness/sl5,/water-hardness/sl5,SL5,Affinity Water,290,20.3,5
Outcode Regional Hub,https://waterhardness.uk/water-hardness/sl6,/water-hardness/sl6,SL6,South East Water,270,18.9,9
Outcode Regional Hub,https://waterhardness.uk/water-hardness/sl6,/water-hardness/sl6,SL6,Thames Water,275,19.3,1
Outcode Regional Hub,https://waterhardness.uk/water-hardness/sl60,/water-hardness/sl60,SL60,South East Water,270,18.9,1
Outcode Regional Hub,https://waterhardness.uk/water-hardness/sl7,/water-hardness/sl7,SL7,Thames Water,275,19.3,4
Outcode Regional Hub,https://waterhardness.uk/water-hardness/sl8,/water-hardness/sl8,SL8,Thames Water,275,19.3,1
Outcode Regional Hub,https://waterhardness.uk/water-hardness/sl9,/water-hardness/sl9,SL9,Affinity Water,290,20.3,5
Outcode Regional Hub,https://waterhardness.uk/water-hardness/sl95,/water-hardness/sl95,SL95,Thames Water,275,19.3,1
Outcode Regional Hub,https://waterhardness.uk/water-hardness/sm1,/water-hardness/sm1,SM1,SES Water,260,18.2,5
Outcode Regional Hub,https://waterhardness.uk/water-hardness/sm2,/water-hardness/sm2,SM2,SES Water,260,18.2,3
Outcode Regional Hub,https://waterhardness.uk/water-hardness/sm3,/water-hardness/sm3,SM3,SES Water,260,18.2,2
Outcode Regional Hub,https://waterhardness.uk/water-hardness/sm4,/water-hardness/sm4,SM4,SES Water,260,18.2,4
Outcode Regional Hub,https://waterhardness.uk/water-hardness/sm5,/water-hardness/sm5,SM5,SES Water,260,18.2,5
Outcode Regional Hub,https://waterhardness.uk/water-hardness/sm6,/water-hardness/sm6,SM6,SES Water,260,18.2,5
Outcode Regional Hub,https://waterhardness.uk/water-hardness/sm7,/water-hardness/sm7,SM7,SES Water,260,18.2,4
Outcode Regional Hub,https://waterhardness.uk/water-hardness/sn1,/water-hardness/sn1,SN1,Thames Water,275,19.3,6
Outcode Regional Hub,https://waterhardness.uk/water-hardness/sn10,/water-hardness/sn10,SN10,Wessex Water,290,20.3,6
Outcode Regional Hub,https://waterhardness.uk/water-hardness/sn11,/water-hardness/sn11,SN11,Wessex Water,290,20.3,4
Outcode Regional Hub,https://waterhardness.uk/water-hardness/sn12,/water-hardness/sn12,SN12,Wessex Water,290,20.3,4
Outcode Regional Hub,https://waterhardness.uk/water-hardness/sn13,/water-hardness/sn13,SN13,Wessex Water,290,20.3,3
Outcode Regional Hub,https://waterhardness.uk/water-hardness/sn14,/water-hardness/sn14,SN14,Bristol Water,265,18.6,1
Outcode Regional Hub,https://waterhardness.uk/water-hardness/sn14,/water-hardness/sn14,SN14,Wessex Water,290,20.3,3
Outcode Regional Hub,https://waterhardness.uk/water-hardness/sn15,/water-hardness/sn15,SN15,Thames Water,275,19.3,1
Outcode Regional Hub,https://waterhardness.uk/water-hardness/sn15,/water-hardness/sn15,SN15,Wessex Water,290,20.3,5
Outcode Regional Hub,https://waterhardness.uk/water-hardness/sn16,/water-hardness/sn16,SN16,Wessex Water,290,20.3,2
Outcode Regional Hub,https://waterhardness.uk/water-hardness/sn16,/water-hardness/sn16,SN16,Thames Water,275,19.3,1
Outcode Regional Hub,https://waterhardness.uk/water-hardness/sn2,/water-hardness/sn2,SN2,Thames Water,275,19.3,6
Outcode Regional Hub,https://waterhardness.uk/water-hardness/sn25,/water-hardness/sn25,SN25,Thames Water,275,19.3,6
Outcode Regional Hub,https://waterhardness.uk/water-hardness/sn26,/water-hardness/sn26,SN26,Thames Water,275,19.3,2
Outcode Regional Hub,https://waterhardness.uk/water-hardness/sn3,/water-hardness/sn3,SN3,Thames Water,275,19.3,8
Outcode Regional Hub,https://waterhardness.uk/water-hardness/sn38,/water-hardness/sn38,SN38,Thames Water,275,19.3,10
Outcode Regional Hub,https://waterhardness.uk/water-hardness/sn4,/water-hardness/sn4,SN4,Thames Water,275,19.3,5
Outcode Regional Hub,https://waterhardness.uk/water-hardness/sn5,/water-hardness/sn5,SN5,Thames Water,275,19.3,8
Outcode Regional Hub,https://waterhardness.uk/water-hardness/sn6,/water-hardness/sn6,SN6,Thames Water,275,19.3,3
Outcode Regional Hub,https://waterhardness.uk/water-hardness/sn7,/water-hardness/sn7,SN7,Thames Water,275,19.3,3
Outcode Regional Hub,https://waterhardness.uk/water-hardness/sn8,/water-hardness/sn8,SN8,Thames Water,275,19.3,5
Outcode Regional Hub,https://waterhardness.uk/water-hardness/sn80,/water-hardness/sn80,SN80,Northumbrian Water,130,9.1,1
Outcode Regional Hub,https://waterhardness.uk/water-hardness/sn9,/water-hardness/sn9,SN9,Wessex Water,290,20.3,2
Outcode Regional Hub,https://waterhardness.uk/water-hardness/sn99,/water-hardness/sn99,SN99,Thames Water,275,19.3,1
Outcode Regional Hub,https://waterhardness.uk/water-hardness/so14,/water-hardness/so14,SO14,Southern Water,280,19.6,7
Outcode Regional Hub,https://waterhardness.uk/water-hardness/so15,/water-hardness/so15,SO15,Southern Water,280,19.6,9
Outcode Regional Hub,https://waterhardness.uk/water-hardness/so16,/water-hardness/so16,SO16,Southern Water,280,19.6,9
Outcode Regional Hub,https://waterhardness.uk/water-hardness/so17,/water-hardness/so17,SO17,Southern Water,280,19.6,3
Outcode Regional Hub,https://waterhardness.uk/water-hardness/so18,/water-hardness/so18,SO18,Southern Water,280,19.6,7
Outcode Regional Hub,https://waterhardness.uk/water-hardness/so19,/water-hardness/so19,SO19,Southern Water,280,19.6,9
Outcode Regional Hub,https://waterhardness.uk/water-hardness/so20,/water-hardness/so20,SO20,Southern Water,280,19.6,2
Outcode Regional Hub,https://waterhardness.uk/water-hardness/so21,/water-hardness/so21,SO21,Southern Water,280,19.6,3
Outcode Regional Hub,https://waterhardness.uk/water-hardness/so22,/water-hardness/so22,SO22,Southern Water,280,19.6,3
Outcode Regional Hub,https://waterhardness.uk/water-hardness/so23,/water-hardness/so23,SO23,Southern Water,280,19.6,6
Outcode Regional Hub,https://waterhardness.uk/water-hardness/so24,/water-hardness/so24,SO24,Southern Water,280,19.6,3
Outcode Regional Hub,https://waterhardness.uk/water-hardness/so25,/water-hardness/so25,SO25,Southern Water,280,19.6,1
Outcode Regional Hub,https://waterhardness.uk/water-hardness/so30,/water-hardness/so30,SO30,Southern Water,280,19.6,5
Outcode Regional Hub,https://waterhardness.uk/water-hardness/so31,/water-hardness/so31,SO31,Southern Water,280,19.6,8
Outcode Regional Hub,https://waterhardness.uk/water-hardness/so32,/water-hardness/so32,SO32,Portsmouth Water,250,17.5,2
Outcode Regional Hub,https://waterhardness.uk/water-hardness/so32,/water-hardness/so32,SO32,Southern Water,280,19.6,1
Outcode Regional Hub,https://waterhardness.uk/water-hardness/so40,/water-hardness/so40,SO40,Southern Water,280,19.6,7
Outcode Regional Hub,https://waterhardness.uk/water-hardness/so41,/water-hardness/so41,SO41,South West Water,40,2.8,7
Outcode Regional Hub,https://waterhardness.uk/water-hardness/so42,/water-hardness/so42,SO42,South West Water,40,2.8,1
Outcode Regional Hub,https://waterhardness.uk/water-hardness/so43,/water-hardness/so43,SO43,Southern Water,280,19.6,1
Outcode Regional Hub,https://waterhardness.uk/water-hardness/so45,/water-hardness/so45,SO45,Southern Water,280,19.6,7
Outcode Regional Hub,https://waterhardness.uk/water-hardness/so50,/water-hardness/so50,SO50,Southern Water,280,19.6,7
Outcode Regional Hub,https://waterhardness.uk/water-hardness/so50,/water-hardness/so50,SO50,Northumbrian Water,130,9.1,1
Outcode Regional Hub,https://waterhardness.uk/water-hardness/so51,/water-hardness/so51,SO51,South West Water,40,2.8,1
Outcode Regional Hub,https://waterhardness.uk/water-hardness/so51,/water-hardness/so51,SO51,Southern Water,280,19.6,6
Outcode Regional Hub,https://waterhardness.uk/water-hardness/so52,/water-hardness/so52,SO52,Southern Water,280,19.6,1
Outcode Regional Hub,https://waterhardness.uk/water-hardness/so53,/water-hardness/so53,SO53,Southern Water,280,19.6,5
Outcode Regional Hub,https://waterhardness.uk/water-hardness/so97,/water-hardness/so97,SO97,Southern Water,280,19.6,1
Outcode Regional Hub,https://waterhardness.uk/water-hardness/sp1,/water-hardness/sp1,SP1,Wessex Water,290,20.3,3
Outcode Regional Hub,https://waterhardness.uk/water-hardness/sp10,/water-hardness/sp10,SP10,Southern Water,280,19.6,6
Outcode Regional Hub,https://waterhardness.uk/water-hardness/sp11,/water-hardness/sp11,SP11,Southern Water,280,19.6,4
Outcode Regional Hub,https://waterhardness.uk/water-hardness/sp11,/water-hardness/sp11,SP11,Wessex Water,290,20.3,1
Outcode Regional Hub,https://waterhardness.uk/water-hardness/sp2,/water-hardness/sp2,SP2,Wessex Water,290,20.3,5
Outcode Regional Hub,https://waterhardness.uk/water-hardness/sp3,/water-hardness/sp3,SP3,Wessex Water,290,20.3,3
Outcode Regional Hub,https://waterhardness.uk/water-hardness/sp4,/water-hardness/sp4,SP4,Wessex Water,290,20.3,7
Outcode Regional Hub,https://waterhardness.uk/water-hardness/sp5,/water-hardness/sp5,SP5,Wessex Water,290,20.3,3
Outcode Regional Hub,https://waterhardness.uk/water-hardness/sp5,/water-hardness/sp5,SP5,South West Water,40,2.8,2
Outcode Regional Hub,https://waterhardness.uk/water-hardness/sp6,/water-hardness/sp6,SP6,South West Water,40,2.8,4
Outcode Regional Hub,https://waterhardness.uk/water-hardness/sp7,/water-hardness/sp7,SP7,Wessex Water,290,20.3,4
Outcode Regional Hub,https://waterhardness.uk/water-hardness/sp8,/water-hardness/sp8,SP8,Wessex Water,290,20.3,3
Outcode Regional Hub,https://waterhardness.uk/water-hardness/sp9,/water-hardness/sp9,SP9,Veolia Water Projects,280,19.6,1
Outcode Regional Hub,https://waterhardness.uk/water-hardness/sr1,/water-hardness/sr1,SR1,Northumbrian Water,130,9.1,3
Outcode Regional Hub,https://waterhardness.uk/water-hardness/sr2,/water-hardness/sr2,SR2,Northumbrian Water,130,9.1,4
Outcode Regional Hub,https://waterhardness.uk/water-hardness/sr3,/water-hardness/sr3,SR3,Northumbrian Water,130,9.1,4
Outcode Regional Hub,https://waterhardness.uk/water-hardness/sr4,/water-hardness/sr4,SR4,Northumbrian Water,130,9.1,5
Outcode Regional Hub,https://waterhardness.uk/water-hardness/sr43,/water-hardness/sr43,SR43,Northumbrian Water,130,9.1,3
Outcode Regional Hub,https://waterhardness.uk/water-hardness/sr5,/water-hardness/sr5,SR5,Northumbrian Water,130,9.1,6
Outcode Regional Hub,https://waterhardness.uk/water-hardness/sr6,/water-hardness/sr6,SR6,Northumbrian Water,130,9.1,4
Outcode Regional Hub,https://waterhardness.uk/water-hardness/sr7,/water-hardness/sr7,SR7,Northumbrian Water,130,9.1,5
Outcode Regional Hub,https://waterhardness.uk/water-hardness/sr8,/water-hardness/sr8,SR8,Northumbrian Water,130,9.1,6
Outcode Regional Hub,https://waterhardness.uk/water-hardness/ss0,/water-hardness/ss0,SS0,Essex and Suffolk Water,320,22.4,4
Outcode Regional Hub,https://waterhardness.uk/water-hardness/ss1,/water-hardness/ss1,SS1,Essex and Suffolk Water,320,22.4,4
Outcode Regional Hub,https://waterhardness.uk/water-hardness/ss11,/water-hardness/ss11,SS11,Essex and Suffolk Water,320,22.4,3
Outcode Regional Hub,https://waterhardness.uk/water-hardness/ss12,/water-hardness/ss12,SS12,Essex and Suffolk Water,320,22.4,2
Outcode Regional Hub,https://waterhardness.uk/water-hardness/ss13,/water-hardness/ss13,SS13,Essex and Suffolk Water,320,22.4,3
Outcode Regional Hub,https://waterhardness.uk/water-hardness/ss14,/water-hardness/ss14,SS14,Essex and Suffolk Water,320,22.4,4
Outcode Regional Hub,https://waterhardness.uk/water-hardness/ss15,/water-hardness/ss15,SS15,Essex and Suffolk Water,320,22.4,3
Outcode Regional Hub,https://waterhardness.uk/water-hardness/ss16,/water-hardness/ss16,SS16,Essex and Suffolk Water,320,22.4,3
Outcode Regional Hub,https://waterhardness.uk/water-hardness/ss17,/water-hardness/ss17,SS17,Essex and Suffolk Water,320,22.4,5
Outcode Regional Hub,https://waterhardness.uk/water-hardness/ss2,/water-hardness/ss2,SS2,Essex and Suffolk Water,320,22.4,3
Outcode Regional Hub,https://waterhardness.uk/water-hardness/ss22,/water-hardness/ss22,SS22,Essex and Suffolk Water,320,22.4,1
Outcode Regional Hub,https://waterhardness.uk/water-hardness/ss3,/water-hardness/ss3,SS3,Essex and Suffolk Water,320,22.4,3
Outcode Regional Hub,https://waterhardness.uk/water-hardness/ss4,/water-hardness/ss4,SS4,Essex and Suffolk Water,320,22.4,4
Outcode Regional Hub,https://waterhardness.uk/water-hardness/ss5,/water-hardness/ss5,SS5,Essex and Suffolk Water,320,22.4,4
Outcode Regional Hub,https://waterhardness.uk/water-hardness/ss6,/water-hardness/ss6,SS6,Essex and Suffolk Water,320,22.4,4
Outcode Regional Hub,https://waterhardness.uk/water-hardness/ss7,/water-hardness/ss7,SS7,Essex and Suffolk Water,320,22.4,6
Outcode Regional Hub,https://waterhardness.uk/water-hardness/ss8,/water-hardness/ss8,SS8,Essex and Suffolk Water,320,22.4,5
Outcode Regional Hub,https://waterhardness.uk/water-hardness/ss9,/water-hardness/ss9,SS9,Essex and Suffolk Water,320,22.4,6
Outcode Regional Hub,https://waterhardness.uk/water-hardness/ss99,/water-hardness/ss99,SS99,Essex and Suffolk Water,320,22.4,5
Outcode Regional Hub,https://waterhardness.uk/water-hardness/st1,/water-hardness/st1,ST1,Severn Trent Water,160,11.2,6
Outcode Regional Hub,https://waterhardness.uk/water-hardness/st10,/water-hardness/st10,ST10,Severn Trent Water,160,11.2,5
Outcode Regional Hub,https://waterhardness.uk/water-hardness/st11,/water-hardness/st11,ST11,Severn Trent Water,160,11.2,1
Outcode Regional Hub,https://waterhardness.uk/water-hardness/st12,/water-hardness/st12,ST12,Severn Trent Water,160,11.2,1
Outcode Regional Hub,https://waterhardness.uk/water-hardness/st13,/water-hardness/st13,ST13,Severn Trent Water,160,11.2,5
Outcode Regional Hub,https://waterhardness.uk/water-hardness/st14,/water-hardness/st14,ST14,South Staffordshire Water,300,21,4
Outcode Regional Hub,https://waterhardness.uk/water-hardness/st15,/water-hardness/st15,ST15,Severn Trent Water,160,11.2,3
Outcode Regional Hub,https://waterhardness.uk/water-hardness/st16,/water-hardness/st16,ST16,Severn Trent Water,160,11.2,4
Outcode Regional Hub,https://waterhardness.uk/water-hardness/st17,/water-hardness/st17,ST17,Severn Trent Water,160,11.2,3
Outcode Regional Hub,https://waterhardness.uk/water-hardness/st18,/water-hardness/st18,ST18,Severn Trent Water,160,11.2,2
Outcode Regional Hub,https://waterhardness.uk/water-hardness/st19,/water-hardness/st19,ST19,Severn Trent Water,160,11.2,1
Outcode Regional Hub,https://waterhardness.uk/water-hardness/st19,/water-hardness/st19,ST19,South Staffordshire Water,300,21,1
Outcode Regional Hub,https://waterhardness.uk/water-hardness/st2,/water-hardness/st2,ST2,Severn Trent Water,160,11.2,4
Outcode Regional Hub,https://waterhardness.uk/water-hardness/st20,/water-hardness/st20,ST20,Severn Trent Water,160,11.2,1
Outcode Regional Hub,https://waterhardness.uk/water-hardness/st21,/water-hardness/st21,ST21,Severn Trent Water,160,11.2,1
Outcode Regional Hub,https://waterhardness.uk/water-hardness/st3,/water-hardness/st3,ST3,Severn Trent Water,160,11.2,8
Outcode Regional Hub,https://waterhardness.uk/water-hardness/st4,/water-hardness/st4,ST4,Severn Trent Water,160,11.2,9
Outcode Regional Hub,https://waterhardness.uk/water-hardness/st5,/water-hardness/st5,ST5,Severn Trent Water,160,11.2,10
Outcode Regional Hub,https://waterhardness.uk/water-hardness/st55,/water-hardness/st55,ST55,Severn Trent Water,160,11.2,1
Outcode Regional Hub,https://waterhardness.uk/water-hardness/st6,/water-hardness/st6,ST6,Severn Trent Water,160,11.2,9
Outcode Regional Hub,https://waterhardness.uk/water-hardness/st7,/water-hardness/st7,ST7,United Utilities,45,3.2,2
Outcode Regional Hub,https://waterhardness.uk/water-hardness/st7,/water-hardness/st7,ST7,Severn Trent Water,160,11.2,4
Outcode Regional Hub,https://waterhardness.uk/water-hardness/st8,/water-hardness/st8,ST8,Severn Trent Water,160,11.2,3
Outcode Regional Hub,https://waterhardness.uk/water-hardness/st9,/water-hardness/st9,ST9,Severn Trent Water,160,11.2,2
Outcode Regional Hub,https://waterhardness.uk/water-hardness/sw10,/water-hardness/sw10,SW10,Thames Water,275,19.3,3
Outcode Regional Hub,https://waterhardness.uk/water-hardness/sw11,/water-hardness/sw11,SW11,Thames Water,275,19.3,9
Outcode Regional Hub,https://waterhardness.uk/water-hardness/sw12,/water-hardness/sw12,SW12,Thames Water,275,19.3,4
Outcode Regional Hub,https://waterhardness.uk/water-hardness/sw13,/water-hardness/sw13,SW13,Thames Water,275,19.3,4
Outcode Regional Hub,https://waterhardness.uk/water-hardness/sw14,/water-hardness/sw14,SW14,Thames Water,275,19.3,3
Outcode Regional Hub,https://waterhardness.uk/water-hardness/sw15,/water-hardness/sw15,SW15,Thames Water,275,19.3,7
Outcode Regional Hub,https://waterhardness.uk/water-hardness/sw16,/water-hardness/sw16,SW16,Thames Water,275,19.3,7
Outcode Regional Hub,https://waterhardness.uk/water-hardness/sw17,/water-hardness/sw17,SW17,Thames Water,275,19.3,6
Outcode Regional Hub,https://waterhardness.uk/water-hardness/sw18,/water-hardness/sw18,SW18,Thames Water,275,19.3,6
Outcode Regional Hub,https://waterhardness.uk/water-hardness/sw19,/water-hardness/sw19,SW19,Thames Water,275,19.3,9
Outcode Regional Hub,https://waterhardness.uk/water-hardness/sw1a,/water-hardness/sw1a,SW1A,Thames Water,275,19.3,3
Outcode Regional Hub,https://waterhardness.uk/water-hardness/sw1e,/water-hardness/sw1e,SW1E,Thames Water,275,19.3,2
Outcode Regional Hub,https://waterhardness.uk/water-hardness/sw1h,/water-hardness/sw1h,SW1H,Thames Water,275,19.3,2
Outcode Regional Hub,https://waterhardness.uk/water-hardness/sw1p,/water-hardness/sw1p,SW1P,Thames Water,275,19.3,5
Outcode Regional Hub,https://waterhardness.uk/water-hardness/sw1v,/water-hardness/sw1v,SW1V,Thames Water,275,19.3,4
Outcode Regional Hub,https://waterhardness.uk/water-hardness/sw1w,/water-hardness/sw1w,SW1W,Thames Water,275,19.3,3
Outcode Regional Hub,https://waterhardness.uk/water-hardness/sw1x,/water-hardness/sw1x,SW1X,Thames Water,275,19.3,4
Outcode Regional Hub,https://waterhardness.uk/water-hardness/sw1y,/water-hardness/sw1y,SW1Y,Thames Water,275,19.3,3
Outcode Regional Hub,https://waterhardness.uk/water-hardness/sw2,/water-hardness/sw2,SW2,Thames Water,275,19.3,6
Outcode Regional Hub,https://waterhardness.uk/water-hardness/sw20,/water-hardness/sw20,SW20,Thames Water,275,19.3,4
Outcode Regional Hub,https://waterhardness.uk/water-hardness/sw3,/water-hardness/sw3,SW3,Thames Water,275,19.3,7
Outcode Regional Hub,https://waterhardness.uk/water-hardness/sw4,/water-hardness/sw4,SW4,Thames Water,275,19.3,6
Outcode Regional Hub,https://waterhardness.uk/water-hardness/sw5,/water-hardness/sw5,SW5,Thames Water,275,19.3,3
Outcode Regional Hub,https://waterhardness.uk/water-hardness/sw6,/water-hardness/sw6,SW6,Thames Water,275,19.3,8
Outcode Regional Hub,https://waterhardness.uk/water-hardness/sw7,/water-hardness/sw7,SW7,Thames Water,275,19.3,6
Outcode Regional Hub,https://waterhardness.uk/water-hardness/sw8,/water-hardness/sw8,SW8,Thames Water,275,19.3,6
Outcode Regional Hub,https://waterhardness.uk/water-hardness/sw9,/water-hardness/sw9,SW9,Thames Water,275,19.3,6
Outcode Regional Hub,https://waterhardness.uk/water-hardness/sw95,/water-hardness/sw95,SW95,Thames Water,275,19.3,1
Outcode Regional Hub,https://waterhardness.uk/water-hardness/sy1,/water-hardness/sy1,SY1,Severn Trent Water,160,11.2,5
Outcode Regional Hub,https://waterhardness.uk/water-hardness/sy10,/water-hardness/sy10,SY10,Severn Trent Water,160,11.2,4
Outcode Regional Hub,https://waterhardness.uk/water-hardness/sy10,/water-hardness/sy10,SY10,Hafren Dyfrdwy,140,9.8,1
Outcode Regional Hub,https://waterhardness.uk/water-hardness/sy11,/water-hardness/sy11,SY11,Severn Trent Water,160,11.2,4
Outcode Regional Hub,https://waterhardness.uk/water-hardness/sy12,/water-hardness/sy12,SY12,Severn Trent Water,160,11.2,2
Outcode Regional Hub,https://waterhardness.uk/water-hardness/sy13,/water-hardness/sy13,SY13,Severn Trent Water,160,11.2,4
Outcode Regional Hub,https://waterhardness.uk/water-hardness/sy13,/water-hardness/sy13,SY13,Hafren Dyfrdwy,140,9.8,1
Outcode Regional Hub,https://waterhardness.uk/water-hardness/sy14,/water-hardness/sy14,SY14,United Utilities,45,3.2,2
Outcode Regional Hub,https://waterhardness.uk/water-hardness/sy15,/water-hardness/sy15,SY15,Hafren Dyfrdwy,140,9.8,1
Outcode Regional Hub,https://waterhardness.uk/water-hardness/sy16,/water-hardness/sy16,SY16,Hafren Dyfrdwy,140,9.8,5
Outcode Regional Hub,https://waterhardness.uk/water-hardness/sy17,/water-hardness/sy17,SY17,Hafren Dyfrdwy,140,9.8,1
Outcode Regional Hub,https://waterhardness.uk/water-hardness/sy18,/water-hardness/sy18,SY18,Hafren Dyfrdwy,140,9.8,1
Outcode Regional Hub,https://waterhardness.uk/water-hardness/sy18,/water-hardness/sy18,SY18,Northumbrian Water,130,9.1,1
Outcode Regional Hub,https://waterhardness.uk/water-hardness/sy19,/water-hardness/sy19,SY19,Hafren Dyfrdwy,140,9.8,1
Outcode Regional Hub,https://waterhardness.uk/water-hardness/sy2,/water-hardness/sy2,SY2,Severn Trent Water,160,11.2,2
Outcode Regional Hub,https://waterhardness.uk/water-hardness/sy20,/water-hardness/sy20,SY20,Hafren Dyfrdwy,140,9.8,3
Outcode Regional Hub,https://waterhardness.uk/water-hardness/sy21,/water-hardness/sy21,SY21,Hafren Dyfrdwy,140,9.8,5
Outcode Regional Hub,https://waterhardness.uk/water-hardness/sy22,/water-hardness/sy22,SY22,Hafren Dyfrdwy,140,9.8,2
Outcode Regional Hub,https://waterhardness.uk/water-hardness/sy23,/water-hardness/sy23,SY23,Hafren Dyfrdwy,140,9.8,6
Outcode Regional Hub,https://waterhardness.uk/water-hardness/sy24,/water-hardness/sy24,SY24,Hafren Dyfrdwy,140,9.8,1
Outcode Regional Hub,https://waterhardness.uk/water-hardness/sy25,/water-hardness/sy25,SY25,Hafren Dyfrdwy,140,9.8,1
Outcode Regional Hub,https://waterhardness.uk/water-hardness/sy3,/water-hardness/sy3,SY3,Severn Trent Water,160,11.2,6
Outcode Regional Hub,https://waterhardness.uk/water-hardness/sy4,/water-hardness/sy4,SY4,Severn Trent Water,160,11.2,6
Outcode Regional Hub,https://waterhardness.uk/water-hardness/sy5,/water-hardness/sy5,SY5,Severn Trent Water,160,11.2,5
Outcode Regional Hub,https://waterhardness.uk/water-hardness/sy6,/water-hardness/sy6,SY6,Severn Trent Water,160,11.2,2
Outcode Regional Hub,https://waterhardness.uk/water-hardness/sy7,/water-hardness/sy7,SY7,Dŵr Cymru Welsh Water,45,3.2,1
Outcode Regional Hub,https://waterhardness.uk/water-hardness/sy7,/water-hardness/sy7,SY7,Severn Trent Water,160,11.2,3
Outcode Regional Hub,https://waterhardness.uk/water-hardness/sy8,/water-hardness/sy8,SY8,Severn Trent Water,160,11.2,5
Outcode Regional Hub,https://waterhardness.uk/water-hardness/sy9,/water-hardness/sy9,SY9,Severn Trent Water,160,11.2,1
Outcode Regional Hub,https://waterhardness.uk/water-hardness/sy99,/water-hardness/sy99,SY99,Severn Trent Water,160,11.2,1
Outcode Regional Hub,https://waterhardness.uk/water-hardness/ta1,/water-hardness/ta1,TA1,Wessex Water,290,20.3,6
Outcode Regional Hub,https://waterhardness.uk/water-hardness/ta10,/water-hardness/ta10,TA10,Wessex Water,290,20.3,3
Outcode Regional Hub,https://waterhardness.uk/water-hardness/ta11,/water-hardness/ta11,TA11,Wessex Water,290,20.3,3
Outcode Regional Hub,https://waterhardness.uk/water-hardness/ta12,/water-hardness/ta12,TA12,Wessex Water,290,20.3,1
Outcode Regional Hub,https://waterhardness.uk/water-hardness/ta13,/water-hardness/ta13,TA13,Wessex Water,290,20.3,1
Outcode Regional Hub,https://waterhardness.uk/water-hardness/ta14,/water-hardness/ta14,TA14,Wessex Water,290,20.3,1
Outcode Regional Hub,https://waterhardness.uk/water-hardness/ta15,/water-hardness/ta15,TA15,Wessex Water,290,20.3,1
Outcode Regional Hub,https://waterhardness.uk/water-hardness/ta16,/water-hardness/ta16,TA16,Wessex Water,290,20.3,1
Outcode Regional Hub,https://waterhardness.uk/water-hardness/ta17,/water-hardness/ta17,TA17,Wessex Water,290,20.3,1
Outcode Regional Hub,https://waterhardness.uk/water-hardness/ta18,/water-hardness/ta18,TA18,Wessex Water,290,20.3,3
Outcode Regional Hub,https://waterhardness.uk/water-hardness/ta19,/water-hardness/ta19,TA19,Wessex Water,290,20.3,2
Outcode Regional Hub,https://waterhardness.uk/water-hardness/ta2,/water-hardness/ta2,TA2,Wessex Water,290,20.3,3
Outcode Regional Hub,https://waterhardness.uk/water-hardness/ta20,/water-hardness/ta20,TA20,Wessex Water,290,20.3,5
Outcode Regional Hub,https://waterhardness.uk/water-hardness/ta21,/water-hardness/ta21,TA21,Wessex Water,290,20.3,4
Outcode Regional Hub,https://waterhardness.uk/water-hardness/ta22,/water-hardness/ta22,TA22,Wessex Water,290,20.3,1
Outcode Regional Hub,https://waterhardness.uk/water-hardness/ta23,/water-hardness/ta23,TA23,Wessex Water,290,20.3,1
Outcode Regional Hub,https://waterhardness.uk/water-hardness/ta24,/water-hardness/ta24,TA24,Wessex Water,290,20.3,5
Outcode Regional Hub,https://waterhardness.uk/water-hardness/ta3,/water-hardness/ta3,TA3,Wessex Water,290,20.3,3
Outcode Regional Hub,https://waterhardness.uk/water-hardness/ta4,/water-hardness/ta4,TA4,Wessex Water,290,20.3,5
Outcode Regional Hub,https://waterhardness.uk/water-hardness/ta5,/water-hardness/ta5,TA5,Wessex Water,290,20.3,2
Outcode Regional Hub,https://waterhardness.uk/water-hardness/ta6,/water-hardness/ta6,TA6,Wessex Water,290,20.3,6
Outcode Regional Hub,https://waterhardness.uk/water-hardness/ta7,/water-hardness/ta7,TA7,Wessex Water,290,20.3,3
Outcode Regional Hub,https://waterhardness.uk/water-hardness/ta8,/water-hardness/ta8,TA8,Bristol Water,265,18.6,3
Outcode Regional Hub,https://waterhardness.uk/water-hardness/ta9,/water-hardness/ta9,TA9,Wessex Water,290,20.3,1
Outcode Regional Hub,https://waterhardness.uk/water-hardness/ta9,/water-hardness/ta9,TA9,Bristol Water,265,18.6,1
Outcode Regional Hub,https://waterhardness.uk/water-hardness/td1,/water-hardness/td1,TD1,Northumbrian Water,130,9.1,4
Outcode Regional Hub,https://waterhardness.uk/water-hardness/td10,/water-hardness/td10,TD10,Northumbrian Water,130,9.1,1
Outcode Regional Hub,https://waterhardness.uk/water-hardness/td11,/water-hardness/td11,TD11,Northumbrian Water,130,9.1,2
Outcode Regional Hub,https://waterhardness.uk/water-hardness/td12,/water-hardness/td12,TD12,Northumbrian Water,130,9.1,1
Outcode Regional Hub,https://waterhardness.uk/water-hardness/td13,/water-hardness/td13,TD13,Northumbrian Water,130,9.1,1
Outcode Regional Hub,https://waterhardness.uk/water-hardness/td14,/water-hardness/td14,TD14,Northumbrian Water,130,9.1,1
Outcode Regional Hub,https://waterhardness.uk/water-hardness/td15,/water-hardness/td15,TD15,Northumbrian Water,130,9.1,3
Outcode Regional Hub,https://waterhardness.uk/water-hardness/td2,/water-hardness/td2,TD2,Northumbrian Water,130,9.1,1
Outcode Regional Hub,https://waterhardness.uk/water-hardness/td3,/water-hardness/td3,TD3,Northumbrian Water,130,9.1,1
Outcode Regional Hub,https://waterhardness.uk/water-hardness/td4,/water-hardness/td4,TD4,Northumbrian Water,130,9.1,1
Outcode Regional Hub,https://waterhardness.uk/water-hardness/td5,/water-hardness/td5,TD5,Northumbrian Water,130,9.1,3
Outcode Regional Hub,https://waterhardness.uk/water-hardness/td6,/water-hardness/td6,TD6,Northumbrian Water,130,9.1,3
Outcode Regional Hub,https://waterhardness.uk/water-hardness/td7,/water-hardness/td7,TD7,Northumbrian Water,130,9.1,3
Outcode Regional Hub,https://waterhardness.uk/water-hardness/td8,/water-hardness/td8,TD8,Northumbrian Water,130,9.1,2
Outcode Regional Hub,https://waterhardness.uk/water-hardness/td9,/water-hardness/td9,TD9,Northumbrian Water,130,9.1,5
Outcode Regional Hub,https://waterhardness.uk/water-hardness/tf1,/water-hardness/tf1,TF1,Severn Trent Water,160,11.2,7
Outcode Regional Hub,https://waterhardness.uk/water-hardness/tf10,/water-hardness/tf10,TF10,Severn Trent Water,160,11.2,3
Outcode Regional Hub,https://waterhardness.uk/water-hardness/tf11,/water-hardness/tf11,TF11,Severn Trent Water,160,11.2,2
Outcode Regional Hub,https://waterhardness.uk/water-hardness/tf12,/water-hardness/tf12,TF12,Severn Trent Water,160,11.2,1
Outcode Regional Hub,https://waterhardness.uk/water-hardness/tf13,/water-hardness/tf13,TF13,Severn Trent Water,160,11.2,1
Outcode Regional Hub,https://waterhardness.uk/water-hardness/tf2,/water-hardness/tf2,TF2,Severn Trent Water,160,11.2,7
Outcode Regional Hub,https://waterhardness.uk/water-hardness/tf3,/water-hardness/tf3,TF3,Severn Trent Water,160,11.2,5
Outcode Regional Hub,https://waterhardness.uk/water-hardness/tf4,/water-hardness/tf4,TF4,Severn Trent Water,160,11.2,2
Outcode Regional Hub,https://waterhardness.uk/water-hardness/tf5,/water-hardness/tf5,TF5,Severn Trent Water,160,11.2,1
Outcode Regional Hub,https://waterhardness.uk/water-hardness/tf6,/water-hardness/tf6,TF6,Severn Trent Water,160,11.2,2
Outcode Regional Hub,https://waterhardness.uk/water-hardness/tf7,/water-hardness/tf7,TF7,Severn Trent Water,160,11.2,3
Outcode Regional Hub,https://waterhardness.uk/water-hardness/tf8,/water-hardness/tf8,TF8,Severn Trent Water,160,11.2,1
Outcode Regional Hub,https://waterhardness.uk/water-hardness/tf9,/water-hardness/tf9,TF9,Severn Trent Water,160,11.2,5
Outcode Regional Hub,https://waterhardness.uk/water-hardness/tn1,/water-hardness/tn1,TN1,South East Water,270,18.9,2
Outcode Regional Hub,https://waterhardness.uk/water-hardness/tn10,/water-hardness/tn10,TN10,South East Water,270,18.9,2
Outcode Regional Hub,https://waterhardness.uk/water-hardness/tn11,/water-hardness/tn11,TN11,South East Water,270,18.9,3
Outcode Regional Hub,https://waterhardness.uk/water-hardness/tn12,/water-hardness/tn12,TN12,South East Water,270,18.9,6
Outcode Regional Hub,https://waterhardness.uk/water-hardness/tn13,/water-hardness/tn13,TN13,South East Water,270,18.9,4
Outcode Regional Hub,https://waterhardness.uk/water-hardness/tn14,/water-hardness/tn14,TN14,Thames Water,275,19.3,1
Outcode Regional Hub,https://waterhardness.uk/water-hardness/tn14,/water-hardness/tn14,TN14,South East Water,270,18.9,2
Outcode Regional Hub,https://waterhardness.uk/water-hardness/tn15,/water-hardness/tn15,TN15,South East Water,270,18.9,5
Outcode Regional Hub,https://waterhardness.uk/water-hardness/tn16,/water-hardness/tn16,TN16,Thames Water,275,19.3,4
Outcode Regional Hub,https://waterhardness.uk/water-hardness/tn17,/water-hardness/tn17,TN17,South East Water,270,18.9,5
Outcode Regional Hub,https://waterhardness.uk/water-hardness/tn18,/water-hardness/tn18,TN18,South East Water,270,18.9,2
Outcode Regional Hub,https://waterhardness.uk/water-hardness/tn19,/water-hardness/tn19,TN19,South East Water,270,18.9,1
Outcode Regional Hub,https://waterhardness.uk/water-hardness/tn2,/water-hardness/tn2,TN2,South East Water,270,18.9,4
Outcode Regional Hub,https://waterhardness.uk/water-hardness/tn20,/water-hardness/tn20,TN20,South East Water,270,18.9,1
Outcode Regional Hub,https://waterhardness.uk/water-hardness/tn21,/water-hardness/tn21,TN21,South East Water,270,18.9,4
Outcode Regional Hub,https://waterhardness.uk/water-hardness/tn22,/water-hardness/tn22,TN22,South East Water,270,18.9,6
Outcode Regional Hub,https://waterhardness.uk/water-hardness/tn23,/water-hardness/tn23,TN23,South East Water,270,18.9,8
Outcode Regional Hub,https://waterhardness.uk/water-hardness/tn24,/water-hardness/tn24,TN24,South East Water,270,18.9,3
Outcode Regional Hub,https://waterhardness.uk/water-hardness/tn25,/water-hardness/tn25,TN25,South East Water,270,18.9,3
Outcode Regional Hub,https://waterhardness.uk/water-hardness/tn25,/water-hardness/tn25,TN25,Affinity Water,290,20.3,1
Outcode Regional Hub,https://waterhardness.uk/water-hardness/tn26,/water-hardness/tn26,TN26,South East Water,270,18.9,3
Outcode Regional Hub,https://waterhardness.uk/water-hardness/tn27,/water-hardness/tn27,TN27,South East Water,270,18.9,3
Outcode Regional Hub,https://waterhardness.uk/water-hardness/tn28,/water-hardness/tn28,TN28,Affinity Water,290,20.3,2
Outcode Regional Hub,https://waterhardness.uk/water-hardness/tn29,/water-hardness/tn29,TN29,Affinity Water,290,20.3,2
Outcode Regional Hub,https://waterhardness.uk/water-hardness/tn3,/water-hardness/tn3,TN3,South East Water,270,18.9,3
Outcode Regional Hub,https://waterhardness.uk/water-hardness/tn30,/water-hardness/tn30,TN30,South East Water,270,18.9,3
Outcode Regional Hub,https://waterhardness.uk/water-hardness/tn31,/water-hardness/tn31,TN31,Southern Water,280,19.6,2
Outcode Regional Hub,https://waterhardness.uk/water-hardness/tn31,/water-hardness/tn31,TN31,South East Water,270,18.9,1
Outcode Regional Hub,https://waterhardness.uk/water-hardness/tn32,/water-hardness/tn32,TN32,South East Water,270,18.9,1
Outcode Regional Hub,https://waterhardness.uk/water-hardness/tn33,/water-hardness/tn33,TN33,South East Water,270,18.9,3
Outcode Regional Hub,https://waterhardness.uk/water-hardness/tn34,/water-hardness/tn34,TN34,Southern Water,280,19.6,4
Outcode Regional Hub,https://waterhardness.uk/water-hardness/tn35,/water-hardness/tn35,TN35,Southern Water,280,19.6,2
Outcode Regional Hub,https://waterhardness.uk/water-hardness/tn36,/water-hardness/tn36,TN36,Southern Water,280,19.6,1
Outcode Regional Hub,https://waterhardness.uk/water-hardness/tn37,/water-hardness/tn37,TN37,Southern Water,280,19.6,2
Outcode Regional Hub,https://waterhardness.uk/water-hardness/tn38,/water-hardness/tn38,TN38,Southern Water,280,19.6,4
Outcode Regional Hub,https://waterhardness.uk/water-hardness/tn39,/water-hardness/tn39,TN39,South East Water,270,18.9,3
Outcode Regional Hub,https://waterhardness.uk/water-hardness/tn4,/water-hardness/tn4,TN4,South East Water,270,18.9,3
Outcode Regional Hub,https://waterhardness.uk/water-hardness/tn40,/water-hardness/tn40,TN40,South East Water,270,18.9,3
Outcode Regional Hub,https://waterhardness.uk/water-hardness/tn5,/water-hardness/tn5,TN5,South East Water,270,18.9,2
Outcode Regional Hub,https://waterhardness.uk/water-hardness/tn6,/water-hardness/tn6,TN6,South East Water,270,18.9,4
Outcode Regional Hub,https://waterhardness.uk/water-hardness/tn7,/water-hardness/tn7,TN7,South East Water,270,18.9,1
Outcode Regional Hub,https://waterhardness.uk/water-hardness/tn8,/water-hardness/tn8,TN8,SES Water,260,18.2,4
Outcode Regional Hub,https://waterhardness.uk/water-hardness/tn9,/water-hardness/tn9,TN9,South East Water,270,18.9,3
Outcode Regional Hub,https://waterhardness.uk/water-hardness/tq1,/water-hardness/tq1,TQ1,South West Water,40,2.8,5
Outcode Regional Hub,https://waterhardness.uk/water-hardness/tq10,/water-hardness/tq10,TQ10,South West Water,40,2.8,1
Outcode Regional Hub,https://waterhardness.uk/water-hardness/tq11,/water-hardness/tq11,TQ11,South West Water,40,2.8,1
Outcode Regional Hub,https://waterhardness.uk/water-hardness/tq12,/water-hardness/tq12,TQ12,South West Water,40,2.8,7
Outcode Regional Hub,https://waterhardness.uk/water-hardness/tq13,/water-hardness/tq13,TQ13,South West Water,40,2.8,4
Outcode Regional Hub,https://waterhardness.uk/water-hardness/tq14,/water-hardness/tq14,TQ14,South West Water,40,2.8,4
Outcode Regional Hub,https://waterhardness.uk/water-hardness/tq2,/water-hardness/tq2,TQ2,South West Water,40,2.8,4
Outcode Regional Hub,https://waterhardness.uk/water-hardness/tq3,/water-hardness/tq3,TQ3,South West Water,40,2.8,3
Outcode Regional Hub,https://waterhardness.uk/water-hardness/tq4,/water-hardness/tq4,TQ4,South West Water,40,2.8,4
Outcode Regional Hub,https://waterhardness.uk/water-hardness/tq5,/water-hardness/tq5,TQ5,South West Water,40,2.8,4
Outcode Regional Hub,https://waterhardness.uk/water-hardness/tq6,/water-hardness/tq6,TQ6,South West Water,40,2.8,3
Outcode Regional Hub,https://waterhardness.uk/water-hardness/tq7,/water-hardness/tq7,TQ7,South West Water,40,2.8,5
Outcode Regional Hub,https://waterhardness.uk/water-hardness/tq8,/water-hardness/tq8,TQ8,South West Water,40,2.8,1
Outcode Regional Hub,https://waterhardness.uk/water-hardness/tq9,/water-hardness/tq9,TQ9,South West Water,40,2.8,4
Outcode Regional Hub,https://waterhardness.uk/water-hardness/tr1,/water-hardness/tr1,TR1,South West Water,40,2.8,4
Outcode Regional Hub,https://waterhardness.uk/water-hardness/tr10,/water-hardness/tr10,TR10,South West Water,40,2.8,2
Outcode Regional Hub,https://waterhardness.uk/water-hardness/tr11,/water-hardness/tr11,TR11,South West Water,40,2.8,5
Outcode Regional Hub,https://waterhardness.uk/water-hardness/tr12,/water-hardness/tr12,TR12,South West Water,40,2.8,2
Outcode Regional Hub,https://waterhardness.uk/water-hardness/tr13,/water-hardness/tr13,TR13,South West Water,40,2.8,4
Outcode Regional Hub,https://waterhardness.uk/water-hardness/tr14,/water-hardness/tr14,TR14,South West Water,40,2.8,5
Outcode Regional Hub,https://waterhardness.uk/water-hardness/tr15,/water-hardness/tr15,TR15,South West Water,40,2.8,4
Outcode Regional Hub,https://waterhardness.uk/water-hardness/tr16,/water-hardness/tr16,TR16,South West Water,40,2.8,3
Outcode Regional Hub,https://waterhardness.uk/water-hardness/tr17,/water-hardness/tr17,TR17,South West Water,40,2.8,1
Outcode Regional Hub,https://waterhardness.uk/water-hardness/tr18,/water-hardness/tr18,TR18,South West Water,40,2.8,5
Outcode Regional Hub,https://waterhardness.uk/water-hardness/tr19,/water-hardness/tr19,TR19,South West Water,40,2.8,2
Outcode Regional Hub,https://waterhardness.uk/water-hardness/tr2,/water-hardness/tr2,TR2,South West Water,40,2.8,2
Outcode Regional Hub,https://waterhardness.uk/water-hardness/tr20,/water-hardness/tr20,TR20,South West Water,40,2.8,2
Outcode Regional Hub,https://waterhardness.uk/water-hardness/tr21,/water-hardness/tr21,TR21,South West Water,40,2.8,1
Outcode Regional Hub,https://waterhardness.uk/water-hardness/tr22,/water-hardness/tr22,TR22,South West Water,40,2.8,1
Outcode Regional Hub,https://waterhardness.uk/water-hardness/tr23,/water-hardness/tr23,TR23,South West Water,40,2.8,1
Outcode Regional Hub,https://waterhardness.uk/water-hardness/tr24,/water-hardness/tr24,TR24,South West Water,40,2.8,1
Outcode Regional Hub,https://waterhardness.uk/water-hardness/tr25,/water-hardness/tr25,TR25,South West Water,40,2.8,1
Outcode Regional Hub,https://waterhardness.uk/water-hardness/tr26,/water-hardness/tr26,TR26,South West Water,40,2.8,4
Outcode Regional Hub,https://waterhardness.uk/water-hardness/tr27,/water-hardness/tr27,TR27,South West Water,40,2.8,4
Outcode Regional Hub,https://waterhardness.uk/water-hardness/tr3,/water-hardness/tr3,TR3,South West Water,40,2.8,2
Outcode Regional Hub,https://waterhardness.uk/water-hardness/tr4,/water-hardness/tr4,TR4,South West Water,40,2.8,2
Outcode Regional Hub,https://waterhardness.uk/water-hardness/tr5,/water-hardness/tr5,TR5,South West Water,40,2.8,1
Outcode Regional Hub,https://waterhardness.uk/water-hardness/tr6,/water-hardness/tr6,TR6,South West Water,40,2.8,1
Outcode Regional Hub,https://waterhardness.uk/water-hardness/tr7,/water-hardness/tr7,TR7,South West Water,40,2.8,4
Outcode Regional Hub,https://waterhardness.uk/water-hardness/tr8,/water-hardness/tr8,TR8,South West Water,40,2.8,2
Outcode Regional Hub,https://waterhardness.uk/water-hardness/tr9,/water-hardness/tr9,TR9,South West Water,40,2.8,1
Outcode Regional Hub,https://waterhardness.uk/water-hardness/ts1,/water-hardness/ts1,TS1,Northumbrian Water,130,9.1,6
Outcode Regional Hub,https://waterhardness.uk/water-hardness/ts10,/water-hardness/ts10,TS10,Northumbrian Water,130,9.1,6
Outcode Regional Hub,https://waterhardness.uk/water-hardness/ts11,/water-hardness/ts11,TS11,Northumbrian Water,130,9.1,3
Outcode Regional Hub,https://waterhardness.uk/water-hardness/ts12,/water-hardness/ts12,TS12,Northumbrian Water,130,9.1,4
Outcode Regional Hub,https://waterhardness.uk/water-hardness/ts13,/water-hardness/ts13,TS13,Yorkshire Water,110,7.7,1
Outcode Regional Hub,https://waterhardness.uk/water-hardness/ts13,/water-hardness/ts13,TS13,Northumbrian Water,130,9.1,1
Outcode Regional Hub,https://waterhardness.uk/water-hardness/ts14,/water-hardness/ts14,TS14,Northumbrian Water,130,9.1,4
Outcode Regional Hub,https://waterhardness.uk/water-hardness/ts15,/water-hardness/ts15,TS15,Northumbrian Water,130,9.1,2
Outcode Regional Hub,https://waterhardness.uk/water-hardness/ts16,/water-hardness/ts16,TS16,Northumbrian Water,130,9.1,2
Outcode Regional Hub,https://waterhardness.uk/water-hardness/ts17,/water-hardness/ts17,TS17,Northumbrian Water,130,9.1,6
Outcode Regional Hub,https://waterhardness.uk/water-hardness/ts18,/water-hardness/ts18,TS18,Northumbrian Water,130,9.1,5
Outcode Regional Hub,https://waterhardness.uk/water-hardness/ts19,/water-hardness/ts19,TS19,Northumbrian Water,130,9.1,5
Outcode Regional Hub,https://waterhardness.uk/water-hardness/ts2,/water-hardness/ts2,TS2,Northumbrian Water,130,9.1,1
Outcode Regional Hub,https://waterhardness.uk/water-hardness/ts20,/water-hardness/ts20,TS20,Northumbrian Water,130,9.1,2
Outcode Regional Hub,https://waterhardness.uk/water-hardness/ts21,/water-hardness/ts21,TS21,Northumbrian Water,130,9.1,4
Outcode Regional Hub,https://waterhardness.uk/water-hardness/ts22,/water-hardness/ts22,TS22,Northumbrian Water,130,9.1,1
Outcode Regional Hub,https://waterhardness.uk/water-hardness/ts23,/water-hardness/ts23,TS23,Northumbrian Water,130,9.1,4
Outcode Regional Hub,https://waterhardness.uk/water-hardness/ts24,/water-hardness/ts24,TS24,Anglian Water,310,21.7,5
Outcode Regional Hub,https://waterhardness.uk/water-hardness/ts25,/water-hardness/ts25,TS25,Anglian Water,310,21.7,5
Outcode Regional Hub,https://waterhardness.uk/water-hardness/ts26,/water-hardness/ts26,TS26,Anglian Water,310,21.7,3
Outcode Regional Hub,https://waterhardness.uk/water-hardness/ts27,/water-hardness/ts27,TS27,Anglian Water,310,21.7,1
Outcode Regional Hub,https://waterhardness.uk/water-hardness/ts27,/water-hardness/ts27,TS27,Northumbrian Water,130,9.1,1
Outcode Regional Hub,https://waterhardness.uk/water-hardness/ts28,/water-hardness/ts28,TS28,Northumbrian Water,130,9.1,1
Outcode Regional Hub,https://waterhardness.uk/water-hardness/ts29,/water-hardness/ts29,TS29,Northumbrian Water,130,9.1,1
Outcode Regional Hub,https://waterhardness.uk/water-hardness/ts3,/water-hardness/ts3,TS3,Northumbrian Water,130,9.1,5
Outcode Regional Hub,https://waterhardness.uk/water-hardness/ts4,/water-hardness/ts4,TS4,Northumbrian Water,130,9.1,2
Outcode Regional Hub,https://waterhardness.uk/water-hardness/ts5,/water-hardness/ts5,TS5,Northumbrian Water,130,9.1,5
Outcode Regional Hub,https://waterhardness.uk/water-hardness/ts6,/water-hardness/ts6,TS6,Northumbrian Water,130,9.1,5
Outcode Regional Hub,https://waterhardness.uk/water-hardness/ts7,/water-hardness/ts7,TS7,Northumbrian Water,130,9.1,3
Outcode Regional Hub,https://waterhardness.uk/water-hardness/ts8,/water-hardness/ts8,TS8,Northumbrian Water,130,9.1,3
Outcode Regional Hub,https://waterhardness.uk/water-hardness/ts9,/water-hardness/ts9,TS9,Northumbrian Water,130,9.1,3
Outcode Regional Hub,https://waterhardness.uk/water-hardness/tw1,/water-hardness/tw1,TW1,Thames Water,275,19.3,5
Outcode Regional Hub,https://waterhardness.uk/water-hardness/tw10,/water-hardness/tw10,TW10,Thames Water,275,19.3,3
Outcode Regional Hub,https://waterhardness.uk/water-hardness/tw11,/water-hardness/tw11,TW11,Thames Water,275,19.3,4
Outcode Regional Hub,https://waterhardness.uk/water-hardness/tw12,/water-hardness/tw12,TW12,Thames Water,275,19.3,4
Outcode Regional Hub,https://waterhardness.uk/water-hardness/tw13,/water-hardness/tw13,TW13,Affinity Water,290,20.3,3
Outcode Regional Hub,https://waterhardness.uk/water-hardness/tw13,/water-hardness/tw13,TW13,Thames Water,275,19.3,2
Outcode Regional Hub,https://waterhardness.uk/water-hardness/tw14,/water-hardness/tw14,TW14,Affinity Water,290,20.3,3
Outcode Regional Hub,https://waterhardness.uk/water-hardness/tw15,/water-hardness/tw15,TW15,Northumbrian Water,130,9.1,1
Outcode Regional Hub,https://waterhardness.uk/water-hardness/tw15,/water-hardness/tw15,TW15,Affinity Water,290,20.3,3
Outcode Regional Hub,https://waterhardness.uk/water-hardness/tw16,/water-hardness/tw16,TW16,Thames Water,275,19.3,4
Outcode Regional Hub,https://waterhardness.uk/water-hardness/tw17,/water-hardness/tw17,TW17,Thames Water,275,19.3,1
Outcode Regional Hub,https://waterhardness.uk/water-hardness/tw17,/water-hardness/tw17,TW17,Affinity Water,290,20.3,3
Outcode Regional Hub,https://waterhardness.uk/water-hardness/tw18,/water-hardness/tw18,TW18,Affinity Water,290,20.3,5
Outcode Regional Hub,https://waterhardness.uk/water-hardness/tw19,/water-hardness/tw19,TW19,Affinity Water,290,20.3,3
Outcode Regional Hub,https://waterhardness.uk/water-hardness/tw2,/water-hardness/tw2,TW2,Thames Water,275,19.3,3
Outcode Regional Hub,https://waterhardness.uk/water-hardness/tw20,/water-hardness/tw20,TW20,Affinity Water,290,20.3,4
Outcode Regional Hub,https://waterhardness.uk/water-hardness/tw3,/water-hardness/tw3,TW3,Thames Water,275,19.3,5
Outcode Regional Hub,https://waterhardness.uk/water-hardness/tw4,/water-hardness/tw4,TW4,Thames Water,275,19.3,3
Outcode Regional Hub,https://waterhardness.uk/water-hardness/tw5,/water-hardness/tw5,TW5,Thames Water,275,19.3,2
Outcode Regional Hub,https://waterhardness.uk/water-hardness/tw6,/water-hardness/tw6,TW6,Affinity Water,290,20.3,3
Outcode Regional Hub,https://waterhardness.uk/water-hardness/tw7,/water-hardness/tw7,TW7,Thames Water,275,19.3,5
Outcode Regional Hub,https://waterhardness.uk/water-hardness/tw8,/water-hardness/tw8,TW8,Thames Water,275,19.3,4
Outcode Regional Hub,https://waterhardness.uk/water-hardness/tw9,/water-hardness/tw9,TW9,Thames Water,275,19.3,5
Outcode Regional Hub,https://waterhardness.uk/water-hardness/tw98,/water-hardness/tw98,TW98,Northumbrian Water,130,9.1,2
Outcode Regional Hub,https://waterhardness.uk/water-hardness/ub1,/water-hardness/ub1,UB1,Affinity Water,290,20.3,4
Outcode Regional Hub,https://waterhardness.uk/water-hardness/ub10,/water-hardness/ub10,UB10,Affinity Water,290,20.3,3
Outcode Regional Hub,https://waterhardness.uk/water-hardness/ub11,/water-hardness/ub11,UB11,Affinity Water,290,20.3,1
Outcode Regional Hub,https://waterhardness.uk/water-hardness/ub18,/water-hardness/ub18,UB18,Affinity Water,290,20.3,2
Outcode Regional Hub,https://waterhardness.uk/water-hardness/ub2,/water-hardness/ub2,UB2,Affinity Water,290,20.3,1
Outcode Regional Hub,https://waterhardness.uk/water-hardness/ub2,/water-hardness/ub2,UB2,Thames Water,275,19.3,1
Outcode Regional Hub,https://waterhardness.uk/water-hardness/ub3,/water-hardness/ub3,UB3,Affinity Water,290,20.3,6
Outcode Regional Hub,https://waterhardness.uk/water-hardness/ub4,/water-hardness/ub4,UB4,Affinity Water,290,20.3,3
Outcode Regional Hub,https://waterhardness.uk/water-hardness/ub5,/water-hardness/ub5,UB5,Affinity Water,290,20.3,4
Outcode Regional Hub,https://waterhardness.uk/water-hardness/ub6,/water-hardness/ub6,UB6,Affinity Water,290,20.3,4
Outcode Regional Hub,https://waterhardness.uk/water-hardness/ub7,/water-hardness/ub7,UB7,Affinity Water,290,20.3,4
Outcode Regional Hub,https://waterhardness.uk/water-hardness/ub8,/water-hardness/ub8,UB8,Affinity Water,290,20.3,4
Outcode Regional Hub,https://waterhardness.uk/water-hardness/ub9,/water-hardness/ub9,UB9,Affinity Water,290,20.3,3
Outcode Regional Hub,https://waterhardness.uk/water-hardness/w10,/water-hardness/w10,W10,Thames Water,275,19.3,4
Outcode Regional Hub,https://waterhardness.uk/water-hardness/w11,/water-hardness/w11,W11,Thames Water,275,19.3,5
Outcode Regional Hub,https://waterhardness.uk/water-hardness/w12,/water-hardness/w12,W12,Thames Water,275,19.3,6
Outcode Regional Hub,https://waterhardness.uk/water-hardness/w13,/water-hardness/w13,W13,Thames Water,275,19.3,4
Outcode Regional Hub,https://waterhardness.uk/water-hardness/w14,/water-hardness/w14,W14,Thames Water,275,19.3,4
Outcode Regional Hub,https://waterhardness.uk/water-hardness/w1a,/water-hardness/w1a,W1A,Thames Water,275,19.3,10
Outcode Regional Hub,https://waterhardness.uk/water-hardness/w1b,/water-hardness/w1b,W1B,Thames Water,275,19.3,5
Outcode Regional Hub,https://waterhardness.uk/water-hardness/w1c,/water-hardness/w1c,W1C,Thames Water,275,19.3,2
Outcode Regional Hub,https://waterhardness.uk/water-hardness/w1d,/water-hardness/w1d,W1D,Thames Water,275,19.3,7
Outcode Regional Hub,https://waterhardness.uk/water-hardness/w1f,/water-hardness/w1f,W1F,Thames Water,275,19.3,4
Outcode Regional Hub,https://waterhardness.uk/water-hardness/w1g,/water-hardness/w1g,W1G,Thames Water,275,19.3,5
Outcode Regional Hub,https://waterhardness.uk/water-hardness/w1h,/water-hardness/w1h,W1H,Thames Water,275,19.3,6
Outcode Regional Hub,https://waterhardness.uk/water-hardness/w1j,/water-hardness/w1j,W1J,Thames Water,275,19.3,6
Outcode Regional Hub,https://waterhardness.uk/water-hardness/w1k,/water-hardness/w1k,W1K,Thames Water,275,19.3,7
Outcode Regional Hub,https://waterhardness.uk/water-hardness/w1s,/water-hardness/w1s,W1S,Thames Water,275,19.3,4
Outcode Regional Hub,https://waterhardness.uk/water-hardness/w1t,/water-hardness/w1t,W1T,Thames Water,275,19.3,7
Outcode Regional Hub,https://waterhardness.uk/water-hardness/w1u,/water-hardness/w1u,W1U,Thames Water,275,19.3,8
Outcode Regional Hub,https://waterhardness.uk/water-hardness/w1w,/water-hardness/w1w,W1W,Thames Water,275,19.3,4
Outcode Regional Hub,https://waterhardness.uk/water-hardness/w2,/water-hardness/w2,W2,Thames Water,275,19.3,7
Outcode Regional Hub,https://waterhardness.uk/water-hardness/w3,/water-hardness/w3,W3,Thames Water,275,19.3,6
Outcode Regional Hub,https://waterhardness.uk/water-hardness/w4,/water-hardness/w4,W4,Thames Water,275,19.3,6
Outcode Regional Hub,https://waterhardness.uk/water-hardness/w5,/water-hardness/w5,W5,Thames Water,275,19.3,6
Outcode Regional Hub,https://waterhardness.uk/water-hardness/w6,/water-hardness/w6,W6,Thames Water,275,19.3,5
Outcode Regional Hub,https://waterhardness.uk/water-hardness/w7,/water-hardness/w7,W7,Thames Water,275,19.3,4
Outcode Regional Hub,https://waterhardness.uk/water-hardness/w8,/water-hardness/w8,W8,Thames Water,275,19.3,5
Outcode Regional Hub,https://waterhardness.uk/water-hardness/w9,/water-hardness/w9,W9,Thames Water,275,19.3,4
Outcode Regional Hub,https://waterhardness.uk/water-hardness/wa1,/water-hardness/wa1,WA1,United Utilities,45,3.2,5
Outcode Regional Hub,https://waterhardness.uk/water-hardness/wa10,/water-hardness/wa10,WA10,United Utilities,45,3.2,7
Outcode Regional Hub,https://waterhardness.uk/water-hardness/wa11,/water-hardness/wa11,WA11,United Utilities,45,3.2,4
Outcode Regional Hub,https://waterhardness.uk/water-hardness/wa12,/water-hardness/wa12,WA12,United Utilities,45,3.2,4
Outcode Regional Hub,https://waterhardness.uk/water-hardness/wa13,/water-hardness/wa13,WA13,United Utilities,45,3.2,2
Outcode Regional Hub,https://waterhardness.uk/water-hardness/wa14,/water-hardness/wa14,WA14,United Utilities,45,3.2,5
Outcode Regional Hub,https://waterhardness.uk/water-hardness/wa15,/water-hardness/wa15,WA15,United Utilities,45,3.2,6
Outcode Regional Hub,https://waterhardness.uk/water-hardness/wa16,/water-hardness/wa16,WA16,United Utilities,45,3.2,6
Outcode Regional Hub,https://waterhardness.uk/water-hardness/wa2,/water-hardness/wa2,WA2,United Utilities,45,3.2,4
Outcode Regional Hub,https://waterhardness.uk/water-hardness/wa3,/water-hardness/wa3,WA3,United Utilities,45,3.2,8
Outcode Regional Hub,https://waterhardness.uk/water-hardness/wa4,/water-hardness/wa4,WA4,United Utilities,45,3.2,7
Outcode Regional Hub,https://waterhardness.uk/water-hardness/wa5,/water-hardness/wa5,WA5,United Utilities,45,3.2,8
Outcode Regional Hub,https://waterhardness.uk/water-hardness/wa55,/water-hardness/wa55,WA55,United Utilities,45,3.2,1
Outcode Regional Hub,https://waterhardness.uk/water-hardness/wa6,/water-hardness/wa6,WA6,United Utilities,45,3.2,6
Outcode Regional Hub,https://waterhardness.uk/water-hardness/wa7,/water-hardness/wa7,WA7,United Utilities,45,3.2,7
Outcode Regional Hub,https://waterhardness.uk/water-hardness/wa8,/water-hardness/wa8,WA8,United Utilities,45,3.2,9
Outcode Regional Hub,https://waterhardness.uk/water-hardness/wa88,/water-hardness/wa88,WA88,United Utilities,45,3.2,1
Outcode Regional Hub,https://waterhardness.uk/water-hardness/wa9,/water-hardness/wa9,WA9,United Utilities,45,3.2,5
Outcode Regional Hub,https://waterhardness.uk/water-hardness/wc1a,/water-hardness/wc1a,WC1A,Thames Water,275,19.3,3
Outcode Regional Hub,https://waterhardness.uk/water-hardness/wc1b,/water-hardness/wc1b,WC1B,Thames Water,275,19.3,3
Outcode Regional Hub,https://waterhardness.uk/water-hardness/wc1e,/water-hardness/wc1e,WC1E,Thames Water,275,19.3,2
Outcode Regional Hub,https://waterhardness.uk/water-hardness/wc1h,/water-hardness/wc1h,WC1H,Thames Water,275,19.3,3
Outcode Regional Hub,https://waterhardness.uk/water-hardness/wc1n,/water-hardness/wc1n,WC1N,Thames Water,275,19.3,3
Outcode Regional Hub,https://waterhardness.uk/water-hardness/wc1r,/water-hardness/wc1r,WC1R,Thames Water,275,19.3,2
Outcode Regional Hub,https://waterhardness.uk/water-hardness/wc1v,/water-hardness/wc1v,WC1V,Thames Water,275,19.3,2
Outcode Regional Hub,https://waterhardness.uk/water-hardness/wc1x,/water-hardness/wc1x,WC1X,Thames Water,275,19.3,3
Outcode Regional Hub,https://waterhardness.uk/water-hardness/wc2a,/water-hardness/wc2a,WC2A,Thames Water,275,19.3,3
Outcode Regional Hub,https://waterhardness.uk/water-hardness/wc2b,/water-hardness/wc2b,WC2B,Thames Water,275,19.3,3
Outcode Regional Hub,https://waterhardness.uk/water-hardness/wc2e,/water-hardness/wc2e,WC2E,Thames Water,275,19.3,3
Outcode Regional Hub,https://waterhardness.uk/water-hardness/wc2h,/water-hardness/wc2h,WC2H,Thames Water,275,19.3,4
Outcode Regional Hub,https://waterhardness.uk/water-hardness/wc2n,/water-hardness/wc2n,WC2N,Thames Water,275,19.3,3
Outcode Regional Hub,https://waterhardness.uk/water-hardness/wc2r,/water-hardness/wc2r,WC2R,Thames Water,275,19.3,4
Outcode Regional Hub,https://waterhardness.uk/water-hardness/wd17,/water-hardness/wd17,WD17,Affinity Water,290,20.3,4
Outcode Regional Hub,https://waterhardness.uk/water-hardness/wd18,/water-hardness/wd18,WD18,Affinity Water,290,20.3,6
Outcode Regional Hub,https://waterhardness.uk/water-hardness/wd19,/water-hardness/wd19,WD19,Affinity Water,290,20.3,4
Outcode Regional Hub,https://waterhardness.uk/water-hardness/wd23,/water-hardness/wd23,WD23,Affinity Water,290,20.3,5
Outcode Regional Hub,https://waterhardness.uk/water-hardness/wd24,/water-hardness/wd24,WD24,Affinity Water,290,20.3,4
Outcode Regional Hub,https://waterhardness.uk/water-hardness/wd25,/water-hardness/wd25,WD25,Affinity Water,290,20.3,4
Outcode Regional Hub,https://waterhardness.uk/water-hardness/wd3,/water-hardness/wd3,WD3,Affinity Water,290,20.3,9
Outcode Regional Hub,https://waterhardness.uk/water-hardness/wd3,/water-hardness/wd3,WD3,Northumbrian Water,130,9.1,1
Outcode Regional Hub,https://waterhardness.uk/water-hardness/wd4,/water-hardness/wd4,WD4,Affinity Water,290,20.3,3
Outcode Regional Hub,https://waterhardness.uk/water-hardness/wd5,/water-hardness/wd5,WD5,Affinity Water,290,20.3,2
Outcode Regional Hub,https://waterhardness.uk/water-hardness/wd6,/water-hardness/wd6,WD6,Affinity Water,290,20.3,6
Outcode Regional Hub,https://waterhardness.uk/water-hardness/wd7,/water-hardness/wd7,WD7,Affinity Water,290,20.3,4
Outcode Regional Hub,https://waterhardness.uk/water-hardness/wd99,/water-hardness/wd99,WD99,Affinity Water,290,20.3,1
Outcode Regional Hub,https://waterhardness.uk/water-hardness/wf1,/water-hardness/wf1,WF1,Yorkshire Water,110,7.7,6
Outcode Regional Hub,https://waterhardness.uk/water-hardness/wf10,/water-hardness/wf10,WF10,Yorkshire Water,110,7.7,6
Outcode Regional Hub,https://waterhardness.uk/water-hardness/wf11,/water-hardness/wf11,WF11,Yorkshire Water,110,7.7,3
Outcode Regional Hub,https://waterhardness.uk/water-hardness/wf12,/water-hardness/wf12,WF12,Yorkshire Water,110,7.7,4
Outcode Regional Hub,https://waterhardness.uk/water-hardness/wf13,/water-hardness/wf13,WF13,Yorkshire Water,110,7.7,5
Outcode Regional Hub,https://waterhardness.uk/water-hardness/wf14,/water-hardness/wf14,WF14,Yorkshire Water,110,7.7,3
Outcode Regional Hub,https://waterhardness.uk/water-hardness/wf15,/water-hardness/wf15,WF15,Yorkshire Water,110,7.7,3
Outcode Regional Hub,https://waterhardness.uk/water-hardness/wf16,/water-hardness/wf16,WF16,Yorkshire Water,110,7.7,3
Outcode Regional Hub,https://waterhardness.uk/water-hardness/wf17,/water-hardness/wf17,WF17,Yorkshire Water,110,7.7,7
Outcode Regional Hub,https://waterhardness.uk/water-hardness/wf2,/water-hardness/wf2,WF2,Yorkshire Water,110,7.7,5
Outcode Regional Hub,https://waterhardness.uk/water-hardness/wf3,/water-hardness/wf3,WF3,Yorkshire Water,110,7.7,4
Outcode Regional Hub,https://waterhardness.uk/water-hardness/wf4,/water-hardness/wf4,WF4,Yorkshire Water,110,7.7,6
Outcode Regional Hub,https://waterhardness.uk/water-hardness/wf5,/water-hardness/wf5,WF5,Yorkshire Water,110,7.7,4
Outcode Regional Hub,https://waterhardness.uk/water-hardness/wf6,/water-hardness/wf6,WF6,Yorkshire Water,110,7.7,2
Outcode Regional Hub,https://waterhardness.uk/water-hardness/wf7,/water-hardness/wf7,WF7,Yorkshire Water,110,7.7,3
Outcode Regional Hub,https://waterhardness.uk/water-hardness/wf8,/water-hardness/wf8,WF8,Yorkshire Water,110,7.7,5
Outcode Regional Hub,https://waterhardness.uk/water-hardness/wf9,/water-hardness/wf9,WF9,Yorkshire Water,110,7.7,5
Outcode Regional Hub,https://waterhardness.uk/water-hardness/wf90,/water-hardness/wf90,WF90,Yorkshire Water,110,7.7,1
Outcode Regional Hub,https://waterhardness.uk/water-hardness/wn1,/water-hardness/wn1,WN1,United Utilities,45,3.2,4
Outcode Regional Hub,https://waterhardness.uk/water-hardness/wn2,/water-hardness/wn2,WN2,United Utilities,45,3.2,5
Outcode Regional Hub,https://waterhardness.uk/water-hardness/wn3,/water-hardness/wn3,WN3,United Utilities,45,3.2,3
Outcode Regional Hub,https://waterhardness.uk/water-hardness/wn4,/water-hardness/wn4,WN4,United Utilities,45,3.2,3
Outcode Regional Hub,https://waterhardness.uk/water-hardness/wn5,/water-hardness/wn5,WN5,United Utilities,45,3.2,4
Outcode Regional Hub,https://waterhardness.uk/water-hardness/wn6,/water-hardness/wn6,WN6,United Utilities,45,3.2,4
Outcode Regional Hub,https://waterhardness.uk/water-hardness/wn7,/water-hardness/wn7,WN7,United Utilities,45,3.2,6
Outcode Regional Hub,https://waterhardness.uk/water-hardness/wn8,/water-hardness/wn8,WN8,United Utilities,45,3.2,6
Outcode Regional Hub,https://waterhardness.uk/water-hardness/wr1,/water-hardness/wr1,WR1,Severn Trent Water,160,11.2,4
Outcode Regional Hub,https://waterhardness.uk/water-hardness/wr10,/water-hardness/wr10,WR10,Severn Trent Water,160,11.2,4
Outcode Regional Hub,https://waterhardness.uk/water-hardness/wr11,/water-hardness/wr11,WR11,Severn Trent Water,160,11.2,7
Outcode Regional Hub,https://waterhardness.uk/water-hardness/wr12,/water-hardness/wr12,WR12,Severn Trent Water,160,11.2,1
Outcode Regional Hub,https://waterhardness.uk/water-hardness/wr13,/water-hardness/wr13,WR13,Severn Trent Water,160,11.2,1
Outcode Regional Hub,https://waterhardness.uk/water-hardness/wr13,/water-hardness/wr13,WR13,Severn Trent / Hafren Dyfrdwy,150,10.5,1
Outcode Regional Hub,https://waterhardness.uk/water-hardness/wr14,/water-hardness/wr14,WR14,Severn Trent Water,160,11.2,5
Outcode Regional Hub,https://waterhardness.uk/water-hardness/wr15,/water-hardness/wr15,WR15,Severn Trent Water,160,11.2,1
Outcode Regional Hub,https://waterhardness.uk/water-hardness/wr2,/water-hardness/wr2,WR2,Severn Trent Water,160,11.2,3
Outcode Regional Hub,https://waterhardness.uk/water-hardness/wr3,/water-hardness/wr3,WR3,Severn Trent Water,160,11.2,2
Outcode Regional Hub,https://waterhardness.uk/water-hardness/wr4,/water-hardness/wr4,WR4,Severn Trent Water,160,11.2,3
Outcode Regional Hub,https://waterhardness.uk/water-hardness/wr5,/water-hardness/wr5,WR5,Severn Trent Water,160,11.2,3
Outcode Regional Hub,https://waterhardness.uk/water-hardness/wr6,/water-hardness/wr6,WR6,Severn Trent Water,160,11.2,2
Outcode Regional Hub,https://waterhardness.uk/water-hardness/wr7,/water-hardness/wr7,WR7,Severn Trent Water,160,11.2,1
Outcode Regional Hub,https://waterhardness.uk/water-hardness/wr8,/water-hardness/wr8,WR8,Severn Trent Water,160,11.2,2
Outcode Regional Hub,https://waterhardness.uk/water-hardness/wr9,/water-hardness/wr9,WR9,Severn Trent Water,160,11.2,5
Outcode Regional Hub,https://waterhardness.uk/water-hardness/wr99,/water-hardness/wr99,WR99,Severn Trent Water,160,11.2,2
Outcode Regional Hub,https://waterhardness.uk/water-hardness/ws1,/water-hardness/ws1,WS1,South Staffordshire Water,300,21,5
Outcode Regional Hub,https://waterhardness.uk/water-hardness/ws10,/water-hardness/ws10,WS10,South Staffordshire Water,300,21,5
Outcode Regional Hub,https://waterhardness.uk/water-hardness/ws11,/water-hardness/ws11,WS11,South Staffordshire Water,300,21,8
Outcode Regional Hub,https://waterhardness.uk/water-hardness/ws12,/water-hardness/ws12,WS12,South Staffordshire Water,300,21,6
Outcode Regional Hub,https://waterhardness.uk/water-hardness/ws13,/water-hardness/ws13,WS13,South Staffordshire Water,300,21,4
Outcode Regional Hub,https://waterhardness.uk/water-hardness/ws14,/water-hardness/ws14,WS14,South Staffordshire Water,300,21,3
Outcode Regional Hub,https://waterhardness.uk/water-hardness/ws15,/water-hardness/ws15,WS15,South Staffordshire Water,300,21,5
Outcode Regional Hub,https://waterhardness.uk/water-hardness/ws2,/water-hardness/ws2,WS2,South Staffordshire Water,300,21,3
Outcode Regional Hub,https://waterhardness.uk/water-hardness/ws2,/water-hardness/ws2,WS2,Severn Trent Water,160,11.2,1
Outcode Regional Hub,https://waterhardness.uk/water-hardness/ws3,/water-hardness/ws3,WS3,South Staffordshire Water,300,21,5
Outcode Regional Hub,https://waterhardness.uk/water-hardness/ws4,/water-hardness/ws4,WS4,South Staffordshire Water,300,21,2
Outcode Regional Hub,https://waterhardness.uk/water-hardness/ws5,/water-hardness/ws5,WS5,South Staffordshire Water,300,21,2
Outcode Regional Hub,https://waterhardness.uk/water-hardness/ws6,/water-hardness/ws6,WS6,South Staffordshire Water,300,21,3
Outcode Regional Hub,https://waterhardness.uk/water-hardness/ws7,/water-hardness/ws7,WS7,South Staffordshire Water,300,21,6
Outcode Regional Hub,https://waterhardness.uk/water-hardness/ws8,/water-hardness/ws8,WS8,South Staffordshire Water,300,21,2
Outcode Regional Hub,https://waterhardness.uk/water-hardness/ws9,/water-hardness/ws9,WS9,South Staffordshire Water,300,21,4
Outcode Regional Hub,https://waterhardness.uk/water-hardness/wv1,/water-hardness/wv1,WV1,Severn Trent Water,160,11.2,5
Outcode Regional Hub,https://waterhardness.uk/water-hardness/wv10,/water-hardness/wv10,WV10,Severn Trent Water,160,11.2,5
Outcode Regional Hub,https://waterhardness.uk/water-hardness/wv11,/water-hardness/wv11,WV11,Severn Trent Water,160,11.2,4
Outcode Regional Hub,https://waterhardness.uk/water-hardness/wv12,/water-hardness/wv12,WV12,Severn Trent Water,160,11.2,3
Outcode Regional Hub,https://waterhardness.uk/water-hardness/wv13,/water-hardness/wv13,WV13,Severn Trent Water,160,11.2,3
Outcode Regional Hub,https://waterhardness.uk/water-hardness/wv14,/water-hardness/wv14,WV14,Severn Trent Water,160,11.2,5
Outcode Regional Hub,https://waterhardness.uk/water-hardness/wv14,/water-hardness/wv14,WV14,South Staffordshire Water,300,21,1
Outcode Regional Hub,https://waterhardness.uk/water-hardness/wv15,/water-hardness/wv15,WV15,Severn Trent Water,160,11.2,2
Outcode Regional Hub,https://waterhardness.uk/water-hardness/wv16,/water-hardness/wv16,WV16,Severn Trent Water,160,11.2,4
Outcode Regional Hub,https://waterhardness.uk/water-hardness/wv2,/water-hardness/wv2,WV2,Severn Trent Water,160,11.2,4
Outcode Regional Hub,https://waterhardness.uk/water-hardness/wv3,/water-hardness/wv3,WV3,Severn Trent Water,160,11.2,4
Outcode Regional Hub,https://waterhardness.uk/water-hardness/wv4,/water-hardness/wv4,WV4,Severn Trent Water,160,11.2,3
Outcode Regional Hub,https://waterhardness.uk/water-hardness/wv5,/water-hardness/wv5,WV5,Severn Trent Water,160,11.2,5
Outcode Regional Hub,https://waterhardness.uk/water-hardness/wv6,/water-hardness/wv6,WV6,Severn Trent Water,160,11.2,5
Outcode Regional Hub,https://waterhardness.uk/water-hardness/wv7,/water-hardness/wv7,WV7,Severn Trent Water,160,11.2,1
Outcode Regional Hub,https://waterhardness.uk/water-hardness/wv8,/water-hardness/wv8,WV8,Severn Trent Water,160,11.2,2
Outcode Regional Hub,https://waterhardness.uk/water-hardness/wv9,/water-hardness/wv9,WV9,Severn Trent Water,160,11.2,1
Outcode Regional Hub,https://waterhardness.uk/water-hardness/wv98,/water-hardness/wv98,WV98,Severn Trent Water,160,11.2,1
Outcode Regional Hub,https://waterhardness.uk/water-hardness/wv98,/water-hardness/wv98,WV98,Northumbrian Water,130,9.1,1
Outcode Regional Hub,https://waterhardness.uk/water-hardness/wv99,/water-hardness/wv99,WV99,Severn Trent Water,160,11.2,2
Outcode Regional Hub,https://waterhardness.uk/water-hardness/yo1,/water-hardness/yo1,YO1,Yorkshire Water,110,7.7,5
Outcode Regional Hub,https://waterhardness.uk/water-hardness/yo10,/water-hardness/yo10,YO10,Yorkshire Water,110,7.7,3
Outcode Regional Hub,https://waterhardness.uk/water-hardness/yo11,/water-hardness/yo11,YO11,Yorkshire Water,110,7.7,4
Outcode Regional Hub,https://waterhardness.uk/water-hardness/yo12,/water-hardness/yo12,YO12,Yorkshire Water,110,7.7,4
Outcode Regional Hub,https://waterhardness.uk/water-hardness/yo13,/water-hardness/yo13,YO13,Yorkshire Water,110,7.7,2
Outcode Regional Hub,https://waterhardness.uk/water-hardness/yo14,/water-hardness/yo14,YO14,Yorkshire Water,110,7.7,2
Outcode Regional Hub,https://waterhardness.uk/water-hardness/yo15,/water-hardness/yo15,YO15,Yorkshire Water,110,7.7,4
Outcode Regional Hub,https://waterhardness.uk/water-hardness/yo16,/water-hardness/yo16,YO16,Yorkshire Water,110,7.7,3
Outcode Regional Hub,https://waterhardness.uk/water-hardness/yo17,/water-hardness/yo17,YO17,Yorkshire Water,110,7.7,5
Outcode Regional Hub,https://waterhardness.uk/water-hardness/yo18,/water-hardness/yo18,YO18,Yorkshire Water,110,7.7,3
Outcode Regional Hub,https://waterhardness.uk/water-hardness/yo19,/water-hardness/yo19,YO19,Yorkshire Water,110,7.7,3
Outcode Regional Hub,https://waterhardness.uk/water-hardness/yo21,/water-hardness/yo21,YO21,Yorkshire Water,110,7.7,4
Outcode Regional Hub,https://waterhardness.uk/water-hardness/yo22,/water-hardness/yo22,YO22,Yorkshire Water,110,7.7,2
Outcode Regional Hub,https://waterhardness.uk/water-hardness/yo23,/water-hardness/yo23,YO23,Yorkshire Water,110,7.7,4
Outcode Regional Hub,https://waterhardness.uk/water-hardness/yo24,/water-hardness/yo24,YO24,Yorkshire Water,110,7.7,4
Outcode Regional Hub,https://waterhardness.uk/water-hardness/yo25,/water-hardness/yo25,YO25,Yorkshire Water,110,7.7,7
Outcode Regional Hub,https://waterhardness.uk/water-hardness/yo26,/water-hardness/yo26,YO26,Yorkshire Water,110,7.7,7
Outcode Regional Hub,https://waterhardness.uk/water-hardness/yo30,/water-hardness/yo30,YO30,Yorkshire Water,110,7.7,6
Outcode Regional Hub,https://waterhardness.uk/water-hardness/yo31,/water-hardness/yo31,YO31,Yorkshire Water,110,7.7,6
Outcode Regional Hub,https://waterhardness.uk/water-hardness/yo32,/water-hardness/yo32,YO32,Yorkshire Water,110,7.7,5
Outcode Regional Hub,https://waterhardness.uk/water-hardness/yo41,/water-hardness/yo41,YO41,Yorkshire Water,110,7.7,3
Outcode Regional Hub,https://waterhardness.uk/water-hardness/yo42,/water-hardness/yo42,YO42,Yorkshire Water,110,7.7,4
Outcode Regional Hub,https://waterhardness.uk/water-hardness/yo43,/water-hardness/yo43,YO43,Yorkshire Water,110,7.7,2
Outcode Regional Hub,https://waterhardness.uk/water-hardness/yo51,/water-hardness/yo51,YO51,Yorkshire Water,110,7.7,1
Outcode Regional Hub,https://waterhardness.uk/water-hardness/yo60,/water-hardness/yo60,YO60,Yorkshire Water,110,7.7,2
Outcode Regional Hub,https://waterhardness.uk/water-hardness/yo61,/water-hardness/yo61,YO61,Yorkshire Water,110,7.7,4
Outcode Regional Hub,https://waterhardness.uk/water-hardness/yo62,/water-hardness/yo62,YO62,Yorkshire Water,110,7.7,4
Outcode Regional Hub,https://waterhardness.uk/water-hardness/yo7,/water-hardness/yo7,YO7,Yorkshire Water,110,7.7,5
Outcode Regional Hub,https://waterhardness.uk/water-hardness/yo8,/water-hardness/yo8,YO8,Yorkshire Water,110,7.7,7
Outcode Regional Hub,https://waterhardness.uk/water-hardness/yo90,/water-hardness/yo90,YO90,Yorkshire Water,110,7.7,1
Outcode Regional Hub,https://waterhardness.uk/water-hardness/ze1,/water-hardness/ze1,ZE1,Scottish Water,25,1.8,2
Outcode Regional Hub,https://waterhardness.uk/water-hardness/ze2,/water-hardness/ze2,ZE2,Scottish Water,25,1.8,1
Outcode Regional Hub,https://waterhardness.uk/water-hardness/ze3,/water-hardness/ze3,ZE3,Scottish Water,25,1.8,1